row_id,chemical_id,smiles,assay_id,endpoint,relation,value,unit,source_activity_id,source_document,source_year,pchembl_export,potential_duplicate,data_validity,record_origin
ACT-0001,CHEMBL3301610,CCN1CCN(Cc2ccc(Nc3ncc(F)c(-c4cc(F)c5nc(C)n(C(C)C)c5c4)n3)nc2)CC1,CHEMBL5736732,IC50,=,52.2,nM,28327037,CHEMBL5728430,2021,7.28,1,,public_measurement_reformatted
ACT-0002,CHEMBL5905735,Cc1nc2c(F)cc(-c3nc(Nc4ccc5c(n4)CCN(C(C)C)C5)ncc3F)cc2n1C(C)C,CHEMBL5736732,IC50,=,35,nM,28327046,CHEMBL5728430,2021,7.46,1,,public_measurement_reformatted
ACT-0003,CHEMBL5814867,CNCC(=O)N1CCc2nc(Nc3ncc(F)c(-c4cc(F)c5nc(C)n(C(C)C)c5c4)n3)ccc2C1,CHEMBL5736732,IC50,=,29.6,nM,28327055,CHEMBL5728430,2021,7.53,1,,public_measurement_reformatted
ACT-0004,CHEMBL4212532,Cc1nc2c(F)cc(-c3nc(Nc4ccc5c(n4)CCN(C(=O)CN(C)C)C5)ncc3F)cc2n1C(C)C,CHEMBL5736732,IC50,=,33.7,nM,28327064,CHEMBL5728430,2021,7.47,1,,public_measurement_reformatted
ACT-0005,CHEMBL6060984,COCC(=O)N1CCc2nc(Nc3ncc(F)c(-c4cc(F)c5nc(C)n(C(C)C)c5c4)n3)ccc2C1,CHEMBL5736732,IC50,=,28.7,nM,28327073,CHEMBL5728430,2021,7.54,0,,public_measurement_reformatted
ACT-0006,CHEMBL5813772,Cc1nc2c(F)cc(-c3nc(Nc4ccc5c(n4)CCN(C)C5)ncc3F)cc2n1C(C)C,CHEMBL5736732,IC50,=,15.5,nM,28327082,CHEMBL5728430,2021,7.81,1,,public_measurement_reformatted
ACT-0007,CHEMBL5844694,Cc1nc2c(F)cc(-c3nc(Nc4ccc5c(n4)CCN(C(=O)CCO)C5)ncc3F)cc2n1C(C)C,CHEMBL5736732,IC50,=,0.0134,uM,28327091,CHEMBL5728430,2021,7.87,1,,public_measurement_reformatted
ACT-0008,CHEMBL6017199,COC(=O)C(=O)N1CCc2nc(Nc3ncc(F)c(-c4cc(F)c5nc(C)n(C(C)C)c5c4)n3)ccc2C1,CHEMBL5736732,IC50,=,10.4,nM,28327100,CHEMBL5728430,2021,7.98,1,,public_measurement_reformatted
ACT-0009,CHEMBL5805137,Cc1nc2c(F)cc(-c3nc(Nc4ccc5c(n4)CCN(CC(F)(F)F)C5)ncc3F)cc2n1C(C)C,CHEMBL5736732,IC50,=,60.4,nM,28327109,CHEMBL5728430,2021,7.22,1,,public_measurement_reformatted
ACT-0010,CHEMBL5952864,Cc1nc2c(F)cc(-c3nc(Nc4ncc5c(n4)CCN(C(=O)CN(C)C)C5)ncc3F)cc2n1C(C)C,CHEMBL5736732,IC50,=,1090,nM,28327127,CHEMBL5728430,2021,5.96,0,,public_measurement_reformatted
ACT-0011,CHEMBL5894084,Cc1nc2c(F)cc(-c3nc(Nc4ccc5c(n4)CCN(C(=O)CN)C5)ncc3F)cc2n1C(C)C,CHEMBL5736732,IC50,=,37.2,nM,28327145,CHEMBL5728430,2021,7.43,0,,public_measurement_reformatted
ACT-0012,CHEMBL5935222,COC(=O)CN1CCc2nc(Nc3ncc(F)c(-c4cc(F)c5nc(C)n(C(C)C)c5c4)n3)ccc2C1,CHEMBL5736732,IC50,=,38.2,nM,28327154,CHEMBL5728430,2021,7.42,0,,public_measurement_reformatted
ACT-0013,CHEMBL5994315,Cc1nc2c(F)cc(-c3nc(Nc4ccc5c(n4)CCN(CC(=O)O)C5)ncc3F)cc2n1C(C)C,CHEMBL5736732,IC50,=,7.34e-09,M,28327163,CHEMBL5728430,2021,8.13,0,,public_measurement_reformatted
ACT-0014,CHEMBL5956369,Cc1nc2c(F)cc(-c3nc(Nc4ccc5c(n4)CCNC5)ncc3F)cc2n1C1CCCC1,CHEMBL5736732,IC50,=,0.128,uM,28327172,CHEMBL5728430,2021,6.89,1,,public_measurement_reformatted
ACT-0015,CHEMBL4206061,Cc1nc2c(F)cc(-c3nc(Nc4ccc5c(n4)CCN(C(=O)CN4CCN(C)CC4)C5)ncc3F)cc2n1C(C)C,CHEMBL5736732,IC50,=,14.8,nM,28327190,CHEMBL5728430,2021,7.83,0,,public_measurement_reformatted
ACT-0016,CHEMBL5763679,Cc1nc2c(F)cc(-c3nc(Nc4ccc5c(n4)CCN(C(=O)CN4CCOCC4)C5)ncc3F)cc2n1C(C)C,CHEMBL5736732,IC50,=,31.1,nM,28327199,CHEMBL5728430,2021,7.51,1,,public_measurement_reformatted
ACT-0017,CHEMBL5784667,Cc1nc2c(F)cc(-c3nc(Nc4ccc5c(n4)CCN(C(=O)C(C)N(C)C)C5)ncc3F)cc2n1C(C)C,CHEMBL5736732,IC50,=,57.9,nM,28327208,CHEMBL5728430,2021,7.24,1,,public_measurement_reformatted
ACT-0018,CHEMBL5833493,Cc1nc2c(F)cc(-c3nc(Nc4ccc5c(n4)CCN(C(=O)CC(C)(C)O)C5)ncc3F)cc2n1C(C)C,CHEMBL5736732,IC50,=,37.2,nM,28327217,CHEMBL5728430,2021,7.43,1,,public_measurement_reformatted
ACT-0019,CHEMBL5775992,Cc1nc2c(F)cc(-c3nc(Nc4ccc5c(n4)CCN(C(=O)C(C)(C)N(C)C)C5)ncc3F)cc2n1C(C)C,CHEMBL5736732,IC50,=,151,nM,28327226,CHEMBL5728430,2021,6.82,1,,public_measurement_reformatted
ACT-0020,CHEMBL6021833,Cc1nc2c(F)cc(-c3nc(Nc4ccc5c(n4)CCNC5)ncc3F)cc2n1C1CC1,CHEMBL5736732,IC50,=,143,nM,28327235,CHEMBL5728430,2021,6.84,1,,public_measurement_reformatted
ACT-0021,CHEMBL5932825,Cc1nc2c(F)cc(-c3nc(Nc4ccc5c(n4)CCN(C(=O)CN(C)C)C5)ncc3F)cc2n1C1CC1,CHEMBL5736732,IC50,=,0.304,uM,28327244,CHEMBL5728430,2021,6.52,1,,public_measurement_reformatted
ACT-0022,CHEMBL6012656,Cc1nc2c(F)cc(-c3nc(Nc4ccc5c(n4)CCN(C(=O)CN4CCOCC4)C5)ncc3F)cc2n1C1CC1,CHEMBL5736732,IC50,=,154,nM,28327253,CHEMBL5728430,2021,6.81,0,,public_measurement_reformatted
ACT-0023,CHEMBL5899535,Cc1nc2c(F)cc(-c3nc(Nc4ccc5c(n4)CCN(C(=O)C4CC(O)C4)C5)ncc3F)cc2n1C(C)C,CHEMBL5736732,IC50,=,20.4,nM,28327262,CHEMBL5728430,2021,7.69,0,,public_measurement_reformatted
ACT-0024,CHEMBL5941223,Cc1nc2c(F)cc(-c3nc(Nc4ccc5c(n4)CCNC5)ncc3F)cc2n1C1CCC(C)CC1,CHEMBL5736732,IC50,=,65.5,nM,28327280,CHEMBL5728430,2021,7.18,1,,public_measurement_reformatted
ACT-0025,CHEMBL5970937,CNCC(=O)N1CCc2nc(Nc3ncc(F)c(-c4cc(F)c5nc(C)n(C6CCC(C)CC6)c5c4)n3)ccc2C1,CHEMBL5736732,IC50,=,89.7,nM,28327289,CHEMBL5728430,2021,7.05,1,,public_measurement_reformatted
ACT-0026,CHEMBL5943083,Cc1nc2c(F)cc(-c3nc(Nc4ccc5c(n4)CCN(C(=O)CN(C)C)C5)ncc3F)cc2n1C1CCC(C)CC1,CHEMBL5736732,IC50,=,8.76e-08,M,28327298,CHEMBL5728430,2021,7.06,1,,public_measurement_reformatted
ACT-0027,CHEMBL5832188,Cc1nc2c(F)cc(-c3nc(Nc4ccc5c(n4)CCN(C(=O)CN(C)C)C5)ncc3F)cc2n1C1CCCCC1,CHEMBL5736732,IC50,=,281,nM,28327307,CHEMBL5728430,2021,6.55,1,,public_measurement_reformatted
ACT-0028,CHEMBL6044246,Cc1nc2c(F)cc(-c3nc(Nc4ccc5c(n4)CCN(CC(=O)N(C)C)C5)ncc3F)cc2n1C1CC1,CHEMBL5736732,IC50,=,0.413,uM,28327316,CHEMBL5728430,2021,6.38,0,,public_measurement_reformatted
ACT-0029,CHEMBL5947385,C=CC(=O)N1CCc2nc(Nc3ncc(F)c(-c4cc(F)c5nc(C)n(C(C)C)c5c4)n3)ccc2C1,CHEMBL5736732,IC50,=,32.3,nM,28327325,CHEMBL5728430,2021,7.49,1,,public_measurement_reformatted
ACT-0030,CHEMBL5976927,Cc1nc2c(F)cc(-c3nc(Nc4ccc5c(n4)CCN(C(=O)C4CC(N)C4)C5)ncc3F)cc2n1C(C)C,CHEMBL5736732,IC50,=,40.6,nM,28327343,CHEMBL5728430,2021,7.39,1,,public_measurement_reformatted
ACT-0031,CHEMBL5881472,Cc1nc2c(C(F)(F)F)cc(-c3nc(Nc4ccc5c(n4)CCNC5)ncc3F)cc2n1C(C)C,CHEMBL5736732,IC50,>,3330,nM,28327352,CHEMBL5728430,2021,,1,,public_measurement_reformatted
ACT-0032,CHEMBL6019056,CNC1CC(C(=O)N2CCc3nc(Nc4ncc(F)c(-c5cc(F)c6nc(C)n(C(C)C)c6c5)n4)ccc3C2)C1,CHEMBL5736732,IC50,=,84.3,nM,28327361,CHEMBL5728430,2021,7.07,1,,public_measurement_reformatted
ACT-0033,CHEMBL5870326,Cc1nc2c(F)cc(-c3nc(Nc4ccc5c(n4)CCN(C(=O)NCCN(C)C)C5)ncc3F)cc2n1C1CC1,CHEMBL5736732,IC50,=,122,nM,28327370,CHEMBL5728430,2021,6.91,1,,public_measurement_reformatted
ACT-0034,CHEMBL5976683,Cc1nc2c(F)cc(-c3nc(Nc4ccc5c(n4)CCN(C(=O)NCCN(C)C)C5)ncc3F)cc2n1C(C)C,CHEMBL5736732,IC50,=,54.1,nM,28327379,CHEMBL5728430,2021,7.27,1,,public_measurement_reformatted
ACT-0035,CHEMBL5999796,Cc1nc2c(F)cc(-c3nc(Nc4ccc5c(n4)CCN(C(C)C)C5)ncc3F)cc2n1C1CC1,CHEMBL5736732,IC50,=,0.71,uM,28327388,CHEMBL5728430,2021,6.15,1,,public_measurement_reformatted
ACT-0036,CHEMBL5774515,Cc1nc2c(F)cc(-c3nc(Nc4ccc5c(n4)CCN(C(=O)OCCN(C)C)C5)ncc3F)cc2n1C1CC1,CHEMBL5736732,IC50,=,346,nM,28327397,CHEMBL5728430,2021,6.46,1,,public_measurement_reformatted
ACT-0037,CHEMBL5832698,Cc1nc2c(F)cc(-c3nc(Nc4ccc5c(n4)CCN(C(=O)[C@@H](C)N(C)C)C5)ncc3F)cc2n1C1CC1,CHEMBL5736732,IC50,=,559,nM,28327406,CHEMBL5728430,2021,6.25,1,,public_measurement_reformatted
ACT-0038,CHEMBL5884004,Cc1nc2c(F)cc(-c3nc(Nc4ccc5c(n4)CCN(C(=O)[C@H](C)N(C)C)C5)ncc3F)cc2n1C1CC1,CHEMBL5736732,IC50,=,91,nM,28327415,CHEMBL5728430,2021,7.04,1,,public_measurement_reformatted
ACT-0039,CHEMBL5894670,Cc1nc2c(F)cc(-c3nc(Nc4ccc5c(n4)CCN(C(=O)NCCO)C5)ncc3F)cc2n1C(C)C,CHEMBL5736732,IC50,=,2.82e-08,M,28327424,CHEMBL5728430,2021,7.55,1,,public_measurement_reformatted
ACT-0040,CHEMBL5950277,Cc1nc2c(F)cc(-c3nc(Nc4ccc5c(n4)CCN(C(=O)NCCO)C5)ncc3F)cc2n1C1CC1,CHEMBL5736732,IC50,=,334,nM,28327433,CHEMBL5728430,2021,6.48,1,,public_measurement_reformatted
ACT-0041,CHEMBL5879318,CNCC(=O)N1CCc2nc(Nc3ncc(F)c(-c4cc(F)c5nc(C)n(C6CCC6)c5c4)n3)ccc2C1,CHEMBL5736732,IC50,=,129,nM,28327442,CHEMBL5728430,2021,6.89,1,,public_measurement_reformatted
ACT-0042,CHEMBL4455210,Cc1nc2c(F)cc(-c3nc(Nc4ccc5c(n4)CCN(CCN(C)C)C5)ncc3F)cc2n1C1CC1,CHEMBL5736732,IC50,=,0.7,uM,28327451,CHEMBL5728430,2021,6.16,1,,public_measurement_reformatted
ACT-0043,CHEMBL5883845,Cc1nc2c(F)cc(-c3nc(Nc4ccc5c(n4)CCN(C(=O)CN(C)C)C5)ncc3F)cc2n1C1CCC1,CHEMBL5736732,IC50,=,294,nM,28327469,CHEMBL5728430,2021,6.53,0,,public_measurement_reformatted
ACT-0044,CHEMBL5888788,Cc1nc2c(F)cc(-c3nc(Nc4ccc5c(n4)CCN(C(=O)CN(C)C)C5)ncc3F)cc2n1CC1CC1,CHEMBL5736732,IC50,=,79.4,nM,28327478,CHEMBL5728430,2021,7.10,1,,public_measurement_reformatted
ACT-0045,CHEMBL5950426,Cc1nc2c(F)cc(-c3nc(Nc4ccc5c(n4)CCN(C(=O)N(C)CCN(C)C)C5)ncc3F)cc2n1C1CC1,CHEMBL5736732,IC50,=,364,nM,28327487,CHEMBL5728430,2021,6.44,1,,public_measurement_reformatted
ACT-0046,CHEMBL5856237,Cc1nc2c(F)cc(-c3nc(Nc4ccc5c(n4)CCN(C(=O)[C@@H](C)N(C)C)C5)ncc3F)cc2n1C(C)C,CHEMBL5736732,IC50,=,28.3,nM,28327496,CHEMBL5728430,2021,7.55,1,,public_measurement_reformatted
ACT-0047,CHEMBL4448494,Cc1nc2c(F)cc(-c3nc(Nc4ccc5c(n4)CCN(CCN(C)C)C5)ncc3F)cc2n1C(C)C,CHEMBL5736732,IC50,=,47.7,nM,28327505,CHEMBL5728430,2021,7.32,1,,public_measurement_reformatted
ACT-0048,CHEMBL6047483,Cc1nc2c(O)cc(-c3nc(Nc4ccc5c(n4)CCN(C(=O)CN(C)C)C5)ncc3F)cc2n1C1CC1,CHEMBL5736732,IC50,>,1020,nM,28327514,CHEMBL5728430,2021,,0,,public_measurement_reformatted
ACT-0049,CHEMBL6014795,Cc1nc2c(F)cc(-c3nc(Nc4ccc5c(n4)CCN(C(=O)C4CCCN4)C5)ncc3F)cc2n1C1CC1,CHEMBL5736732,IC50,>,3.47,uM,28327523,CHEMBL5728430,2021,,1,,public_measurement_reformatted
ACT-0050,CHEMBL5787921,CN[C@H](C)C(=O)N1CCc2nc(Nc3ncc(F)c(-c4cc(F)c5nc(C)n(C6CC6)c5c4)n3)ccc2C1,CHEMBL5736732,IC50,=,661,nM,28327532,CHEMBL5728430,2021,6.18,1,,public_measurement_reformatted
ACT-0051,CHEMBL6038282,Cc1nc2c(F)cc(-c3nc(Nc4ccc5c(n4)CCN(C(=O)[C@@H]4CCCN4)C5)ncc3F)cc2n1C1CC1,CHEMBL5736732,IC50,=,212,nM,28327541,CHEMBL5728430,2021,6.67,0,,public_measurement_reformatted
ACT-0052,CHEMBL4466497,Cc1nc2c(F)cc(-c3nc(Nc4ccc5c(n4)CCN(CCN(C)C)C5)ncc3F)cc2n1C(C)(C)C,CHEMBL5736732,IC50,=,5.49e-08,M,28327559,CHEMBL5728430,2021,7.26,1,,public_measurement_reformatted
ACT-0053,CHEMBL5757213,Cc1nc2c(F)cc(-c3nc(Nc4ccc5c(n4)CCN(CCCN(C)C)C5)ncc3F)cc2n1C1CC1,CHEMBL5736732,IC50,=,1490,nM,28327568,CHEMBL5728430,2021,5.83,1,,public_measurement_reformatted
ACT-0054,CHEMBL4463716,C#CCN(C)CCN1CCc2nc(Nc3ncc(F)c(-c4cc(F)c5nc(C)n(C(C)C)c5c4)n3)ccc2C1,CHEMBL5736732,IC50,=,167,nM,28327577,CHEMBL5728430,2021,6.78,1,,public_measurement_reformatted
ACT-0055,CHEMBL5774473,C#CCN1CCC(N2CCc3nc(Nc4ncc(F)c(-c5cc(F)c6nc(C)n(C(C)C)c6c5)n4)ccc3C2)C1,CHEMBL5736732,IC50,=,110,nM,28327586,CHEMBL5728430,2021,6.96,0,,public_measurement_reformatted
ACT-0056,CHEMBL5754925,Cc1nc2c(F)cc(-c3nc(Nc4ccc5c(n4)CCN(C[C@@H](O)CN(C)C)C5)ncc3F)cc2n1C1CC1,CHEMBL5736732,IC50,=,0.371,uM,28327595,CHEMBL5728430,2021,6.43,1,,public_measurement_reformatted
ACT-0057,CHEMBL5872006,Cc1nc2c(F)cc(-c3nc(Nc4ccc5c(n4)CCN(C[C@H]4CCCN4C)C5)ncc3F)cc2n1C1CC1,CHEMBL5736732,IC50,=,317,nM,28327604,CHEMBL5728430,2021,6.50,1,,public_measurement_reformatted
ACT-0058,CHEMBL5972036,C#CCN1CCCC1CN1CCc2nc(Nc3ncc(F)c(-c4cc(F)c5nc(C)n(C(C)C)c5c4)n3)ccc2C1,CHEMBL5736732,IC50,=,74.9,nM,28327613,CHEMBL5728430,2021,7.13,1,,public_measurement_reformatted
ACT-0059,CHEMBL5762588,Cc1nc2c(F)cc(-c3nc(Nc4ccc5c(n4)CCN(CC(C)(C)N)C5)ncc3F)cc2n1C1CC1,CHEMBL5736732,IC50,=,567,nM,28327640,CHEMBL5728430,2021,6.25,1,,public_measurement_reformatted
ACT-0060,CHEMBL5976517,Cc1nc2c(F)cc(-c3nc(Nc4ccc5c(n4)CCN(CC#CCN(C)C)C5)ncc3F)cc2n1C(C)C,CHEMBL5736732,IC50,=,35.5,nM,28327649,CHEMBL5728430,2021,7.45,1,,public_measurement_reformatted
ACT-0061,CHEMBL6007400,Cc1nc2c(F)cc(-c3nc(Nc4ccc5c(n4)CCN(C[C@@H](C)N(C)C)C5)ncc3F)cc2n1C1CC1,CHEMBL5736732,IC50,=,647,nM,28327658,CHEMBL5728430,2021,6.19,1,,public_measurement_reformatted
ACT-0062,CHEMBL5964401,CCC(CC)n1c(C)nc2c(F)cc(-c3nc(Nc4ccc5c(n4)CCNC5)ncc3F)cc21,CHEMBL5736732,IC50,=,16.5,nM,28327676,CHEMBL5728430,2021,7.78,1,,public_measurement_reformatted
ACT-0063,CHEMBL4462493,CCC(CC)n1c(C)nc2c(F)cc(-c3nc(Nc4ccc5c(n4)CCN(CCN(C)C)C5)ncc3F)cc21,CHEMBL5736732,IC50,=,0.0174,uM,28327685,CHEMBL5728430,2021,7.76,1,,public_measurement_reformatted
ACT-0064,CHEMBL5865665,Cc1nc2c(F)cc(-c3nc(Nc4ccc5c(n4)CCNC5)ncc3F)cc2n1C(C)C1CC1,CHEMBL5736732,IC50,=,15,nM,28327694,CHEMBL5728430,2021,7.82,1,,public_measurement_reformatted
ACT-0065,CHEMBL5925248,Cc1nc2c(F)cc(-c3nc(Nc4ccc5c(n4)CCN(C[C@H](C)N(C)C)C5)ncc3F)cc2n1C1CC1,CHEMBL5736732,IC50,=,1.35e-07,M,28327703,CHEMBL5728430,2021,6.87,1,,public_measurement_reformatted
ACT-0066,CHEMBL4550287,Cc1nc2c(F)cc(-c3nc(Nc4ccc5c(n4)CCN(CCN(C)C)C5)ncc3F)cc2n1C(C)C1CC1,CHEMBL5736732,IC50,=,16.3,nM,28327712,CHEMBL5728430,2021,7.79,1,,public_measurement_reformatted
ACT-0067,CHEMBL5886747,Cc1nc2c(F)cc(-c3nc(Nc4ccc5c(n4)CCNC5)ncc3F)cc2n1C1(C)CC1,CHEMBL5736732,IC50,=,10.3,nM,28327721,CHEMBL5728430,2021,7.99,1,,public_measurement_reformatted
ACT-0068,CHEMBL4542247,Cc1nc2c(F)cc(-c3nc(Nc4ccc5c(n4)CCN(CCN(C)C)C5)ncc3F)cc2n1C1(C)CC1,CHEMBL5736732,IC50,=,16.3,nM,28327730,CHEMBL5728430,2021,7.79,1,,public_measurement_reformatted
ACT-0069,CHEMBL5888813,Cc1nc2c(F)cc(-c3nc(Nc4ccc5c(n4)CCN(CC[Si](C)(C)C)C5)ncc3F)cc2n1C(C)C,CHEMBL5736732,IC50,=,62.4,nM,28327739,CHEMBL5728430,2021,7.21,1,,public_measurement_reformatted
ACT-0070,CHEMBL5911327,Cc1nc2c(F)cc(-c3nc(Nc4ccc5c(n4)CCN(CCCN(C)C)C5)ncc3F)cc2n1C(C)(C)C,CHEMBL5736732,IC50,=,0.0285,uM,28327748,CHEMBL5728430,2021,7.54,1,,public_measurement_reformatted
ACT-0071,CHEMBL4463172,Cc1nc2c(F)cc(-c3nc(Nc4ccc5c(n4)CCN(CCN(C)C(=N)N)C5)ncc3F)cc2n1C(C)C,CHEMBL5736732,IC50,=,16.3,nM,28327757,CHEMBL5728430,2021,7.79,1,,public_measurement_reformatted
ACT-0072,CHEMBL5830076,Cc1nc2c(F)cc(-c3nc(Nc4ccc5c(n4)CCN(C(=O)CCN(C)C)C5)ncc3F)cc2n1C(C)(C)C,CHEMBL5736732,IC50,=,14.3,nM,28327766,CHEMBL5728430,2021,7.84,1,,public_measurement_reformatted
ACT-0073,CHEMBL5869281,Cc1nc2c(F)cc(-c3nc(Nc4ccc5c(n4)CCN(C[C@H]4CN(C)CCO4)C5)ncc3F)cc2n1C(C)(C)C,CHEMBL5736732,IC50,=,16.3,nM,28327775,CHEMBL5728430,2021,7.79,1,,public_measurement_reformatted
ACT-0074,CHEMBL5774332,Cc1nc2c(F)cc(-c3nc(Nc4ccc5c(n4)CCN(C[C@@H]4CN(C)CCO4)C5)ncc3F)cc2n1C(C)(C)C,CHEMBL5736732,IC50,=,10.3,nM,28327784,CHEMBL5728430,2021,7.99,1,,public_measurement_reformatted
ACT-0075,CHEMBL6020156,Cc1nc2c(F)cc(-c3nc(Nc4ccc5c(n4)CCN(C/C=N/O)C5)ncc3F)cc2n1C(C)C,CHEMBL5736732,IC50,=,6.02,nM,28327793,CHEMBL5728430,2021,8.22,1,,public_measurement_reformatted
ACT-0076,CHEMBL6031262,C/C(=N/O)N(C)CCN1CCc2nc(Nc3ncc(F)c(-c4cc(F)c5nc(C)n(C(C)C)c5c4)n3)ccc2C1,CHEMBL5736732,IC50,=,15,nM,28327802,CHEMBL5728430,2021,7.82,0,,public_measurement_reformatted
ACT-0077,CHEMBL5755607,Cc1nc2c(F)cc(-c3nc(Nc4ccc5c(n4)CCN(CCN=C(N)N)C5)ncc3F)cc2n1C(C)C,CHEMBL5736732,IC50,=,0.67,uM,28327811,CHEMBL5728430,2021,6.17,0,,public_measurement_reformatted
ACT-0078,CHEMBL4438059,Cc1nc2c(F)cc(-c3nc(Nc4ccc5c(n4)CCN(CCN(C)C)C5)ncc3F)cc2n1C1CCCCC1,CHEMBL5736732,IC50,=,1.92e-08,M,28327829,CHEMBL5728430,2021,7.72,1,,public_measurement_reformatted
ACT-0079,CHEMBL6013826,Cc1nc2c(F)cc(-c3nc(Nc4ccc5c(n4)CCN(CCN(C)C)[C@H]5C)ncc3F)cc2n1C(C)(C)C,CHEMBL5736732,IC50,=,23.8,nM,28327838,CHEMBL5728430,2021,7.62,1,,public_measurement_reformatted
ACT-0080,CHEMBL6009610,Cc1nc2c(F)cc(-c3nc(Nc4ccc5c(n4)CCN(CCN(C)C)[C@@H]5C)ncc3F)cc2n1C(C)(C)C,CHEMBL5736732,IC50,=,31.1,nM,28327847,CHEMBL5728430,2021,7.51,0,,public_measurement_reformatted
ACT-0081,CHEMBL6013826,Cc1nc2c(F)cc(-c3nc(Nc4ccc5c(n4)CCN(CCN(C)C)[C@H]5C)ncc3F)cc2n1C(C)(C)C,CHEMBL5736732,IC50,=,83.3,nM,28327856,CHEMBL5728430,2021,7.08,1,,public_measurement_reformatted
ACT-0082,CHEMBL4461442,Cc1nc2c(F)cc(-c3nc(Nc4ccc5c(n4)CCN(CCN(C)P(C)(C)=O)C5)ncc3F)cc2n1C(C)C,CHEMBL5736732,IC50,=,135,nM,28327865,CHEMBL5728430,2021,6.87,1,,public_measurement_reformatted
ACT-0083,CHEMBL5950534,Cc1nc2c(F)cc(-c3nc(Nc4ccc5c(n4)C[C@@H](C)NC5)ncc3F)cc2n1C(C)(C)C,CHEMBL5736732,IC50,=,30.7,nM,28327883,CHEMBL5728430,2021,7.51,1,,public_measurement_reformatted
ACT-0084,CHEMBL4438497,Cc1nc2c(F)cc(-c3nc(Nc4ccc5c(n4)CCN(CCN(C)C(N)=S)C5)ncc3F)cc2n1C(C)C,CHEMBL5736732,IC50,=,0.0145,uM,28327892,CHEMBL5728430,2021,7.84,1,,public_measurement_reformatted
ACT-0085,CHEMBL5950534,Cc1nc2c(F)cc(-c3nc(Nc4ccc5c(n4)C[C@@H](C)NC5)ncc3F)cc2n1C(C)(C)C,CHEMBL5736732,IC50,=,11.2,nM,28327901,CHEMBL5728430,2021,7.95,1,,public_measurement_reformatted
ACT-0086,CHEMBL6058303,Cc1nc2c(F)cc(-c3nc(Nc4ccc5c(n4)C[C@H](C)N(CCN(C)C)C5)ncc3F)cc2n1C(C)(C)C,CHEMBL5736732,IC50,=,44.9,nM,28327910,CHEMBL5728430,2021,7.35,0,,public_measurement_reformatted
ACT-0087,CHEMBL5775091,Cc1nc2c(F)cc(-c3nc(Nc4ccc5c(n4)CCN(CCS(C)(=O)=NC#N)C5)ncc3F)cc2n1C(C)C,CHEMBL5736732,IC50,=,23.6,nM,28327919,CHEMBL5728430,2021,7.63,0,,public_measurement_reformatted
ACT-0088,CHEMBL4449998,Cc1nc2c(F)cc(-c3nc(Nc4ccc5c(n4)CCN(CCN(C)C)C5)ncc3F)cc2n1CC1CC1,CHEMBL5736732,IC50,=,232,nM,28327928,CHEMBL5728430,2021,6.63,1,,public_measurement_reformatted
ACT-0089,CHEMBL5832698,Cc1nc2c(F)cc(-c3nc(Nc4ccc5c(n4)CCN(C(=O)[C@@H](C)N(C)C)C5)ncc3F)cc2n1C1CC1,CHEMBL5736732,IC50,=,444,nM,28327937,CHEMBL5728430,2021,6.35,1,,public_measurement_reformatted
ACT-0090,CHEMBL5994564,Cc1nc2c(F)cc(-c3nc(Nc4ccc5c(n4)CCN(C[C@@H]4CCCN4C)C5)ncc3F)cc2n1C1CC1,CHEMBL5736732,IC50,=,28.5,nM,28327964,CHEMBL5728430,2021,7.54,1,,public_measurement_reformatted
ACT-0091,CHEMBL5755607,Cc1nc2c(F)cc(-c3nc(Nc4ccc5c(n4)CCN(CCN=C(N)N)C5)ncc3F)cc2n1C(C)C,CHEMBL5736732,IC50,=,0.0194,uM,28327973,CHEMBL5728430,2021,7.71,1,,public_measurement_reformatted
ACT-0092,CHEMBL4463874,Cc1nc2c(F)cc(-c3nc(Nc4ccc5c(n4)CCN(CCN(C)CCNC(=N)N)C5)ncc3F)cc2n1C(C)C,CHEMBL5736732,IC50,=,78.2,nM,28327982,CHEMBL5728430,2021,7.11,1,,public_measurement_reformatted
ACT-0093,CHEMBL4439999,Cc1nc2c(F)cc(-c3nc(Nc4ccc5c(n4)CCN(CCN(C)CC[Si](C)(C)C)C5)ncc3F)cc2n1C(C)C,CHEMBL5736732,IC50,=,25.1,nM,28327991,CHEMBL5728430,2021,7.60,1,,public_measurement_reformatted
ACT-0094,CHEMBL4461579,Cc1nc2c(F)cc(-c3nc(Nc4ccc5c(n4)CCN(CCN(C)C(=S)n4ccnc4)C5)ncc3F)cc2n1C(C)C,CHEMBL5736732,IC50,=,147,nM,28328000,CHEMBL5728430,2021,6.83,1,,public_measurement_reformatted
ACT-0095,CHEMBL6033665,Cc1nc2c(F)cc(-c3nc(Nc4ccc5c(n4)CCNC5)ncc3F)cc2n1C,CHEMBL5736732,IC50,=,486,nM,28328009,CHEMBL5728430,2021,6.31,1,,public_measurement_reformatted
ACT-0096,CHEMBL4458266,Cc1nc2c(F)cc(-c3nc(Nc4ccc5c(n4)CCN(CCN(C)C)C5)ncc3F)cc2n1C,CHEMBL5736732,IC50,>,3330,nM,28328027,CHEMBL5728430,2021,,1,,public_measurement_reformatted
ACT-0097,CHEMBL5900599,CCn1c(C)nc2c(F)cc(-c3nc(Nc4ccc5c(n4)CCNC5)ncc3F)cc21,CHEMBL5736732,IC50,=,126,nM,28328036,CHEMBL5728430,2021,6.90,0,,public_measurement_reformatted
ACT-0098,CHEMBL4445727,CCn1c(C)nc2c(F)cc(-c3nc(Nc4ccc5c(n4)CCN(CCN(C)C)C5)ncc3F)cc21,CHEMBL5736732,IC50,=,0.358,uM,28328045,CHEMBL5728430,2021,6.45,1,,public_measurement_reformatted
ACT-0099,CHEMBL5935906,CNCCN1CCc2nc(Nc3ncc(F)c(-c4cc(F)c5nc(C)n(C6CC6)c5c4)n3)ccc2C1,CHEMBL5736732,IC50,=,301,nM,28328054,CHEMBL5728430,2021,6.52,1,,public_measurement_reformatted
ACT-0100,CHEMBL5816005,Cc1nc2c(F)cc(-c3nc(Nc4ccc5c(n4)CCN(CCN4CCOCC4)C5)ncc3F)cc2n1C(C)(C)C,CHEMBL5736732,IC50,=,42.8,nM,28328063,CHEMBL5728430,2021,7.37,1,,public_measurement_reformatted
ACT-0101,CHEMBL5979966,Cc1nc2c(F)cc(-c3nc(Nc4ccc5c(n4)CCN(CCN4CCN(C)CC4)C5)ncc3F)cc2n1C(C)(C)C,CHEMBL5736732,IC50,=,39.6,nM,28328072,CHEMBL5728430,2021,7.40,1,,public_measurement_reformatted
ACT-0102,CHEMBL6002613,Cc1nc2c(F)cc(-c3nc(Nc4ccc5c(n4)CCN(CCN4CCP(C)(=O)CC4)C5)ncc3F)cc2n1C(C)(C)C,CHEMBL5736732,IC50,=,67,nM,28328081,CHEMBL5728430,2021,7.17,1,,public_measurement_reformatted
ACT-0103,CHEMBL5834090,Cc1nc2c(F)cc(-c3nc(Nc4ccc5c(n4)CCN(CCN(C)CCO)C5)ncc3F)cc2n1C(C)(C)C,CHEMBL5736732,IC50,=,48.4,nM,28328090,CHEMBL5728430,2021,7.32,1,,public_measurement_reformatted
ACT-0104,CHEMBL5983466,Cc1nc2c(F)cc(-c3nc(Nc4ccc5c(n4)CCN(CCN(C)CCN(C)C)C5)ncc3F)cc2n1C(C)(C)C,CHEMBL5736732,IC50,=,7.31e-08,M,28328099,CHEMBL5728430,2021,7.14,1,,public_measurement_reformatted
ACT-0105,CHEMBL5921721,Cc1nc2c(F)cc(-c3nc(Nc4ccc5c(n4)CCN(CCN(C)CC[Si](C)(C)C)C5)ncc3F)cc2n1C(C)(C)C,CHEMBL5736732,IC50,=,0.0346,uM,28328108,CHEMBL5728430,2021,7.46,1,,public_measurement_reformatted
ACT-0106,CHEMBL5981008,CC(=N)NCCN1CCc2nc(Nc3ncc(F)c(-c4cc(F)c5nc(C)n(C(C)C)c5c4)n3)ccc2C1,CHEMBL5736732,IC50,=,21,nM,28328117,CHEMBL5728430,2021,7.68,1,,public_measurement_reformatted
ACT-0107,CHEMBL6002674,CNCCN1CCc2nc(Nc3ncc(F)c(-c4cc(F)c5nc(C)n(C(C)(C)C)c5c4)n3)ccc2C1,CHEMBL5736732,IC50,=,6.68,nM,28328126,CHEMBL5728430,2021,8.18,1,,public_measurement_reformatted
ACT-0108,CHEMBL5845923,CCOP(=O)(OCC)C1(O)CCN(CCN2CCc3nc(Nc4ncc(F)c(-c5cc(F)c6nc(C)n(C(C)(C)C)c6c5)n4)ccc3C2)C1,CHEMBL5736732,IC50,=,60.2,nM,28328144,CHEMBL5728430,2021,7.22,1,,public_measurement_reformatted
ACT-0109,CHEMBL5953254,Cc1nc2c(F)cc(-c3nc(Nc4ccc5c(n4)CCN(CCN(C)CCP(=O)(O)O)C5)ncc3F)cc2n1C(C)(C)C,CHEMBL5736732,IC50,=,27.6,nM,28328153,CHEMBL5728430,2021,7.56,1,,public_measurement_reformatted
ACT-0110,CHEMBL5772567,CCOP(=O)(CCN(C)CCN1CCc2nc(Nc3ncc(F)c(-c4cc(F)c5nc(C)n(C(C)(C)C)c5c4)n3)ccc2C1)OCC,CHEMBL5736732,IC50,=,59.3,nM,28328162,CHEMBL5728430,2021,7.23,1,,public_measurement_reformatted
ACT-0111,CHEMBL5751847,Cc1nc2c(F)cc(-c3nc(Nc4ccc5c(n4)CCN(CC(N)=NO)C5)ncc3F)cc2n1C(C)(C)C,CHEMBL5736732,IC50,=,27,nM,28328171,CHEMBL5728430,2021,7.57,1,,public_measurement_reformatted
ACT-0112,CHEMBL6031262,C/C(=N/O)N(C)CCN1CCc2nc(Nc3ncc(F)c(-c4cc(F)c5nc(C)n(C(C)C)c5c4)n3)ccc2C1,CHEMBL5736732,IC50,=,0.0402,uM,28328180,CHEMBL5728430,2021,7.40,0,,public_measurement_reformatted
ACT-0113,CHEMBL5938059,Cc1nc2c(F)cc(-c3nc(Nc4ccc5c(n4)CCN(CCN)C5)ncc3F)cc2n1C(C)(C)C,CHEMBL5736732,IC50,=,20.8,nM,28328189,CHEMBL5728430,2021,7.68,1,,public_measurement_reformatted
ACT-0114,CHEMBL5933703,CNCCN1CCc2nc(Nc3ncc(F)c(-c4cc(F)c5nc(C)n(C6(C)CC6)c5c4)n3)ccc2C1,CHEMBL5736732,IC50,=,20,nM,28328198,CHEMBL5728430,2021,7.70,1,,public_measurement_reformatted
ACT-0115,CHEMBL4525034,CCOP(=O)(OCC)N(C)CCN1CCc2nc(Nc3ncc(F)c(-c4cc(F)c5nc(C)n(C(C)C)c5c4)n3)ccc2C1,CHEMBL5736732,IC50,=,117,nM,28328216,CHEMBL5728430,2021,6.93,0,,public_measurement_reformatted
ACT-0116,CHEMBL5799961,Cc1nc2c(F)cc(-c3nc(Nc4ccc5c(n4)CCN(C(C)CN(C)C)C5)ncc3F)cc2n1C(C)(C)C,CHEMBL5736732,IC50,=,50.3,nM,28328225,CHEMBL5728430,2021,7.30,1,,public_measurement_reformatted
ACT-0117,CHEMBL5775776,Cc1nc2c(F)cc(-c3nc(Nc4ccc5c(n4)CCN(CCN4CC=C(B(O)O)CC4)C5)ncc3F)cc2n1C(C)(C)C,CHEMBL5736732,IC50,=,3.2e-08,M,28328234,CHEMBL5728430,2021,7.50,1,,public_measurement_reformatted
ACT-0118,CHEMBL5979303,Cc1nc2c(F)cc(-c3nc(Nc4ccc5c(n4)CCN(CCS(C)(=O)=O)C5)ncc3F)cc2n1C(C)(C)C,CHEMBL5736732,IC50,=,13.1,nM,28328243,CHEMBL5728430,2021,7.88,1,,public_measurement_reformatted
ACT-0119,CHEMBL6004741,Cc1nc2c(F)cc(-c3nc(Nc4ccc5c(n4)CCN(CC=NO)C5)ncc3F)cc2n1C(C)C,CHEMBL5736732,IC50,=,0.014,uM,28328252,CHEMBL5728430,2021,7.85,0,,public_measurement_reformatted
ACT-0120,CHEMBL5956134,Cc1nc2c(F)cc(-c3nc(Nc4ccc5c(n4)CCN(CC(C)(C)N)C5)ncc3F)cc2n1C(C)(C)C,CHEMBL5736732,IC50,=,18,nM,28328261,CHEMBL5728430,2021,7.75,1,,public_measurement_reformatted
ACT-0121,CHEMBL5758951,Cc1nc2c(F)cc(-c3nc(Nc4ccc5c(n4)CCN(CCN4CCC(B(O)O)CC4)C5)ncc3F)cc2n1C(C)(C)C,CHEMBL5736732,IC50,=,18.5,nM,28328270,CHEMBL5728430,2021,7.73,1,,public_measurement_reformatted
ACT-0122,CHEMBL5836990,Cc1nc2c(F)cc(-c3nc(Nc4ccc5c(n4)CCNC5)ncc3F)cc2n1C(C)C,CHEMBL5736732,IC50,=,17,nM,28328279,CHEMBL5728430,2021,7.77,1,,public_measurement_reformatted
ACT-0123,CHEMBL4213219,Cc1nc2c(F)cc(-c3nc(Nc4ccc5c(n4)CCN(C(=O)CO)C5)ncc3F)cc2n1C(C)C,CHEMBL5736732,IC50,=,13.5,nM,28328288,CHEMBL5728430,2021,7.87,1,,public_measurement_reformatted
ACT-0124,CHEMBL5834517,CC(=O)N1CCc2nc(Nc3ncc(F)c(-c4cc(F)c5nc(C)n(C(C)C)c5c4)n3)ccc2C1,CHEMBL5736732,IC50,=,31.9,nM,28328306,CHEMBL5728430,2021,7.50,1,,public_measurement_reformatted
ACT-0125,CHEMBL5908734,Cc1nc2c(F)cc(-c3nc(Nc4ccc5c(n4)CCN(CCO)C5)ncc3F)cc2n1C(C)C,CHEMBL5736732,IC50,=,19.9,nM,28328315,CHEMBL5728430,2021,7.70,1,,public_measurement_reformatted
ACT-0126,CHEMBL4207796,Cc1nc2c(F)cc(-c3nc(Nc4ccc5c(n4)CCN(CCF)C5)ncc3F)cc2n1C(C)C,CHEMBL5736732,IC50,=,0.0225,uM,28328324,CHEMBL5728430,2021,7.65,1,,public_measurement_reformatted
ACT-0127,CHEMBL1964242,O=C1Nc2ccc3ncsc3c2/C1=C/Nc1ccc(S(=O)(=O)NCc2ccccc2)cc1,CHEMBL661125,IC50,=,5.6,nM,1142480,CHEMBL1134300,2001,8.25,0,,public_measurement_reformatted
ACT-0128,CHEMBL1234085,CNS(=O)(=O)c1ccc(N/C=C2\C(=O)Nc3ccccc32)cc1,CHEMBL661125,IC50,=,560,nM,1142488,CHEMBL1134300,2001,6.25,0,,public_measurement_reformatted
ACT-0129,CHEMBL314397,NS(=O)(=O)c1ccc(/N=N/c2c(O)[nH]c3cccc(I)c23)cc1,CHEMBL661125,IC50,=,4.6,nM,1143809,CHEMBL1134300,2001,8.34,0,,public_measurement_reformatted
ACT-0130,CHEMBL272165,NS(=O)(=O)c1ccc(N/N=C2\C(=O)Nc3ccc(C(=O)NCc4ccncc4)cc32)cc1,CHEMBL661125,IC50,=,8.9e-09,M,1143811,CHEMBL1134300,2001,8.05,0,,public_measurement_reformatted
ACT-0131,CHEMBL438721,NS(=O)(=O)c1ccc(N/N=C2\C(=O)Nc3ccccc32)cc1,CHEMBL661125,IC50,=,120,nM,1145032,CHEMBL1134300,2001,6.92,0,,public_measurement_reformatted
ACT-0132,CHEMBL270132,NS(=O)(=O)c1ccc(N/C=C2\C(=O)Nc3ccc(-c4cnco4)cc32)cc1,CHEMBL661125,IC50,=,2.5,nM,1145034,CHEMBL1134300,2001,8.60,0,,public_measurement_reformatted
ACT-0133,CHEMBL1276446,O=C1Nc2ccc3ncsc3c2/C1=C/Nc1ccc(S(=O)(=O)Nc2ccccn2)cc1,CHEMBL661125,IC50,=,0.0097,uM,1145036,CHEMBL1134300,2001,8.01,0,,public_measurement_reformatted
ACT-0134,CHEMBL1234086,CNS(=O)(=O)Cc1ccc(N/N=C2\C(=O)Nc3ccc4ncsc4c32)cc1,CHEMBL661125,IC50,=,5.7,nM,1145044,CHEMBL1134300,2001,8.24,0,,public_measurement_reformatted
ACT-0135,CHEMBL271182,CCc1ccc2c(c1)NC(=O)/C2=N\Nc1ccc(S(N)(=O)=O)cc1,CHEMBL661125,IC50,=,21,nM,1146499,CHEMBL1134300,2001,7.68,0,,public_measurement_reformatted
ACT-0136,CHEMBL1964249,COCCOCCOCCOCCN(C)S(=O)(=O)c1ccc(N/C=C2\C(=O)Nc3ccc4ncsc4c32)cc1,CHEMBL661125,IC50,=,1,nM,1146501,CHEMBL1134300,2001,9.00,0,,public_measurement_reformatted
ACT-0137,CHEMBL272667,Cc1c([N+](=O)[O-])ccc2c1/C(=N/Nc1ccc(S(N)(=O)=O)cc1)C(=O)N2,CHEMBL661125,IC50,=,4.6,nM,1149045,CHEMBL1134300,2001,8.34,0,,public_measurement_reformatted
ACT-0138,CHEMBL269850,NS(=O)(=O)c1ccc(N/C=C2\C(=O)Nc3ccccc32)cc1,CHEMBL661125,IC50,=,690,nM,1150272,CHEMBL1134300,2001,6.16,0,,public_measurement_reformatted
ACT-0139,CHEMBL270054,NS(=O)(=O)c1ccc(N/N=C2\C(=O)Nc3ccc(Cl)cc32)cc1,CHEMBL661125,IC50,=,43,nM,1150274,CHEMBL1134300,2001,7.37,0,,public_measurement_reformatted
ACT-0140,CHEMBL409104,NS(=O)(=O)c1ccc(N/N=C2\C(=O)Nc3cccc(Oc4ccccc4)c32)cc1,CHEMBL661125,IC50,=,0.013,uM,1150276,CHEMBL1134300,2001,7.89,0,,public_measurement_reformatted
ACT-0141,CHEMBL272026,NS(=O)(=O)c1ccc(N/N=C2\C(=O)Nc3ccc(C(=O)NCCCn4ccnc4)cc32)cc1,CHEMBL661125,IC50,=,25,nM,1150278,CHEMBL1134300,2001,7.60,0,,public_measurement_reformatted
ACT-0142,CHEMBL411865,NS(=O)(=O)c1ccc(N/N=C2\C(=O)Nc3cccc(CCc4ccc(O)cc4)c32)cc1,CHEMBL661125,IC50,=,12,nM,1151481,CHEMBL1134300,2001,7.92,0,,public_measurement_reformatted
ACT-0143,CHEMBL429142,CC(C)CC(=O)c1ccc2c(c1)/C(=C/Nc1ccc(S(N)(=O)=O)cc1)C(=O)N2,CHEMBL661125,IC50,=,1.9e-09,M,1152636,CHEMBL1134300,2001,8.72,0,,public_measurement_reformatted
ACT-0144,CHEMBL271953,NS(=O)(=O)c1ccc(N/N=C2\C(=O)Nc3ccc(C(=O)NCc4cccnc4)cc32)cc1,CHEMBL661125,IC50,=,2.1,nM,1152638,CHEMBL1134300,2001,8.68,0,,public_measurement_reformatted
ACT-0145,CHEMBL271183,NS(=O)(=O)c1ccc(N/N=C2\C(=O)Nc3cc(Br)ccc32)cc1,CHEMBL661125,IC50,=,43,nM,1152640,CHEMBL1134300,2001,7.37,0,,public_measurement_reformatted
ACT-0146,CHEMBL272833,NS(=O)(=O)c1ccc(N/N=C2\C(=O)Nc3ccc4[nH]ncc4c32)cc1,CHEMBL661125,IC50,=,13,nM,1152642,CHEMBL1134300,2001,7.89,0,,public_measurement_reformatted
ACT-0147,CHEMBL2112297,O=C1Nc2ccc3ncsc3c2/C1=C/Nc1ccc(S(=O)(=O)N[n+]2ccc3ccccc3c2)cc1,CHEMBL661125,IC50,=,0.0095,uM,1152644,CHEMBL1134300,2001,8.02,0,,public_measurement_reformatted
ACT-0148,CHEMBL1964248,CN(C)CCNS(=O)(=O)c1ccc(N/C=C2\C(=O)Nc3ccccc32)cc1,CHEMBL661125,IC50,=,1000,nM,1152646,CHEMBL1134300,2001,6.00,0,,public_measurement_reformatted
ACT-0149,CHEMBL271137,NS(=O)(=O)c1ccc(N/C=C2\C(=O)Nc3cccc(CO)c32)cc1,CHEMBL661125,IC50,=,54,nM,1153932,CHEMBL1134300,2001,7.27,0,,public_measurement_reformatted
ACT-0150,CHEMBL271843,Cc1ccc2c(c1)/C(=N/Nc1ccc(S(N)(=O)=O)cc1)C(=O)N2,CHEMBL661125,IC50,=,46,nM,1153934,CHEMBL1134300,2001,7.34,0,,public_measurement_reformatted
ACT-0151,CHEMBL271136,COc1cccc(OC)c1CNC(=O)c1ccc2c(c1)/C(=N/Nc1ccc(S(N)(=O)=O)cc1)C(=O)N2,CHEMBL661125,IC50,=,1.7,nM,1153936,CHEMBL1134300,2001,8.77,0,,public_measurement_reformatted
ACT-0152,CHEMBL272380,NS(=O)(=O)c1ccc(N/N=C2\C(=O)Nc3cccc(/C=C/c4ccc(O)cc4)c32)cc1,CHEMBL661125,IC50,=,9.3,nM,1155249,CHEMBL1134300,2001,8.03,0,,public_measurement_reformatted
ACT-0153,CHEMBL409868,CN(C)C(=O)c1ccc2c(c1)/C(=N/Nc1ccc(S(N)(=O)=O)cc1)C(=O)N2,CHEMBL661125,IC50,=,17,nM,1155251,CHEMBL1134300,2001,7.77,0,,public_measurement_reformatted
ACT-0154,CHEMBL1964247,CN(C)S(=O)(=O)c1ccc(N/C=C2\C(=O)Nc3ccc4ncsc4c32)cc1,CHEMBL661125,IC50,=,0.0046,uM,1155253,CHEMBL1134300,2001,8.34,0,,public_measurement_reformatted
ACT-0155,CHEMBL1964251,O=C1Nc2ccc3ncsc3c2/C1=C/Nc1ccc(S(=O)(=O)NCCc2c[nH]cn2)cc1,CHEMBL661125,IC50,=,3.6,nM,1155255,CHEMBL1134300,2001,8.44,0,,public_measurement_reformatted
ACT-0156,CHEMBL409619,NS(=O)(=O)c1ccc(N/N=C2\C(=O)Nc3cccc([N+](=O)[O-])c32)cc1,CHEMBL661125,IC50,=,2.4e-06,M,1156654,CHEMBL1134300,2001,5.62,0,,public_measurement_reformatted
ACT-0157,CHEMBL445945,NS(=O)(=O)c1ccc(N/C=C2\C(=O)Nc3ccc4ncccc4c32)cc1,CHEMBL661125,IC50,=,1.5,nM,1156656,CHEMBL1134300,2001,8.82,0,,public_measurement_reformatted
ACT-0158,CHEMBL1964244,O=C1Nc2ccc3ncsc3c2/C1=C/Nc1ccc(S(=O)(=O)Nc2ccccc2)cc1,CHEMBL661125,IC50,=,4.3,nM,1157792,CHEMBL1134300,2001,8.37,0,,public_measurement_reformatted
ACT-0159,CHEMBL409690,NS(=O)(=O)c1ccc(N/N=C2\C(=O)Nc3ccc(O)cc32)cc1,CHEMBL661125,IC50,=,10,nM,1159240,CHEMBL1134300,2001,8.00,0,,public_measurement_reformatted
ACT-0160,CHEMBL412091,NS(=O)(=O)c1ccc(N/N=C2\C(=O)Nc3ccc(S(=O)(=O)O)cc32)cc1,CHEMBL661125,IC50,=,15,nM,1159242,CHEMBL1134300,2001,7.82,0,,public_measurement_reformatted
ACT-0161,CHEMBL410293,NS(=O)(=O)c1ccc(N/C=C2\C(=O)Nc3cc(CO)ccc32)cc1,CHEMBL661125,IC50,=,0.061,uM,1159244,CHEMBL1134300,2001,7.21,0,,public_measurement_reformatted
ACT-0162,CHEMBL1964245,CNS(=O)(=O)c1ccc(N/C=C2\C(=O)Nc3ccc4ncsc4c32)cc1,CHEMBL661125,IC50,=,5.6,nM,1159246,CHEMBL1134300,2001,8.25,0,,public_measurement_reformatted
ACT-0163,CHEMBL1964260,CS(=O)(=O)c1ccc(N/C=C2\C(=O)Nc3ccc4ncsc4c32)cc1,CHEMBL661125,IC50,=,5.7,nM,1159254,CHEMBL1134300,2001,8.24,0,,public_measurement_reformatted
ACT-0164,CHEMBL1964258,O=C1Nc2ccc3ncsc3c2/C1=C/Nc1ccc(CS(=O)(=O)NCCO)cc1,CHEMBL661125,IC50,=,13,nM,1159262,CHEMBL1134300,2001,7.89,0,,public_measurement_reformatted
ACT-0165,CHEMBL408210,CCOC(=O)c1cccc2c1/C(=C/Nc1ccc(S(N)(=O)=O)cc1)C(=O)N2,CHEMBL661125,IC50,=,8.9,nM,1160477,CHEMBL1134300,2001,8.05,0,,public_measurement_reformatted
ACT-0166,CHEMBL409892,NS(=O)(=O)c1ccc(N/N=C2\C(=O)Nc3ccc4ncccc4c32)cc1,CHEMBL661125,IC50,=,1.6,nM,1160479,CHEMBL1134300,2001,8.80,0,,public_measurement_reformatted
ACT-0167,CHEMBL1964259,O=C1Nc2ccc3ncsc3c2/C1=C/Nc1ccc(S(=O)(=O)NCCOCCO)cc1,CHEMBL661125,IC50,=,0.54,nM,1160487,CHEMBL1134300,2001,9.27,0,,public_measurement_reformatted
ACT-0168,CHEMBL272389,CS(=O)(=O)c1ccc2c(c1)/C(=N/Nc1ccc(S(N)(=O)=O)cc1)C(=O)N2,CHEMBL661125,IC50,=,0.016,uM,1161892,CHEMBL1134300,2001,7.80,0,,public_measurement_reformatted
ACT-0169,CHEMBL271594,CC(C)c1ccc2c(c1)NC(=O)/C2=N/Nc1ccc(S(N)(=O)=O)cc1,CHEMBL661125,IC50,=,7.5e-08,M,1161894,CHEMBL1134300,2001,7.12,0,,public_measurement_reformatted
ACT-0170,CHEMBL1234087,O=C1Nc2ccc(-c3cnco3)cc2/C1=C/Nc1ccc2c(c1)CS(=O)(=O)C2,CHEMBL661125,IC50,=,8.9,nM,1163394,CHEMBL1134300,2001,8.05,0,,public_measurement_reformatted
ACT-0171,CHEMBL1794054,NS(=O)(=O)c1ccc(N/N=C2\C(=O)Nc3cccc(CCc4ccncc4)c32)cc1,CHEMBL661125,IC50,=,21,nM,1164791,CHEMBL1134300,2001,7.68,0,,public_measurement_reformatted
ACT-0172,CHEMBL1234088,O=C1Nc2ccccc2/C1=C/Nc1ccc(S(=O)(=O)Nc2nccs2)cc1,CHEMBL661125,IC50,=,1000,nM,1164793,CHEMBL1134300,2001,6.00,0,,public_measurement_reformatted
ACT-0173,CHEMBL412097,C/C(Nc1ccc(S(N)(=O)=O)cc1)=C1/C(=O)Nc2ccc(Cl)cc21,CHEMBL661125,IC50,=,22,nM,1166069,CHEMBL1134300,2001,7.66,0,,public_measurement_reformatted
ACT-0174,CHEMBL271842,Nc1ccc2c(c1)/C(=N/Nc1ccc(S(N)(=O)=O)cc1)C(=O)N2,CHEMBL661125,IC50,=,74,nM,1166071,CHEMBL1134300,2001,7.13,0,,public_measurement_reformatted
ACT-0175,CHEMBL411425,CCc1cccc2c1/C(=N/Nc1ccc(S(N)(=O)=O)cc1)C(=O)N2,CHEMBL661125,IC50,=,0.0079,uM,1167445,CHEMBL1134300,2001,8.10,0,,public_measurement_reformatted
ACT-0176,CHEMBL269846,Cc1cc(C)c2c(c1)/C(=C/Nc1ccc(S(N)(=O)=O)cc1)C(=O)N2,CHEMBL661125,IC50,>,10000,nM,1167447,CHEMBL1134300,2001,,0,,public_measurement_reformatted
ACT-0177,CHEMBL1964256,CNS(=O)(=O)Cc1ccc(N/C=C2\C(=O)Nc3ccc4ncsc4c32)cc1,CHEMBL661125,IC50,=,26,nM,1167449,CHEMBL1134300,2001,7.58,0,,public_measurement_reformatted
ACT-0178,CHEMBL269827,NS(=O)(=O)c1ccc(N/N=C2\C(=O)Nc3ccc(-c4cnco4)cc32)cc1,CHEMBL661125,IC50,=,2.3,nM,1168728,CHEMBL1134300,2001,8.64,0,,public_measurement_reformatted
ACT-0179,CHEMBL271778,NC(=O)c1cccc2c1/C(=N/Nc1ccc(S(N)(=O)=O)cc1)C(=O)N2,CHEMBL661125,IC50,>,1000,nM,1168730,CHEMBL1134300,2001,,0,,public_measurement_reformatted
ACT-0180,CHEMBL260103,COc1ccc2c(c1)/C(=N/Nc1ccc(S(N)(=O)=O)cc1)C(=O)N2,CHEMBL661125,IC50,=,12,nM,1168732,CHEMBL1134300,2001,7.92,0,,public_measurement_reformatted
ACT-0181,CHEMBL271952,NS(=O)(=O)c1ccc(N/N=C2\C(=O)Nc3ccc4[nH]nnc4c32)cc1,CHEMBL661125,IC50,=,9.5,nM,1168734,CHEMBL1134300,2001,8.02,0,,public_measurement_reformatted
ACT-0182,CHEMBL411426,CC(C)c1cccc2c1/C(=N/Nc1ccc(S(N)(=O)=O)cc1)C(=O)N2,CHEMBL661125,IC50,=,0.0025,uM,1170042,CHEMBL1134300,2001,8.60,0,,public_measurement_reformatted
ACT-0183,CHEMBL272684,NS(=O)(=O)c1ccc(N/N=C2\C(=O)Nc3cccc(-c4cc[nH]n4)c32)cc1,CHEMBL661125,IC50,=,19,nM,1170050,CHEMBL1134300,2001,7.72,0,,public_measurement_reformatted
ACT-0184,CHEMBL408131,Cc1cccc2c1NC(=O)/C2=C\Nc1ccc(S(N)(=O)=O)cc1,CHEMBL661125,IC50,>,10000,nM,1170052,CHEMBL1134300,2001,,0,,public_measurement_reformatted
ACT-0185,CHEMBL269882,NS(=O)(=O)c1ccc(N/N=C2\C(=O)Nc3ccc4[nH]nc(Cl)c4c32)cc1,CHEMBL661125,IC50,=,2.2,nM,1170054,CHEMBL1134300,2001,8.66,0,,public_measurement_reformatted
ACT-0186,CHEMBL272414,CN(C)c1ccc2c(c1)/C(=C/Nc1ccc(S(N)(=O)=O)cc1)C(=O)N2,CHEMBL661125,IC50,=,310,nM,1171206,CHEMBL1134300,2001,6.51,0,,public_measurement_reformatted
ACT-0187,CHEMBL1234089,N=C(N)NS(=O)(=O)c1ccc(N/C=C2\C(=O)Nc3ccccc32)cc1,CHEMBL661125,IC50,=,660,nM,1171208,CHEMBL1134300,2001,6.18,0,,public_measurement_reformatted
ACT-0188,CHEMBL273060,NS(=O)(=O)c1ccc(N/N=C2\C(=O)Nc3ccc(I)cc32)cc1,CHEMBL661125,IC50,=,11,nM,1172510,CHEMBL1134300,2001,7.96,0,,public_measurement_reformatted
ACT-0189,CHEMBL272028,NS(=O)(=O)c1ccc(N/N=C2\C(=O)Nc3ccc(C(=O)NCCc4c[nH]cn4)cc32)cc1,CHEMBL661125,IC50,=,0.012,uM,1172512,CHEMBL1134300,2001,7.92,0,,public_measurement_reformatted
ACT-0190,CHEMBL1794055,NS(=O)(=O)c1ccc(NC=C2C(=O)Nc3ccc4ncsc4c32)cc1,CHEMBL661125,IC50,=,2.8,nM,1172514,CHEMBL1134300,2001,8.55,0,,public_measurement_reformatted
ACT-0191,CHEMBL235849,CS(=O)(=O)Cc1ccc(N/C=C2\C(=O)Nc3ccc4ncsc4c32)cc1,CHEMBL661125,IC50,=,50,nM,1172516,CHEMBL1134300,2001,7.30,0,,public_measurement_reformatted
ACT-0192,CHEMBL271777,CC(C)(C)c1ccc2c(c1)NC(=O)/C2=N\Nc1ccc(S(N)(=O)=O)cc1,CHEMBL661125,IC50,>,10000,nM,1173813,CHEMBL1134300,2001,,0,,public_measurement_reformatted
ACT-0193,CHEMBL1964246,O=C1Nc2ccc3ncsc3c2/C1=C/Nc1ccc(S(=O)(=O)NCCO)cc1,CHEMBL661125,IC50,=,4.7,nM,1173815,CHEMBL1134300,2001,8.33,0,,public_measurement_reformatted
ACT-0194,CHEMBL1964252,Cc1cccc(C)c1NS(=O)(=O)c1ccc(N/C=C2\C(=O)Nc3ccc4ncsc4c32)cc1,CHEMBL661125,IC50,=,281,nM,1173817,CHEMBL1134300,2001,6.55,0,,public_measurement_reformatted
ACT-0195,CHEMBL1964257,NS(=O)(=O)Cc1ccc(N/C=C2\C(=O)Nc3ccc4ncsc4c32)cc1,CHEMBL661125,IC50,=,7.5e-09,M,1173819,CHEMBL1134300,2001,8.12,0,,public_measurement_reformatted
ACT-0196,CHEMBL411491,NS(=O)(=O)c1ccc(N/N=C2\C(=O)Nc3ccc(Br)cc32)cc1,CHEMBL661125,IC50,=,0.06,uM,1175158,CHEMBL1134300,2001,7.22,0,,public_measurement_reformatted
ACT-0197,CHEMBL411224,CC(C)Cc1cccc2c1/C(=N/Nc1ccc(S(N)(=O)=O)cc1)C(=O)N2,CHEMBL661125,IC50,=,1.2,nM,1175160,CHEMBL1134300,2001,8.92,0,,public_measurement_reformatted
ACT-0198,CHEMBL273061,NS(=O)(=O)c1ccc(N/N=C2\C(=O)Nc3ccc(F)cc32)cc1,CHEMBL661125,IC50,=,34,nM,1175162,CHEMBL1134300,2001,7.47,0,,public_measurement_reformatted
ACT-0199,CHEMBL272387,NS(=O)(=O)c1ccc(N/N=C2\C(=O)Nc3ccc(S(N)(=O)=O)cc32)cc1,CHEMBL661125,IC50,=,43,nM,1175164,CHEMBL1134300,2001,7.37,0,,public_measurement_reformatted
ACT-0200,CHEMBL409731,COC(=O)c1ccc2c(c1)/C(=C/Nc1ccc(S(N)(=O)=O)cc1)C(=O)N2,CHEMBL661125,IC50,=,2.1,nM,1175166,CHEMBL1134300,2001,8.68,0,,public_measurement_reformatted
ACT-0201,CHEMBL1964253,CN(c1ccccn1)S(=O)(=O)c1ccc(N/C=C2\C(=O)Nc3ccc4ncsc4c32)cc1,CHEMBL661125,IC50,=,5.6,nM,1175168,CHEMBL1134300,2001,8.25,0,,public_measurement_reformatted
ACT-0202,CHEMBL1964243,CC(=O)NS(=O)(=O)c1ccc(N/C=C2\C(=O)Nc3ccc4ncsc4c32)cc1,CHEMBL661125,IC50,=,75,nM,1175170,CHEMBL1134300,2001,7.12,0,,public_measurement_reformatted
ACT-0203,CHEMBL270544,CC(C)=Cc1cccc2c1/C(=N/Nc1ccc(S(N)(=O)=O)cc1)C(=O)N2,CHEMBL661125,IC50,=,0.0015,uM,1176438,CHEMBL1134300,2001,8.82,0,,public_measurement_reformatted
ACT-0204,CHEMBL269883,CC(C)COC(=O)c1ccc2c(c1)/C(=C/Nc1ccc(S(N)(=O)=O)cc1)C(=O)N2,CHEMBL661125,IC50,=,3,nM,1176440,CHEMBL1134300,2001,8.52,0,,public_measurement_reformatted
ACT-0205,CHEMBL410517,Cc1cc(Cl)cc2c1NC(=O)/C2=C\Nc1ccc(S(N)(=O)=O)cc1,CHEMBL661125,IC50,>,10000,nM,1176448,CHEMBL1134300,2001,,0,,public_measurement_reformatted
ACT-0206,CHEMBL391229,O=C1Nc2ccc3ncsc3c2/C1=C/Nc1ccc2c(c1)CS(=O)(=O)C2,CHEMBL661125,IC50,=,14,nM,1176450,CHEMBL1134300,2001,7.85,0,,public_measurement_reformatted
ACT-0207,CHEMBL405042,C/C(Nc1ccc(S(N)(=O)=O)cc1)=C1/C(=O)Nc2ccccc21,CHEMBL661125,IC50,=,360,nM,1177754,CHEMBL1134300,2001,6.44,0,,public_measurement_reformatted
ACT-0208,CHEMBL411886,NS(=O)(=O)c1ccc(N/N=C2\C(=O)Nc3ccc([N+](=O)[O-])cc32)cc1,CHEMBL661125,IC50,=,1.5e-08,M,1177756,CHEMBL1134300,2001,7.82,0,,public_measurement_reformatted
ACT-0209,CHEMBL271822,COc1ccc2c(c1Cl)/C(=N/Nc1ccc(S(N)(=O)=O)cc1)C(=O)N2,CHEMBL661125,IC50,=,54,nM,1177758,CHEMBL1134300,2001,7.27,0,,public_measurement_reformatted
ACT-0210,CHEMBL272668,NS(=O)(=O)c1ccc(N/C=C2\C(=O)Nc3ccc(C(=O)O)cc32)cc1,CHEMBL661125,IC50,=,0.028,uM,1178972,CHEMBL1134300,2001,7.55,0,,public_measurement_reformatted
ACT-0211,CHEMBL411887,C/C(Nc1ccc(S(N)(=O)=O)cc1)=C1/C(=O)Nc2ccc(-c3cnco3)cc21,CHEMBL661125,IC50,=,2,nM,1180348,CHEMBL1134300,2001,8.70,0,,public_measurement_reformatted
ACT-0212,CHEMBL410883,NC(=O)c1ccc2c(c1)/C(=N/Nc1ccc(S(N)(=O)=O)cc1)C(=O)N2,CHEMBL661125,IC50,=,4.5,nM,1180350,CHEMBL1134300,2001,8.35,0,,public_measurement_reformatted
ACT-0213,CHEMBL407709,NS(=O)(=O)c1ccc(N/N=C2\C(=O)Nc3ccc4ncsc4c32)cc1,CHEMBL661125,IC50,=,7.1,nM,1180352,CHEMBL1134300,2001,8.15,0,,public_measurement_reformatted
ACT-0214,CHEMBL272885,NS(=O)(=O)c1ccc(N/N=C2\C(=O)Nc3cc(Oc4ccccc4)ccc32)cc1,CHEMBL661125,IC50,>,10000,nM,1181715,CHEMBL1134300,2001,,0,,public_measurement_reformatted
ACT-0215,CHEMBL411490,Cc1ccc2c(c1Cl)/C(=N/Nc1ccc(S(N)(=O)=O)cc1)C(=O)N2,CHEMBL661125,IC50,=,13,nM,1181717,CHEMBL1134300,2001,7.89,0,,public_measurement_reformatted
ACT-0216,CHEMBL1964255,N=C(N)NS(=O)(=O)c1ccc(N/C=C2\C(=O)Nc3ccc4ncsc4c32)cc1,CHEMBL661125,IC50,=,3.3,nM,1181719,CHEMBL1134300,2001,8.48,0,,public_measurement_reformatted
ACT-0217,CHEMBL411696,CCOc1cccc2c1/C(=N/Nc1ccc(S(N)(=O)=O)cc1)C(=O)N2,CHEMBL661125,IC50,=,0.093,uM,1183032,CHEMBL1134300,2001,7.03,0,,public_measurement_reformatted
ACT-0218,CHEMBL271160,CC(C)Oc1cccc2c1/C(=N/Nc1ccc(S(N)(=O)=O)cc1)C(=O)N2,CHEMBL661125,IC50,=,3.4,nM,1183034,CHEMBL1134300,2001,8.47,0,,public_measurement_reformatted
ACT-0219,CHEMBL410072,CC(C)(CO)CNC(=O)c1ccc2c(c1)/C(=N/Nc1ccc(S(N)(=O)=O)cc1)C(=O)N2,CHEMBL661125,IC50,=,6.8,nM,1183036,CHEMBL1134300,2001,8.17,0,,public_measurement_reformatted
ACT-0220,CHEMBL1964250,COCCOCCOCCOCCNS(=O)(=O)c1ccc(N/C=C2\C(=O)Nc3ccc4ncsc4c32)cc1,CHEMBL661125,IC50,=,4.5,nM,1183038,CHEMBL1134300,2001,8.35,0,,public_measurement_reformatted
ACT-0221,CHEMBL3654234,CN(C)C(=O)c1cc2cnc(Nc3ccccn3)nc2n1C1CCCC1,CHEMBL3705366,IC50,>,1.5e-05,M,17669017,CHEMBL3638874,2015,,0,,public_measurement_reformatted
ACT-0222,CHEMBL3545110,CN(C)C(=O)c1cc2cnc(Nc3ccc(N4CCNCC4)cn3)nc2n1C1CCCC1,CHEMBL3705366,IC50,>,15000,nM,17669018,CHEMBL3638874,2015,,0,,public_measurement_reformatted
ACT-0223,CHEMBL3658063,CCN1CCN(c2ccc(Nc3ncc4cc(C(=O)N(C)C)n(C5CCCC5)c4n3)nc2)CC1,CHEMBL3705366,IC50,>,15000,nM,17669019,CHEMBL3638874,2015,,0,,public_measurement_reformatted
ACT-0224,CHEMBL3658071,CN(C)C(=O)c1cc2cnc(Nc3ccc(N4CCN(CCF)CC4)cn3)nc2n1C1CCCC1,CHEMBL3705366,IC50,>,15,uM,17669020,CHEMBL3638874,2015,,0,,public_measurement_reformatted
ACT-0225,CHEMBL3654258,CN(C)C(=O)c1cc2cnc(Nc3ccc(N4CCN(CCO)CC4)cn3)nc2n1C1CCCC1,CHEMBL3705366,IC50,>,15000,nM,17669021,CHEMBL3638874,2015,,0,,public_measurement_reformatted
ACT-0226,CHEMBL3654246,COCCN1CCN(c2ccc(Nc3ncc4cc(C(=O)N(C)C)n(C5CCCC5)c4n3)nc2)CC1,CHEMBL3705366,IC50,>,15000,nM,17669022,CHEMBL3638874,2015,,0,,public_measurement_reformatted
ACT-0227,CHEMBL3658078,CC(C)OCCN1CCN(c2ccc(Nc3ncc4cc(C(=O)N(C)C)n(C5CCCC5)c4n3)nc2)CC1,CHEMBL3705366,IC50,>,15000,nM,17669023,CHEMBL3638874,2015,,0,,public_measurement_reformatted
ACT-0228,CHEMBL3658021,CN(C)C(=O)c1cc2cnc(Nc3ccc(N4CCN(CCOCCO)CC4)cn3)nc2n1C1CCCC1,CHEMBL3705366,IC50,>,15000,nM,17669024,CHEMBL3638874,2015,,0,,public_measurement_reformatted
ACT-0229,CHEMBL3658044,C[C@@H](O)CN1CCN(c2ccc(Nc3ncc4cc(C(=O)N(C)C)n(C5CCCC5)c4n3)nc2)CC1,CHEMBL3705366,IC50,>,15000,nM,17669025,CHEMBL3638874,2015,,0,,public_measurement_reformatted
ACT-0230,CHEMBL3658043,C[C@H](O)CN1CCN(c2ccc(Nc3ncc4cc(C(=O)N(C)C)n(C5CCCC5)c4n3)nc2)CC1,CHEMBL3705366,IC50,>,15000,nM,17669026,CHEMBL3638874,2015,,0,,public_measurement_reformatted
ACT-0231,CHEMBL3658057,CN(C)C(=O)c1cc2cnc(Nc3ccc(N4CCN(CC(C)(C)O)CC4)cn3)nc2n1C1CCCC1,CHEMBL3705366,IC50,>,15,uM,17669027,CHEMBL3638874,2015,,0,,public_measurement_reformatted
ACT-0232,CHEMBL3654253,CN(C)C(=O)c1cc2cnc(Nc3ccc(N4CCN(CCCO)CC4)cn3)nc2n1C1CCCC1,CHEMBL3705366,IC50,>,15000,nM,17669028,CHEMBL3638874,2015,,0,,public_measurement_reformatted
ACT-0233,CHEMBL3658031,CN(C)C(=O)c1cc2cnc(Nc3ccc(N4CCN(CC(O)CO)CC4)cn3)nc2n1C1CCCC1,CHEMBL3705366,IC50,>,15000,nM,17669029,CHEMBL3638874,2015,,0,,public_measurement_reformatted
ACT-0234,CHEMBL3658033,CN(C)C(=O)c1cc2cnc(Nc3ccc(N4CCN(C[C@@H](O)CO)CC4)cn3)nc2n1C1CCCC1,CHEMBL3705366,IC50,>,1.5e-05,M,17669030,CHEMBL3638874,2015,,0,,public_measurement_reformatted
ACT-0235,CHEMBL3654260,CN(C)C(=O)c1cc2cnc(Nc3ccc(N4CCN(C[C@H](O)CO)CC4)cn3)nc2n1C1CCCC1,CHEMBL3705366,IC50,>,15000,nM,17669031,CHEMBL3638874,2015,,0,,public_measurement_reformatted
ACT-0236,CHEMBL3658064,CN(C)C(=O)c1cc2cnc(Nc3ccc(N4CCN(C5CCCC5)CC4)cn3)nc2n1C1CCCC1,CHEMBL3705366,IC50,>,15000,nM,17669032,CHEMBL3638874,2015,,0,,public_measurement_reformatted
ACT-0237,CHEMBL3658050,CC(C)N1CCN(c2ccc(Nc3ncc4cc(C(=O)N(C)C)n(C5CCCC5)c4n3)nc2)CC1,CHEMBL3705366,IC50,>,15000,nM,17669033,CHEMBL3638874,2015,,0,,public_measurement_reformatted
ACT-0238,CHEMBL3658024,CC(CO)N1CCN(c2ccc(Nc3ncc4cc(C(=O)N(C)C)n(C5CCCC5)c4n3)nc2)CC1,CHEMBL3705366,IC50,>,15,uM,17669034,CHEMBL3638874,2015,,0,,public_measurement_reformatted
ACT-0239,CHEMBL3658082,COC(=O)C(C)N1CCN(c2ccc(Nc3ncc4cc(C(=O)N(C)C)n(C5CCCC5)c4n3)nc2)CC1,CHEMBL3705366,IC50,>,15000,nM,17669035,CHEMBL3638874,2015,,0,,public_measurement_reformatted
ACT-0240,CHEMBL3658083,CC(C(=O)O)N1CCN(c2ccc(Nc3ncc4cc(C(=O)N(C)C)n(C5CCCC5)c4n3)nc2)CC1,CHEMBL3705366,IC50,>,15000,nM,17669036,CHEMBL3638874,2015,,0,,public_measurement_reformatted
ACT-0241,CHEMBL3658055,CN(C)C(=O)c1cc2cnc(Nc3ccc(N4CCN(CC5CCCCC5)CC4)cn3)nc2n1C1CCCC1,CHEMBL3705366,IC50,>,15000,nM,17669037,CHEMBL3638874,2015,,0,,public_measurement_reformatted
ACT-0242,CHEMBL3658076,CC(C)CN1CCN(c2ccc(Nc3ncc4cc(C(=O)N(C)C)n(C5CCCC5)c4n3)nc2)CC1,CHEMBL3705366,IC50,>,15000,nM,17669038,CHEMBL3638874,2015,,0,,public_measurement_reformatted
ACT-0243,CHEMBL3658080,CCC(C)CN1CCN(c2ccc(Nc3ncc4cc(C(=O)N(C)C)n(C5CCCC5)c4n3)nc2)CC1,CHEMBL3705366,IC50,>,15000,nM,17669039,CHEMBL3638874,2015,,0,,public_measurement_reformatted
ACT-0244,CHEMBL3658074,CN(C)C(=O)c1cc2cnc(Nc3ccc(N4CCN(C(=O)CC5CCCCC5)CC4)cn3)nc2n1C1CCCC1,CHEMBL3705366,IC50,>,15000,nM,17669040,CHEMBL3638874,2015,,0,,public_measurement_reformatted
ACT-0245,CHEMBL3658054,CC(C)CCCN1CCN(c2ccc(Nc3ncc4cc(C(=O)N(C)C)n(C5CCCC5)c4n3)nc2)CC1,CHEMBL3705366,IC50,>,15,uM,17669041,CHEMBL3638874,2015,,0,,public_measurement_reformatted
ACT-0246,CHEMBL3654257,CN(C)C(=O)c1cc2cnc(Nc3ccc(N4CCN(CC(F)(F)F)CC4)cn3)nc2n1C1CCCC1,CHEMBL3705366,IC50,>,15000,nM,17669042,CHEMBL3638874,2015,,0,,public_measurement_reformatted
ACT-0247,CHEMBL3654241,CN(C)C(=O)c1cc2cnc(Nc3ccc(N4CCN(CC(N)=O)CC4)cn3)nc2n1C1CCCC1,CHEMBL3705366,IC50,>,1.5e-05,M,17669043,CHEMBL3638874,2015,,0,,public_measurement_reformatted
ACT-0248,CHEMBL3658069,CN(C)C(=O)c1cc2cnc(Nc3ccc(N4CCN(CC#N)CC4)cn3)nc2n1C1CCCC1,CHEMBL3705366,IC50,>,15000,nM,17669044,CHEMBL3638874,2015,,0,,public_measurement_reformatted
ACT-0249,CHEMBL3654240,CN(C)C(=O)c1cc2cnc(Nc3ccc(N4CCN(CCC#N)CC4)cn3)nc2n1C1CCCC1,CHEMBL3705366,IC50,>,15000,nM,17669045,CHEMBL3638874,2015,,0,,public_measurement_reformatted
ACT-0250,CHEMBL3654238,CC(=O)N1CCN(c2ccc(Nc3ncc4cc(C(=O)N(C)C)n(C5CCCC5)c4n3)nc2)CC1,CHEMBL3705366,IC50,>,15000,nM,17669046,CHEMBL3638874,2015,,0,,public_measurement_reformatted
ACT-0251,CHEMBL3654259,CN(C)C(=O)c1cc2cnc(Nc3ccc(N4CCN(C(=O)C5CC5)CC4)cn3)nc2n1C1CCCC1,CHEMBL3705366,IC50,>,15000,nM,17669047,CHEMBL3638874,2015,,0,,public_measurement_reformatted
ACT-0252,CHEMBL3654255,CN(C)C(=O)c1cc2cnc(Nc3ccc(N4CCN(C(=O)C5CCCCC5)CC4)cn3)nc2n1C1CCCC1,CHEMBL3705366,IC50,>,15,uM,17669048,CHEMBL3638874,2015,,0,,public_measurement_reformatted
ACT-0253,CHEMBL3658074,CN(C)C(=O)c1cc2cnc(Nc3ccc(N4CCN(C(=O)CC5CCCCC5)CC4)cn3)nc2n1C1CCCC1,CHEMBL3705366,IC50,>,15000,nM,17669049,CHEMBL3638874,2015,,0,,public_measurement_reformatted
ACT-0254,CHEMBL3658075,CN(C)C(=O)c1cc2cnc(Nc3ccc(N4CCN(C(=O)CCC5CCCC5)CC4)cn3)nc2n1C1CCCC1,CHEMBL3705366,IC50,>,15000,nM,17669050,CHEMBL3638874,2015,,0,,public_measurement_reformatted
ACT-0255,CHEMBL3654244,CN(C)C(=O)c1cc2cnc(Nc3ccc(N4CCN(C(=O)CN)CC4)cn3)nc2n1C1CCCC1,CHEMBL3705366,IC50,>,15000,nM,17669051,CHEMBL3638874,2015,,0,,public_measurement_reformatted
ACT-0256,CHEMBL3658073,CN(C)CC(=O)N1CCN(c2ccc(Nc3ncc4cc(C(=O)N(C)C)n(C5CCCC5)c4n3)nc2)CC1,CHEMBL3705366,IC50,>,15000,nM,17669052,CHEMBL3638874,2015,,0,,public_measurement_reformatted
ACT-9001,CHEMBL3301610,CCN1CCN(Cc2ccc(Nc3ncc(F)c(-c4cc(F)c5nc(C)n(C(C)C)c5c4)n3)nc2)CC1,CHEMBL5736732,IC50,=,52.2,nM,28327037,CHEMBL5728430,2021,7.28,1,,simulated_reingestion
ACT-9002,CHEMBL5905735,n1c(C)n(C(C)C)c2c1c(F)cc(-c1nc(Nc3ccc4c(n3)CCN(C(C)C)C4)ncc1F)c2,CHEMBL5736732,IC50,=,35,nM,28327046,CHEMBL5728430,2021,7.46,1,,simulated_reexport
ACT-9003,CHEMBL5814867,CNCC(=O)N1CCc2nc(Nc3ncc(F)c(-c4cc(F)c5nc(C)n(C(C)C)c5c4)n3)ccc2C1,SIM-QC-CHECK,IC50,>,10000,nM,,SIM-CRO-APPENDIX,2026,,1,,simulated_export_record
ACT-9004,CHEMBL4212532,Cc1nc2c(F)cc(-c3nc(Nc4ccc5c(n4)CCN(C(=O)CN(C)C)C5)ncc3F)cc2n1C(C)C,SIM-QC-CHECK,IC50,<=,0.01,µM,,SIM-CRO-APPENDIX,2026,,1,,simulated_export_record
ACT-9005,CHEMBL6060984,COCC(=O)N1CCc2nc(Nc3ncc(F)c(-c4cc(F)c5nc(C)n(C(C)C)c5c4)n3)ccc2C1,SIM-QC-CHECK,IC50,=,0,nM,,SIM-CRO-APPENDIX,2026,,0,,simulated_export_record
ACT-9006,CHEMBL5813772,Cc1nc2c(F)cc(-c3nc(Nc4ccc5c(n4)CCN(C)C5)ncc3F)cc2n1C(C)C,SIM-QC-CHECK,IC50,=,-3,nM,,SIM-CRO-APPENDIX,2026,,1,,simulated_export_record
ACT-9007,CHEMBL5844694,Cc1nc2c(F)cc(-c3nc(Nc4ccc5c(n4)CCN(C(=O)CCO)C5)ncc3F)cc2n1C(C)C,SIM-QC-CHECK,IC50,=,20,ng/mL,,SIM-CRO-APPENDIX,2026,,1,,simulated_export_record
ACT-9008,CHEMBL6017199,COC(=O)C(=O)N1CCc2nc(Nc3ncc(F)c(-c4cc(F)c5nc(C)n(C(C)C)c5c4)n3)ccc2C1,SIM-QC-CHECK,Ki,>=,0.3,uM,,SIM-CRO-APPENDIX,2026,,1,,simulated_export_record
ACT-9009,CHEMBL5805137,Cc1nc2c(F)cc(-c3nc(Nc4ccc5c(n4)CCN(CC(F)(F)F)C5)ncc3F)cc2n1C(C)C,SIM-QC-CHECK,IC50,=,1e-7,M,,SIM-CRO-APPENDIX,2026,,1,,simulated_export_record
ACT-9010,CED-BAD-CHEM,C1CC,SIM-QC-CHECK,IC50,=,100,nM,,SIM-CRO-APPENDIX,2026,,0,,simulated_export_record
