row_id,split,fold,chemical_group,scaffold,observed_pIC50,predicted_pIC50,training_median_pIC50,nearest_train_Tanimoto
ACT-0007,chemical_group,1,Cc1nc2c(F)cc(-c3nc(Nc4ccc5c(n4)CCN(C(=O)CCO)C5)ncc3F)cc2n1C(C)C,c1cc(-c2ccc3nc[nH]c3c2)nc(Nc2ccc3c(n2)CCNC3)n1,7.872895201635192,7.605292519986153,7.4179366370882915,0.8933333333333333
ACT-0010,chemical_group,1,Cc1nc2c(F)cc(-c3nc(Nc4ncc5c(n4)CCN(C(=O)CN(C)C)C5)ncc3F)cc2n1C(C)C,c1cc(-c2ccc3nc[nH]c3c2)nc(Nc2ncc3c(n2)CCNC3)n1,5.962573502059376,7.4754779978737265,7.4179366370882915,0.8441558441558441
ACT-0017,chemical_group,1,Cc1nc2c(F)cc(-c3nc(Nc4ccc5c(n4)CCN(C(=O)C(C)N(C)C)C5)ncc3F)cc2n1C(C)C,c1cc(-c2ccc3nc[nH]c3c2)nc(Nc2ccc3c(n2)CCNC3)n1,7.2373214362725635,7.525381397887953,7.4179366370882915,1.0
ACT-0022,chemical_group,1,Cc1nc2c(F)cc(-c3nc(Nc4ccc5c(n4)CCN(C(=O)CN4CCOCC4)C5)ncc3F)cc2n1C1CC1,O=C(CN1CCOCC1)N1CCc2nc(Nc3nccc(-c4ccc5ncn(C6CC6)c5c4)n3)ccc2C1,6.8124792791635365,6.568397482527513,7.4179366370882915,0.8023255813953488
ACT-0025,chemical_group,1,CNCC(=O)N1CCc2nc(Nc3ncc(F)c(-c4cc(F)c5nc(C)n(C6CCC(C)CC6)c5c4)n3)ccc2C1,c1cc(-c2ccc3ncn(C4CCCCC4)c3c2)nc(Nc2ccc3c(n2)CCNC3)n1,7.047207556955907,6.945461309006329,7.4179366370882915,0.9
ACT-0027,chemical_group,1,Cc1nc2c(F)cc(-c3nc(Nc4ccc5c(n4)CCN(C(=O)CN(C)C)C5)ncc3F)cc2n1C1CCCCC1,c1cc(-c2ccc3ncn(C4CCCCC4)c3c2)nc(Nc2ccc3c(n2)CCNC3)n1,6.55129368009492,6.590334947172731,7.4179366370882915,0.9615384615384616
ACT-0038,chemical_group,1,Cc1nc2c(F)cc(-c3nc(Nc4ccc5c(n4)CCN(C(=O)[C@H](C)N(C)C)C5)ncc3F)cc2n1C1CC1,c1cc(-c2ccc3ncn(C4CC4)c3c2)nc(Nc2ccc3c(n2)CCNC3)n1,7.040958607678906,6.353934252662579,7.4179366370882915,1.0
ACT-0039,chemical_group,1,Cc1nc2c(F)cc(-c3nc(Nc4ccc5c(n4)CCN(C(=O)NCCO)C5)ncc3F)cc2n1C(C)C,c1cc(-c2ccc3nc[nH]c3c2)nc(Nc2ccc3c(n2)CCNC3)n1,7.549750891680639,7.5238946304096554,7.4179366370882915,0.8641975308641975
ACT-0050,chemical_group,1,CN[C@H](C)C(=O)N1CCc2nc(Nc3ncc(F)c(-c4cc(F)c5nc(C)n(C6CC6)c5c4)n3)ccc2C1,c1cc(-c2ccc3ncn(C4CC4)c3c2)nc(Nc2ccc3c(n2)CCNC3)n1,6.17979854051436,6.482489874111747,7.4179366370882915,0.8395061728395061
ACT-0052,chemical_group,1,Cc1nc2c(F)cc(-c3nc(Nc4ccc5c(n4)CCN(CCN(C)C)C5)ncc3F)cc2n1C(C)(C)C,c1cc(-c2ccc3nc[nH]c3c2)nc(Nc2ccc3c(n2)CCNC3)n1,7.260427655549908,7.485802527722049,7.4179366370882915,0.9324324324324325
ACT-0053,chemical_group,1,Cc1nc2c(F)cc(-c3nc(Nc4ccc5c(n4)CCN(CCCN(C)C)C5)ncc3F)cc2n1C1CC1,c1cc(-c2ccc3ncn(C4CC4)c3c2)nc(Nc2ccc3c(n2)CCNC3)n1,5.826813731587726,6.416975633291123,7.4179366370882915,0.92
ACT-0055,chemical_group,1,C#CCN1CCC(N2CCc3nc(Nc4ncc(F)c(-c5cc(F)c6nc(C)n(C(C)C)c6c5)n4)ccc3C2)C1,c1cc(-c2ccc3nc[nH]c3c2)nc(Nc2ccc3c(n2)CCN(C2CCNC2)C3)n1,6.958607314841775,7.110323475584842,7.4179366370882915,0.717391304347826
ACT-0057,chemical_group,1,Cc1nc2c(F)cc(-c3nc(Nc4ccc5c(n4)CCN(C[C@H]4CCCN4C)C5)ncc3F)cc2n1C1CC1,c1cc(-c2ccc3ncn(C4CC4)c3c2)nc(Nc2ccc3c(n2)CCN(CC2CCCN2)C3)n1,6.498940737782249,7.2588288339345395,7.4179366370882915,1.0
ACT-0059,chemical_group,1,Cc1nc2c(F)cc(-c3nc(Nc4ccc5c(n4)CCN(CC(C)(C)N)C5)ncc3F)cc2n1C1CC1,c1cc(-c2ccc3ncn(C4CC4)c3c2)nc(Nc2ccc3c(n2)CCNC3)n1,6.246416941107094,6.563915871421787,7.4179366370882915,0.8051948051948052
ACT-0061,chemical_group,1,Cc1nc2c(F)cc(-c3nc(Nc4ccc5c(n4)CCN(C[C@@H](C)N(C)C)C5)ncc3F)cc2n1C1CC1,c1cc(-c2ccc3ncn(C4CC4)c3c2)nc(Nc2ccc3c(n2)CCNC3)n1,6.189095719331299,6.727080088765971,7.4179366370882915,1.0
ACT-0063,chemical_group,1,CCC(CC)n1c(C)nc2c(F)cc(-c3nc(Nc4ccc5c(n4)CCN(CCN(C)C)C5)ncc3F)cc21,c1cc(-c2ccc3nc[nH]c3c2)nc(Nc2ccc3c(n2)CCNC3)n1,7.7594507517174005,7.533158435312383,7.4179366370882915,0.868421052631579
ACT-0067,chemical_group,1,Cc1nc2c(F)cc(-c3nc(Nc4ccc5c(n4)CCNC5)ncc3F)cc2n1C1(C)CC1,c1cc(-c2ccc3ncn(C4CC4)c3c2)nc(Nc2ccc3c(n2)CCNC3)n1,7.987162775294828,7.742701763243677,7.4179366370882915,0.782608695652174
ACT-0075,chemical_group,1,Cc1nc2c(F)cc(-c3nc(Nc4ccc5c(n4)CCN(C/C=N/O)C5)ncc3F)cc2n1C(C)C,c1cc(-c2ccc3nc[nH]c3c2)nc(Nc2ccc3c(n2)CCNC3)n1,8.220403508742175,7.718074067505924,7.4179366370882915,1.0
ACT-0078,chemical_group,1,Cc1nc2c(F)cc(-c3nc(Nc4ccc5c(n4)CCN(CCN(C)C)C5)ncc3F)cc2n1C1CCCCC1,c1cc(-c2ccc3ncn(C4CCCCC4)c3c2)nc(Nc2ccc3c(n2)CCNC3)n1,7.71669877129645,6.368688565837616,7.4179366370882915,0.9333333333333333
ACT-0083,chemical_group,1,Cc1nc2c(F)cc(-c3nc(Nc4ccc5c(n4)C[C@@H](C)NC5)ncc3F)cc2n1C(C)(C)C,c1cc(-c2ccc3nc[nH]c3c2)nc(Nc2ccc3c(n2)CCNC3)n1,7.512861624522813,7.610962715436457,7.4179366370882915,0.6875
ACT-0085,chemical_group,1,Cc1nc2c(F)cc(-c3nc(Nc4ccc5c(n4)C[C@@H](C)NC5)ncc3F)cc2n1C(C)(C)C,c1cc(-c2ccc3nc[nH]c3c2)nc(Nc2ccc3c(n2)CCNC3)n1,7.950781977329818,7.610962715436457,7.4179366370882915,0.6875
ACT-0102,chemical_group,1,Cc1nc2c(F)cc(-c3nc(Nc4ccc5c(n4)CCN(CCN4CCP(C)(=O)CC4)C5)ncc3F)cc2n1C(C)(C)C,O=[PH]1CCN(CCN2CCc3nc(Nc4nccc(-c5ccc6nc[nH]c6c5)n4)ccc3C2)CC1,7.173925197299173,7.498816569598882,7.4179366370882915,0.8441558441558441
ACT-0103,chemical_group,1,Cc1nc2c(F)cc(-c3nc(Nc4ccc5c(n4)CCN(CCN(C)CCO)C5)ncc3F)cc2n1C(C)(C)C,c1cc(-c2ccc3nc[nH]c3c2)nc(Nc2ccc3c(n2)CCNC3)n1,7.315154638355588,7.46075799759023,7.4179366370882915,0.8846153846153846
ACT-0113,chemical_group,1,Cc1nc2c(F)cc(-c3nc(Nc4ccc5c(n4)CCN(CCN)C5)ncc3F)cc2n1C(C)(C)C,c1cc(-c2ccc3nc[nH]c3c2)nc(Nc2ccc3c(n2)CCNC3)n1,7.681936665037238,7.664351651418807,7.4179366370882915,0.875
ACT-0115,chemical_group,1,CCOP(=O)(OCC)N(C)CCN1CCc2nc(Nc3ncc(F)c(-c4cc(F)c5nc(C)n(C(C)C)c5c4)n3)ccc2C1,c1cc(-c2ccc3nc[nH]c3c2)nc(Nc2ccc3c(n2)CCNC3)n1,6.931814138253838,7.22618109444651,7.4179366370882915,0.8470588235294118
ACT-0003,chemical_group,2,CNCC(=O)N1CCc2nc(Nc3ncc(F)c(-c4cc(F)c5nc(C)n(C(C)C)c5c4)n3)ccc2C1,c1cc(-c2ccc3nc[nH]c3c2)nc(Nc2ccc3c(n2)CCNC3)n1,7.528708288941061,7.637868705075741,7.402304814074488,0.868421052631579
ACT-0006,chemical_group,2,Cc1nc2c(F)cc(-c3nc(Nc4ccc5c(n4)CCN(C)C5)ncc3F)cc2n1C(C)C,c1cc(-c2ccc3nc[nH]c3c2)nc(Nc2ccc3c(n2)CCNC3)n1,7.809668301829708,7.7199071518778055,7.402304814074488,0.8507462686567164
ACT-0016,chemical_group,2,Cc1nc2c(F)cc(-c3nc(Nc4ccc5c(n4)CCN(C(=O)CN4CCOCC4)C5)ncc3F)cc2n1C(C)C,O=C(CN1CCOCC1)N1CCc2nc(Nc3nccc(-c4ccc5nc[nH]c5c4)n3)ccc2C1,7.507239610973162,7.559007245227379,7.402304814074488,0.8765432098765432
ACT-0019,chemical_group,2,Cc1nc2c(F)cc(-c3nc(Nc4ccc5c(n4)CCN(C(=O)C(C)(C)N(C)C)C5)ncc3F)cc2n1C(C)C,c1cc(-c2ccc3nc[nH]c3c2)nc(Nc2ccc3c(n2)CCNC3)n1,6.821023052706831,7.3714290892794905,7.402304814074488,0.8048780487804879
ACT-0033,chemical_group,2,Cc1nc2c(F)cc(-c3nc(Nc4ccc5c(n4)CCN(C(=O)NCCN(C)C)C5)ncc3F)cc2n1C1CC1,c1cc(-c2ccc3ncn(C4CC4)c3c2)nc(Nc2ccc3c(n2)CCNC3)n1,6.913640169325252,6.452356929571453,7.402304814074488,0.8658536585365854
ACT-0042,chemical_group,2,Cc1nc2c(F)cc(-c3nc(Nc4ccc5c(n4)CCN(CCN(C)C)C5)ncc3F)cc2n1C1CC1,c1cc(-c2ccc3ncn(C4CC4)c3c2)nc(Nc2ccc3c(n2)CCNC3)n1,6.154901959985743,6.508484921710339,7.402304814074488,0.9333333333333333
ACT-0043,chemical_group,2,Cc1nc2c(F)cc(-c3nc(Nc4ccc5c(n4)CCN(C(=O)CN(C)C)C5)ncc3F)cc2n1C1CCC1,c1cc(-c2ccc3ncn(C4CCC4)c3c2)nc(Nc2ccc3c(n2)CCNC3)n1,6.531652669587842,6.77206509019517,7.402304814074488,0.9615384615384616
ACT-0051,chemical_group,2,Cc1nc2c(F)cc(-c3nc(Nc4ccc5c(n4)CCN(C(=O)[C@@H]4CCCN4)C5)ncc3F)cc2n1C1CC1,O=C(C1CCCN1)N1CCc2nc(Nc3nccc(-c4ccc5ncn(C6CC6)c5c4)n3)ccc2C1,6.673664139071248,6.604307479696949,7.402304814074488,0.7441860465116279
ACT-0054,chemical_group,2,C#CCN(C)CCN1CCc2nc(Nc3ncc(F)c(-c4cc(F)c5nc(C)n(C(C)C)c5c4)n3)ccc2C1,c1cc(-c2ccc3nc[nH]c3c2)nc(Nc2ccc3c(n2)CCNC3)n1,6.777283528852417,7.417679186925294,7.402304814074488,0.8481012658227848
ACT-0064,chemical_group,2,Cc1nc2c(F)cc(-c3nc(Nc4ccc5c(n4)CCNC5)ncc3F)cc2n1C(C)C1CC1,c1cc(-c2ccc3ncn(CC4CC4)c3c2)nc(Nc2ccc3c(n2)CCNC3)n1,7.823908740944319,7.735878153394092,7.402304814074488,0.8428571428571429
ACT-0065,chemical_group,2,Cc1nc2c(F)cc(-c3nc(Nc4ccc5c(n4)CCN(C[C@H](C)N(C)C)C5)ncc3F)cc2n1C1CC1,c1cc(-c2ccc3ncn(C4CC4)c3c2)nc(Nc2ccc3c(n2)CCNC3)n1,6.8696662315049934,6.255843762462874,7.402304814074488,1.0
ACT-0069,chemical_group,2,Cc1nc2c(F)cc(-c3nc(Nc4ccc5c(n4)CCN(CC[Si](C)(C)C)C5)ncc3F)cc2n1C(C)C,c1cc(-c2ccc3nc[nH]c3c2)nc(Nc2ccc3c(n2)CCNC3)n1,7.204815410317575,7.673082958798119,7.402304814074488,0.8701298701298701
ACT-0070,chemical_group,2,Cc1nc2c(F)cc(-c3nc(Nc4ccc5c(n4)CCN(CCCN(C)C)C5)ncc3F)cc2n1C(C)(C)C,c1cc(-c2ccc3nc[nH]c3c2)nc(Nc2ccc3c(n2)CCNC3)n1,7.54515513999149,7.339298099204345,7.402304814074488,0.918918918918919
ACT-0072,chemical_group,2,Cc1nc2c(F)cc(-c3nc(Nc4ccc5c(n4)CCN(C(=O)CCN(C)C)C5)ncc3F)cc2n1C(C)(C)C,c1cc(-c2ccc3nc[nH]c3c2)nc(Nc2ccc3c(n2)CCNC3)n1,7.844663962534938,7.381947369039333,7.402304814074488,0.7682926829268293
ACT-0077,chemical_group,2,Cc1nc2c(F)cc(-c3nc(Nc4ccc5c(n4)CCN(CCN=C(N)N)C5)ncc3F)cc2n1C(C)C,c1cc(-c2ccc3nc[nH]c3c2)nc(Nc2ccc3c(n2)CCNC3)n1,6.173925197299173,7.652309656040218,7.402304814074488,0.8205128205128205
ACT-0082,chemical_group,2,Cc1nc2c(F)cc(-c3nc(Nc4ccc5c(n4)CCN(CCN(C)P(C)(C)=O)C5)ncc3F)cc2n1C(C)C,c1cc(-c2ccc3nc[nH]c3c2)nc(Nc2ccc3c(n2)CCNC3)n1,6.8696662315049934,7.428847585376182,7.402304814074488,0.8481012658227848
ACT-0084,chemical_group,2,Cc1nc2c(F)cc(-c3nc(Nc4ccc5c(n4)CCN(CCN(C)C(N)=S)C5)ncc3F)cc2n1C(C)C,c1cc(-c2ccc3nc[nH]c3c2)nc(Nc2ccc3c(n2)CCNC3)n1,7.838631997765026,7.574984748557982,7.402304814074488,0.8780487804878049
ACT-0086,chemical_group,2,Cc1nc2c(F)cc(-c3nc(Nc4ccc5c(n4)C[C@H](C)N(CCN(C)C)C5)ncc3F)cc2n1C(C)(C)C,c1cc(-c2ccc3nc[nH]c3c2)nc(Nc2ccc3c(n2)CCNC3)n1,7.347753658996677,7.415847951662018,7.402304814074488,0.7530864197530864
ACT-0091,chemical_group,2,Cc1nc2c(F)cc(-c3nc(Nc4ccc5c(n4)CCN(CCN=C(N)N)C5)ncc3F)cc2n1C(C)C,c1cc(-c2ccc3nc[nH]c3c2)nc(Nc2ccc3c(n2)CCNC3)n1,7.7121982700697735,7.652309656040218,7.402304814074488,0.8205128205128205
ACT-0092,chemical_group,2,Cc1nc2c(F)cc(-c3nc(Nc4ccc5c(n4)CCN(CCN(C)CCNC(=N)N)C5)ncc3F)cc2n1C(C)C,c1cc(-c2ccc3nc[nH]c3c2)nc(Nc2ccc3c(n2)CCNC3)n1,7.106793246940152,7.563552492174952,7.402304814074488,0.8372093023255814
ACT-0099,chemical_group,2,CNCCN1CCc2nc(Nc3ncc(F)c(-c4cc(F)c5nc(C)n(C6CC6)c5c4)n3)ccc2C1,c1cc(-c2ccc3ncn(C4CC4)c3c2)nc(Nc2ccc3c(n2)CCNC3)n1,6.521433504406157,6.463106618180009,7.402304814074488,0.810126582278481
ACT-0100,chemical_group,2,Cc1nc2c(F)cc(-c3nc(Nc4ccc5c(n4)CCN(CCN4CCOCC4)C5)ncc3F)cc2n1C(C)(C)C,c1cc(-c2ccc3nc[nH]c3c2)nc(Nc2ccc3c(n2)CCN(CCN2CCOCC2)C3)n1,7.368556230986828,7.468220180063658,7.402304814074488,0.8904109589041096
ACT-0108,chemical_group,2,CCOP(=O)(OCC)C1(O)CCN(CCN2CCc3nc(Nc4ncc(F)c(-c5cc(F)c6nc(C)n(C(C)(C)C)c6c5)n4)ccc3C2)C1,c1cc(-c2ccc3nc[nH]c3c2)nc(Nc2ccc3c(n2)CCN(CCN2CCCC2)C3)n1,7.220403508742176,7.468885776852806,7.402304814074488,0.7244897959183674
ACT-0120,chemical_group,2,Cc1nc2c(F)cc(-c3nc(Nc4ccc5c(n4)CCN(CC(C)(C)N)C5)ncc3F)cc2n1C(C)(C)C,c1cc(-c2ccc3nc[nH]c3c2)nc(Nc2ccc3c(n2)CCNC3)n1,7.7447274948966935,7.541671963769022,7.402304814074488,0.8493150684931506
ACT-0124,chemical_group,2,CC(=O)N1CCc2nc(Nc3ncc(F)c(-c4cc(F)c5nc(C)n(C(C)C)c5c4)n3)ccc2C1,c1cc(-c2ccc3nc[nH]c3c2)nc(Nc2ccc3c(n2)CCNC3)n1,7.496209316942819,7.605873412515838,7.402304814074488,0.8513513513513513
ACT-0005,chemical_group,3,COCC(=O)N1CCc2nc(Nc3ncc(F)c(-c4cc(F)c5nc(C)n(C(C)C)c5c4)n3)ccc2C1,c1cc(-c2ccc3nc[nH]c3c2)nc(Nc2ccc3c(n2)CCNC3)n1,7.542118103266008,7.629950895377561,7.318318129657737,0.881578947368421
ACT-0013,chemical_group,3,Cc1nc2c(F)cc(-c3nc(Nc4ccc5c(n4)CCN(CC(=O)O)C5)ncc3F)cc2n1C(C)C,c1cc(-c2ccc3nc[nH]c3c2)nc(Nc2ccc3c(n2)CCNC3)n1,8.13430394008393,7.497663618128348,7.318318129657737,0.868421052631579
ACT-0014,chemical_group,3,Cc1nc2c(F)cc(-c3nc(Nc4ccc5c(n4)CCNC5)ncc3F)cc2n1C1CCCC1,c1cc(-c2ccc3ncn(C4CCCC4)c3c2)nc(Nc2ccc3c(n2)CCNC3)n1,6.892790030352131,7.2359790280922756,7.318318129657737,0.9393939393939394
ACT-0015,chemical_group,3,Cc1nc2c(F)cc(-c3nc(Nc4ccc5c(n4)CCN(C(=O)CN4CCN(C)CC4)C5)ncc3F)cc2n1C(C)C,O=C(CN1CCNCC1)N1CCc2nc(Nc3nccc(-c4ccc5nc[nH]c5c4)n3)ccc2C1,7.8297382846050425,7.586406147571536,7.318318129657737,0.8765432098765432
ACT-0018,chemical_group,3,Cc1nc2c(F)cc(-c3nc(Nc4ccc5c(n4)CCN(C(=O)CC(C)(C)O)C5)ncc3F)cc2n1C(C)C,c1cc(-c2ccc3nc[nH]c3c2)nc(Nc2ccc3c(n2)CCNC3)n1,7.429457060118103,7.4347881572368095,7.318318129657737,0.8461538461538461
ACT-0026,chemical_group,3,Cc1nc2c(F)cc(-c3nc(Nc4ccc5c(n4)CCN(C(=O)CN(C)C)C5)ncc3F)cc2n1C1CCC(C)CC1,c1cc(-c2ccc3ncn(C4CCCCC4)c3c2)nc(Nc2ccc3c(n2)CCNC3)n1,7.057495893831919,6.7556342242685306,7.318318129657737,0.9487179487179487
ACT-0032,chemical_group,3,CNC1CC(C(=O)N2CCc3nc(Nc4ncc(F)c(-c5cc(F)c6nc(C)n(C(C)C)c6c5)n4)ccc3C2)C1,O=C(C1CCC1)N1CCc2nc(Nc3nccc(-c4ccc5nc[nH]c5c4)n3)ccc2C1,7.074172425375258,7.506064147580578,7.318318129657737,0.8846153846153846
ACT-0034,chemical_group,3,Cc1nc2c(F)cc(-c3nc(Nc4ccc5c(n4)CCN(C(=O)NCCN(C)C)C5)ncc3F)cc2n1C(C)C,c1cc(-c2ccc3nc[nH]c3c2)nc(Nc2ccc3c(n2)CCNC3)n1,7.266802734893431,7.433701473028928,7.318318129657737,0.8641975308641975
ACT-0046,chemical_group,3,Cc1nc2c(F)cc(-c3nc(Nc4ccc5c(n4)CCN(C(=O)[C@@H](C)N(C)C)C5)ncc3F)cc2n1C(C)C,c1cc(-c2ccc3nc[nH]c3c2)nc(Nc2ccc3c(n2)CCNC3)n1,7.548213564475709,7.31762172396151,7.318318129657737,1.0
ACT-0068,chemical_group,3,Cc1nc2c(F)cc(-c3nc(Nc4ccc5c(n4)CCN(CCN(C)C)C5)ncc3F)cc2n1C1(C)CC1,c1cc(-c2ccc3ncn(C4CC4)c3c2)nc(Nc2ccc3c(n2)CCNC3)n1,7.787812395596042,7.40854632963832,7.318318129657737,0.7848101265822784
ACT-0074,chemical_group,3,Cc1nc2c(F)cc(-c3nc(Nc4ccc5c(n4)CCN(C[C@@H]4CN(C)CCO4)C5)ncc3F)cc2n1C(C)(C)C,c1cc(-c2ccc3nc[nH]c3c2)nc(Nc2ccc3c(n2)CCN(CC2CNCCO2)C3)n1,7.987162775294828,7.648377876744772,7.318318129657737,1.0
ACT-0079,chemical_group,3,Cc1nc2c(F)cc(-c3nc(Nc4ccc5c(n4)CCN(CCN(C)C)[C@H]5C)ncc3F)cc2n1C(C)(C)C,c1cc(-c2ccc3nc[nH]c3c2)nc(Nc2ccc3c(n2)CCNC3)n1,7.623423042943488,7.461768349749411,7.318318129657737,1.0
ACT-0081,chemical_group,3,Cc1nc2c(F)cc(-c3nc(Nc4ccc5c(n4)CCN(CCN(C)C)[C@H]5C)ncc3F)cc2n1C(C)(C)C,c1cc(-c2ccc3nc[nH]c3c2)nc(Nc2ccc3c(n2)CCNC3)n1,7.079354998593212,7.461768349749411,7.318318129657737,1.0
ACT-0093,chemical_group,3,Cc1nc2c(F)cc(-c3nc(Nc4ccc5c(n4)CCN(CCN(C)CC[Si](C)(C)C)C5)ncc3F)cc2n1C(C)C,c1cc(-c2ccc3nc[nH]c3c2)nc(Nc2ccc3c(n2)CCNC3)n1,7.600326278518962,7.283962673484811,7.318318129657737,0.8701298701298701
ACT-0094,chemical_group,3,Cc1nc2c(F)cc(-c3nc(Nc4ccc5c(n4)CCN(CCN(C)C(=S)n4ccnc4)C5)ncc3F)cc2n1C(C)C,S=C(NCCN1CCc2nc(Nc3nccc(-c4ccc5nc[nH]c5c4)n3)ccc2C1)n1ccnc1,6.8326826652518236,7.56329318980405,7.318318129657737,0.8
ACT-0101,chemical_group,3,Cc1nc2c(F)cc(-c3nc(Nc4ccc5c(n4)CCN(CCN4CCN(C)CC4)C5)ncc3F)cc2n1C(C)(C)C,c1cc(-c2ccc3nc[nH]c3c2)nc(Nc2ccc3c(n2)CCN(CCN2CCNCC2)C3)n1,7.402304814074488,7.4921801212379275,7.318318129657737,0.8904109589041096
ACT-0104,chemical_group,3,Cc1nc2c(F)cc(-c3nc(Nc4ccc5c(n4)CCN(CCN(C)CCN(C)C)C5)ncc3F)cc2n1C(C)(C)C,c1cc(-c2ccc3nc[nH]c3c2)nc(Nc2ccc3c(n2)CCNC3)n1,7.13608262304214,7.402951450487308,7.318318129657737,0.9324324324324325
ACT-0106,chemical_group,3,CC(=N)NCCN1CCc2nc(Nc3ncc(F)c(-c4cc(F)c5nc(C)n(C(C)C)c5c4)n3)ccc2C1,c1cc(-c2ccc3nc[nH]c3c2)nc(Nc2ccc3c(n2)CCNC3)n1,7.6777807052660805,7.534133237938772,7.318318129657737,0.8205128205128205
ACT-0110,chemical_group,3,CCOP(=O)(CCN(C)CCN1CCc2nc(Nc3ncc(F)c(-c4cc(F)c5nc(C)n(C(C)(C)C)c5c4)n3)ccc2C1)OCC,c1cc(-c2ccc3nc[nH]c3c2)nc(Nc2ccc3c(n2)CCNC3)n1,7.226945306635738,7.353938939167716,7.318318129657737,0.8409090909090909
ACT-0114,chemical_group,3,CNCCN1CCc2nc(Nc3ncc(F)c(-c4cc(F)c5nc(C)n(C6(C)CC6)c5c4)n3)ccc2C1,c1cc(-c2ccc3ncn(C4CC4)c3c2)nc(Nc2ccc3c(n2)CCNC3)n1,7.698970004336019,7.855478550367986,7.318318129657737,0.7721518987341772
ACT-0116,chemical_group,3,Cc1nc2c(F)cc(-c3nc(Nc4ccc5c(n4)CCN(C(C)CN(C)C)C5)ncc3F)cc2n1C(C)(C)C,c1cc(-c2ccc3nc[nH]c3c2)nc(Nc2ccc3c(n2)CCNC3)n1,7.298432014944073,7.507108485066259,7.318318129657737,0.7530864197530864
ACT-0118,chemical_group,3,Cc1nc2c(F)cc(-c3nc(Nc4ccc5c(n4)CCN(CCS(C)(=O)=O)C5)ncc3F)cc2n1C(C)(C)C,c1cc(-c2ccc3nc[nH]c3c2)nc(Nc2ccc3c(n2)CCNC3)n1,7.882728704344236,7.494542257110206,7.318318129657737,0.8289473684210527
ACT-0119,chemical_group,3,Cc1nc2c(F)cc(-c3nc(Nc4ccc5c(n4)CCN(CC=NO)C5)ncc3F)cc2n1C(C)C,c1cc(-c2ccc3nc[nH]c3c2)nc(Nc2ccc3c(n2)CCNC3)n1,7.853871964321762,7.98307543089264,7.318318129657737,1.0
ACT-0122,chemical_group,3,Cc1nc2c(F)cc(-c3nc(Nc4ccc5c(n4)CCNC5)ncc3F)cc2n1C(C)C,c1cc(-c2ccc3nc[nH]c3c2)nc(Nc2ccc3c(n2)CCNC3)n1,7.769551078621726,7.728984514708709,7.318318129657737,0.8428571428571429
ACT-0001,chemical_group,4,CCN1CCN(Cc2ccc(Nc3ncc(F)c(-c4cc(F)c5nc(C)n(C(C)C)c5c4)n3)nc2)CC1,c1cc(-c2ccc3nc[nH]c3c2)nc(Nc2ccc(CN3CCNCC3)cn2)n1,7.282329496997738,7.564222529610648,7.358154944991752,0.6049382716049383
ACT-0011,chemical_group,4,Cc1nc2c(F)cc(-c3nc(Nc4ccc5c(n4)CCN(C(=O)CN)C5)ncc3F)cc2n1C(C)C,c1cc(-c2ccc3nc[nH]c3c2)nc(Nc2ccc3c(n2)CCNC3)n1,7.429457060118103,7.670589559301874,7.358154944991752,0.88
ACT-0012,chemical_group,4,COC(=O)CN1CCc2nc(Nc3ncc(F)c(-c4cc(F)c5nc(C)n(C(C)C)c5c4)n3)ccc2C1,c1cc(-c2ccc3nc[nH]c3c2)nc(Nc2ccc3c(n2)CCNC3)n1,7.4179366370882915,7.746941116764684,7.358154944991752,0.868421052631579
ACT-0021,chemical_group,4,Cc1nc2c(F)cc(-c3nc(Nc4ccc5c(n4)CCN(C(=O)CN(C)C)C5)ncc3F)cc2n1C1CC1,c1cc(-c2ccc3ncn(C4CC4)c3c2)nc(Nc2ccc3c(n2)CCNC3)n1,6.517126416391246,6.819958720987718,7.358154944991752,0.9487179487179487
ACT-0023,chemical_group,4,Cc1nc2c(F)cc(-c3nc(Nc4ccc5c(n4)CCN(C(=O)C4CC(O)C4)C5)ncc3F)cc2n1C(C)C,O=C(C1CCC1)N1CCc2nc(Nc3nccc(-c4ccc5nc[nH]c5c4)n3)ccc2C1,7.690369832574101,7.320015088847964,7.358154944991752,0.8846153846153846
ACT-0024,chemical_group,4,Cc1nc2c(F)cc(-c3nc(Nc4ccc5c(n4)CCNC5)ncc3F)cc2n1C1CCC(C)CC1,c1cc(-c2ccc3ncn(C4CCCCC4)c3c2)nc(Nc2ccc3c(n2)CCNC3)n1,7.183758700008217,6.865359069199025,7.358154944991752,0.9402985074626866
ACT-0028,chemical_group,4,Cc1nc2c(F)cc(-c3nc(Nc4ccc5c(n4)CCN(CC(=O)N(C)C)C5)ncc3F)cc2n1C1CC1,c1cc(-c2ccc3ncn(C4CC4)c3c2)nc(Nc2ccc3c(n2)CCNC3)n1,6.384049948343598,6.478338663013896,7.358154944991752,0.7901234567901234
ACT-0029,chemical_group,4,C=CC(=O)N1CCc2nc(Nc3ncc(F)c(-c4cc(F)c5nc(C)n(C(C)C)c5c4)n3)ccc2C1,c1cc(-c2ccc3nc[nH]c3c2)nc(Nc2ccc3c(n2)CCNC3)n1,7.490797477668897,7.702091997264418,7.358154944991752,0.84
ACT-0035,chemical_group,4,Cc1nc2c(F)cc(-c3nc(Nc4ccc5c(n4)CCN(C(C)C)C5)ncc3F)cc2n1C1CC1,c1cc(-c2ccc3ncn(C4CC4)c3c2)nc(Nc2ccc3c(n2)CCNC3)n1,6.1487416512809245,6.75024531065457,7.358154944991752,0.8028169014084507
ACT-0036,chemical_group,4,Cc1nc2c(F)cc(-c3nc(Nc4ccc5c(n4)CCN(C(=O)OCCN(C)C)C5)ncc3F)cc2n1C1CC1,c1cc(-c2ccc3ncn(C4CC4)c3c2)nc(Nc2ccc3c(n2)CCNC3)n1,6.460923901207224,6.82425956548189,7.358154944991752,0.8045977011494253
ACT-0037,chemical_group,4,Cc1nc2c(F)cc(-c3nc(Nc4ccc5c(n4)CCN(C(=O)[C@@H](C)N(C)C)C5)ncc3F)cc2n1C1CC1,c1cc(-c2ccc3ncn(C4CC4)c3c2)nc(Nc2ccc3c(n2)CCNC3)n1,6.252588192113577,6.801515668773327,7.358154944991752,1.0
ACT-0045,chemical_group,4,Cc1nc2c(F)cc(-c3nc(Nc4ccc5c(n4)CCN(C(=O)N(C)CCN(C)C)C5)ncc3F)cc2n1C1CC1,c1cc(-c2ccc3ncn(C4CC4)c3c2)nc(Nc2ccc3c(n2)CCNC3)n1,6.438898616350944,6.810884514083272,7.358154944991752,0.8333333333333334
ACT-0066,chemical_group,4,Cc1nc2c(F)cc(-c3nc(Nc4ccc5c(n4)CCN(CCN(C)C)C5)ncc3F)cc2n1C(C)C1CC1,c1cc(-c2ccc3ncn(CC4CC4)c3c2)nc(Nc2ccc3c(n2)CCNC3)n1,7.787812395596042,7.372719893161124,7.358154944991752,0.8589743589743589
ACT-0071,chemical_group,4,Cc1nc2c(F)cc(-c3nc(Nc4ccc5c(n4)CCN(CCN(C)C(=N)N)C5)ncc3F)cc2n1C(C)C,c1cc(-c2ccc3nc[nH]c3c2)nc(Nc2ccc3c(n2)CCNC3)n1,7.787812395596042,7.551424702170745,7.358154944991752,0.8780487804878049
ACT-0080,chemical_group,4,Cc1nc2c(F)cc(-c3nc(Nc4ccc5c(n4)CCN(CCN(C)C)[C@@H]5C)ncc3F)cc2n1C(C)(C)C,c1cc(-c2ccc3nc[nH]c3c2)nc(Nc2ccc3c(n2)CCNC3)n1,7.507239610973162,7.375637634642288,7.358154944991752,1.0
ACT-0087,chemical_group,4,Cc1nc2c(F)cc(-c3nc(Nc4ccc5c(n4)CCN(CCS(C)(=O)=NC#N)C5)ncc3F)cc2n1C(C)C,c1cc(-c2ccc3nc[nH]c3c2)nc(Nc2ccc3c(n2)CCNC3)n1,7.627087997029893,7.6874080492258114,7.358154944991752,0.75
ACT-0089,chemical_group,4,Cc1nc2c(F)cc(-c3nc(Nc4ccc5c(n4)CCN(C(=O)[C@@H](C)N(C)C)C5)ncc3F)cc2n1C1CC1,c1cc(-c2ccc3ncn(C4CC4)c3c2)nc(Nc2ccc3c(n2)CCNC3)n1,6.35261702988538,6.801515668773327,7.358154944991752,1.0
ACT-0090,chemical_group,4,Cc1nc2c(F)cc(-c3nc(Nc4ccc5c(n4)CCN(C[C@@H]4CCCN4C)C5)ncc3F)cc2n1C1CC1,c1cc(-c2ccc3ncn(C4CC4)c3c2)nc(Nc2ccc3c(n2)CCN(CC2CCCN2)C3)n1,7.54515513999149,6.4813885291569,7.358154944991752,1.0
ACT-0095,chemical_group,4,Cc1nc2c(F)cc(-c3nc(Nc4ccc5c(n4)CCNC5)ncc3F)cc2n1C,c1cc(-c2ccc3nc[nH]c3c2)nc(Nc2ccc3c(n2)CCNC3)n1,6.313363730737707,7.808331534734147,7.358154944991752,0.8059701492537313
ACT-0097,chemical_group,4,CCn1c(C)nc2c(F)cc(-c3nc(Nc4ccc5c(n4)CCNC5)ncc3F)cc21,c1cc(-c2ccc3nc[nH]c3c2)nc(Nc2ccc3c(n2)CCNC3)n1,6.899629454882437,7.359750902026451,7.358154944991752,0.7887323943661971
ACT-0105,chemical_group,4,Cc1nc2c(F)cc(-c3nc(Nc4ccc5c(n4)CCN(CCN(C)CC[Si](C)(C)C)C5)ncc3F)cc2n1C(C)(C)C,c1cc(-c2ccc3nc[nH]c3c2)nc(Nc2ccc3c(n2)CCNC3)n1,7.460923901207224,7.440059369790665,7.358154944991752,0.8734177215189873
ACT-0107,chemical_group,4,CNCCN1CCc2nc(Nc3ncc(F)c(-c4cc(F)c5nc(C)n(C(C)(C)C)c5c4)n3)ccc2C1,c1cc(-c2ccc3nc[nH]c3c2)nc(Nc2ccc3c(n2)CCNC3)n1,8.175223537524454,7.616376238076457,7.358154944991752,0.863013698630137
ACT-0111,chemical_group,4,Cc1nc2c(F)cc(-c3nc(Nc4ccc5c(n4)CCN(CC(N)=NO)C5)ncc3F)cc2n1C(C)(C)C,c1cc(-c2ccc3nc[nH]c3c2)nc(Nc2ccc3c(n2)CCNC3)n1,7.568636235841012,7.709428232023621,7.358154944991752,0.8051948051948052
ACT-0121,chemical_group,4,Cc1nc2c(F)cc(-c3nc(Nc4ccc5c(n4)CCN(CCN4CCC(B(O)O)CC4)C5)ncc3F)cc2n1C(C)(C)C,c1cc(-c2ccc3nc[nH]c3c2)nc(Nc2ccc3c(n2)CCN(CCN2CCCCC2)C3)n1,7.732828271596986,7.353000541984249,7.358154944991752,0.8227848101265823
ACT-0002,chemical_group,5,Cc1nc2c(F)cc(-c3nc(Nc4ccc5c(n4)CCN(C(C)C)C5)ncc3F)cc2n1C(C)C,c1cc(-c2ccc3nc[nH]c3c2)nc(Nc2ccc3c(n2)CCNC3)n1,7.455931955649724,7.686532943449893,7.331454148676132,0.8507462686567164
ACT-0004,chemical_group,5,Cc1nc2c(F)cc(-c3nc(Nc4ccc5c(n4)CCN(C(=O)CN(C)C)C5)ncc3F)cc2n1C(C)C,c1cc(-c2ccc3nc[nH]c3c2)nc(Nc2ccc3c(n2)CCNC3)n1,7.4723700991286615,6.718355191495799,7.331454148676132,0.8461538461538461
ACT-0008,chemical_group,5,COC(=O)C(=O)N1CCc2nc(Nc3ncc(F)c(-c4cc(F)c5nc(C)n(C(C)C)c5c4)n3)ccc2C1,c1cc(-c2ccc3nc[nH]c3c2)nc(Nc2ccc3c(n2)CCNC3)n1,7.982966660701219,7.547542743607467,7.331454148676132,0.84
ACT-0009,chemical_group,5,Cc1nc2c(F)cc(-c3nc(Nc4ccc5c(n4)CCN(CC(F)(F)F)C5)ncc3F)cc2n1C(C)C,c1cc(-c2ccc3nc[nH]c3c2)nc(Nc2ccc3c(n2)CCNC3)n1,7.218963061378869,7.681234715633967,7.331454148676132,0.8026315789473685
ACT-0020,chemical_group,5,Cc1nc2c(F)cc(-c3nc(Nc4ccc5c(n4)CCNC5)ncc3F)cc2n1C1CC1,c1cc(-c2ccc3ncn(C4CC4)c3c2)nc(Nc2ccc3c(n2)CCNC3)n1,6.844663962534938,6.604267198354718,7.331454148676132,0.9402985074626866
ACT-0030,chemical_group,5,Cc1nc2c(F)cc(-c3nc(Nc4ccc5c(n4)CCN(C(=O)C4CC(N)C4)C5)ncc3F)cc2n1C(C)C,O=C(C1CCC1)N1CCc2nc(Nc3nccc(-c4ccc5nc[nH]c5c4)n3)ccc2C1,7.391473966422806,7.445442393639918,7.331454148676132,0.8846153846153846
ACT-0040,chemical_group,5,Cc1nc2c(F)cc(-c3nc(Nc4ccc5c(n4)CCN(C(=O)NCCO)C5)ncc3F)cc2n1C1CC1,c1cc(-c2ccc3ncn(C4CC4)c3c2)nc(Nc2ccc3c(n2)CCNC3)n1,6.476253533188435,6.679060843188941,7.331454148676132,0.8658536585365854
ACT-0041,chemical_group,5,CNCC(=O)N1CCc2nc(Nc3ncc(F)c(-c4cc(F)c5nc(C)n(C6CCC6)c5c4)n3)ccc2C1,c1cc(-c2ccc3ncn(C4CCC4)c3c2)nc(Nc2ccc3c(n2)CCNC3)n1,6.889410289700751,6.86208439813917,7.331454148676132,0.9
ACT-0044,chemical_group,5,Cc1nc2c(F)cc(-c3nc(Nc4ccc5c(n4)CCN(C(=O)CN(C)C)C5)ncc3F)cc2n1CC1CC1,c1cc(-c2ccc3ncn(CC4CC4)c3c2)nc(Nc2ccc3c(n2)CCNC3)n1,7.100179497572904,6.759671224575429,7.331454148676132,0.8072289156626506
ACT-0047,chemical_group,5,Cc1nc2c(F)cc(-c3nc(Nc4ccc5c(n4)CCN(CCN(C)C)C5)ncc3F)cc2n1C(C)C,c1cc(-c2ccc3nc[nH]c3c2)nc(Nc2ccc3c(n2)CCNC3)n1,7.3214816209598865,7.588703508394239,7.331454148676132,0.868421052631579
ACT-0056,chemical_group,5,Cc1nc2c(F)cc(-c3nc(Nc4ccc5c(n4)CCN(C[C@@H](O)CN(C)C)C5)ncc3F)cc2n1C1CC1,c1cc(-c2ccc3ncn(C4CC4)c3c2)nc(Nc2ccc3c(n2)CCNC3)n1,6.430626090384954,6.390060073693341,7.331454148676132,0.8170731707317073
ACT-0058,chemical_group,5,C#CCN1CCCC1CN1CCc2nc(Nc3ncc(F)c(-c4cc(F)c5nc(C)n(C(C)C)c5c4)n3)ccc2C1,c1cc(-c2ccc3nc[nH]c3c2)nc(Nc2ccc3c(n2)CCN(CC2CCCN2)C3)n1,7.125518182300533,7.55226639680281,7.331454148676132,0.717391304347826
ACT-0060,chemical_group,5,Cc1nc2c(F)cc(-c3nc(Nc4ccc5c(n4)CCN(CC#CCN(C)C)C5)ncc3F)cc2n1C(C)C,c1cc(-c2ccc3nc[nH]c3c2)nc(Nc2ccc3c(n2)CCNC3)n1,7.449771646944906,7.516013228409174,7.331454148676132,0.7738095238095238
ACT-0062,chemical_group,5,CCC(CC)n1c(C)nc2c(F)cc(-c3nc(Nc4ccc5c(n4)CCNC5)ncc3F)cc21,c1cc(-c2ccc3nc[nH]c3c2)nc(Nc2ccc3c(n2)CCNC3)n1,7.782516055786093,7.495515724158686,7.331454148676132,0.8405797101449275
ACT-0073,chemical_group,5,Cc1nc2c(F)cc(-c3nc(Nc4ccc5c(n4)CCN(C[C@H]4CN(C)CCO4)C5)ncc3F)cc2n1C(C)(C)C,c1cc(-c2ccc3nc[nH]c3c2)nc(Nc2ccc3c(n2)CCN(CC2CNCCO2)C3)n1,7.787812395596042,7.788578519350606,7.331454148676132,1.0
ACT-0076,chemical_group,5,C/C(=N/O)N(C)CCN1CCc2nc(Nc3ncc(F)c(-c4cc(F)c5nc(C)n(C(C)C)c5c4)n3)ccc2C1,c1cc(-c2ccc3nc[nH]c3c2)nc(Nc2ccc3c(n2)CCNC3)n1,7.823908740944319,7.6066510594669925,7.331454148676132,0.8235294117647058
ACT-0088,chemical_group,5,Cc1nc2c(F)cc(-c3nc(Nc4ccc5c(n4)CCN(CCN(C)C)C5)ncc3F)cc2n1CC1CC1,c1cc(-c2ccc3ncn(CC4CC4)c3c2)nc(Nc2ccc3c(n2)CCNC3)n1,6.634512015109101,7.65613328283783,7.331454148676132,0.8
ACT-0098,chemical_group,5,CCn1c(C)nc2c(F)cc(-c3nc(Nc4ccc5c(n4)CCN(CCN(C)C)C5)ncc3F)cc21,c1cc(-c2ccc3nc[nH]c3c2)nc(Nc2ccc3c(n2)CCNC3)n1,6.446116973356125,7.372776801897284,7.331454148676132,0.8076923076923077
ACT-0109,chemical_group,5,Cc1nc2c(F)cc(-c3nc(Nc4ccc5c(n4)CCN(CCN(C)CCP(=O)(O)O)C5)ncc3F)cc2n1C(C)(C)C,c1cc(-c2ccc3nc[nH]c3c2)nc(Nc2ccc3c(n2)CCNC3)n1,7.559090917934782,7.215130339103496,7.331454148676132,0.8433734939759037
ACT-0112,chemical_group,5,C/C(=N/O)N(C)CCN1CCc2nc(Nc3ncc(F)c(-c4cc(F)c5nc(C)n(C(C)C)c5c4)n3)ccc2C1,c1cc(-c2ccc3nc[nH]c3c2)nc(Nc2ccc3c(n2)CCNC3)n1,7.39577394691553,7.6066510594669925,7.331454148676132,0.8235294117647058
ACT-0117,chemical_group,5,Cc1nc2c(F)cc(-c3nc(Nc4ccc5c(n4)CCN(CCN4CC=C(B(O)O)CC4)C5)ncc3F)cc2n1C(C)(C)C,C1=CCN(CCN2CCc3nc(Nc4nccc(-c5ccc6nc[nH]c6c5)n4)ccc3C2)CC1,7.494850021680094,7.552747305568287,7.331454148676132,0.7901234567901234
ACT-0123,chemical_group,5,Cc1nc2c(F)cc(-c3nc(Nc4ccc5c(n4)CCN(C(=O)CO)C5)ncc3F)cc2n1C(C)C,c1cc(-c2ccc3nc[nH]c3c2)nc(Nc2ccc3c(n2)CCNC3)n1,7.8696662315049934,7.578955271423176,7.331454148676132,0.8933333333333333
ACT-0125,chemical_group,5,Cc1nc2c(F)cc(-c3nc(Nc4ccc5c(n4)CCN(CCO)C5)ncc3F)cc2n1C(C)C,c1cc(-c2ccc3nc[nH]c3c2)nc(Nc2ccc3c(n2)CCNC3)n1,7.701146923590294,7.683793205728017,7.331454148676132,0.8513513513513513
ACT-0126,chemical_group,5,Cc1nc2c(F)cc(-c3nc(Nc4ccc5c(n4)CCN(CCF)C5)ncc3F)cc2n1C(C)C,c1cc(-c2ccc3nc[nH]c3c2)nc(Nc2ccc3c(n2)CCNC3)n1,7.647817481888637,7.682788371466006,7.331454148676132,0.863013698630137
ACT-0002,murcko_scaffold,1,Cc1nc2c(F)cc(-c3nc(Nc4ccc5c(n4)CCN(C(C)C)C5)ncc3F)cc2n1C(C)C,c1cc(-c2ccc3nc[nH]c3c2)nc(Nc2ccc3c(n2)CCNC3)n1,7.455931955649724,7.478990280333937,6.936123742083513,0.8028169014084507
ACT-0003,murcko_scaffold,1,CNCC(=O)N1CCc2nc(Nc3ncc(F)c(-c4cc(F)c5nc(C)n(C(C)C)c5c4)n3)ccc2C1,c1cc(-c2ccc3nc[nH]c3c2)nc(Nc2ccc3c(n2)CCNC3)n1,7.528708288941061,7.432643079156906,6.936123742083513,0.8148148148148148
ACT-0004,murcko_scaffold,1,Cc1nc2c(F)cc(-c3nc(Nc4ccc5c(n4)CCN(C(=O)CN(C)C)C5)ncc3F)cc2n1C(C)C,c1cc(-c2ccc3nc[nH]c3c2)nc(Nc2ccc3c(n2)CCNC3)n1,7.4723700991286615,7.115468446329389,6.936123742083513,0.8441558441558441
ACT-0005,murcko_scaffold,1,COCC(=O)N1CCc2nc(Nc3ncc(F)c(-c4cc(F)c5nc(C)n(C(C)C)c5c4)n3)ccc2C1,c1cc(-c2ccc3nc[nH]c3c2)nc(Nc2ccc3c(n2)CCNC3)n1,7.542118103266008,7.476039954943088,6.936123742083513,0.8048780487804879
ACT-0006,murcko_scaffold,1,Cc1nc2c(F)cc(-c3nc(Nc4ccc5c(n4)CCN(C)C5)ncc3F)cc2n1C(C)C,c1cc(-c2ccc3nc[nH]c3c2)nc(Nc2ccc3c(n2)CCNC3)n1,7.809668301829708,7.592205614734579,6.936123742083513,0.7564102564102564
ACT-0007,murcko_scaffold,1,Cc1nc2c(F)cc(-c3nc(Nc4ccc5c(n4)CCN(C(=O)CCO)C5)ncc3F)cc2n1C(C)C,c1cc(-c2ccc3nc[nH]c3c2)nc(Nc2ccc3c(n2)CCNC3)n1,7.872895201635192,7.4872420909192625,6.936123742083513,0.8148148148148148
ACT-0008,murcko_scaffold,1,COC(=O)C(=O)N1CCc2nc(Nc3ncc(F)c(-c4cc(F)c5nc(C)n(C(C)C)c5c4)n3)ccc2C1,c1cc(-c2ccc3nc[nH]c3c2)nc(Nc2ccc3c(n2)CCNC3)n1,7.982966660701219,7.460993936546733,6.936123742083513,0.7777777777777778
ACT-0009,murcko_scaffold,1,Cc1nc2c(F)cc(-c3nc(Nc4ccc5c(n4)CCN(CC(F)(F)F)C5)ncc3F)cc2n1C(C)C,c1cc(-c2ccc3nc[nH]c3c2)nc(Nc2ccc3c(n2)CCNC3)n1,7.218963061378869,7.4433623301700695,6.936123742083513,0.7023809523809523
ACT-0011,murcko_scaffold,1,Cc1nc2c(F)cc(-c3nc(Nc4ccc5c(n4)CCN(C(=O)CN)C5)ncc3F)cc2n1C(C)C,c1cc(-c2ccc3nc[nH]c3c2)nc(Nc2ccc3c(n2)CCNC3)n1,7.429457060118103,7.479009213031718,6.936123742083513,0.825
ACT-0012,murcko_scaffold,1,COC(=O)CN1CCc2nc(Nc3ncc(F)c(-c4cc(F)c5nc(C)n(C(C)C)c5c4)n3)ccc2C1,c1cc(-c2ccc3nc[nH]c3c2)nc(Nc2ccc3c(n2)CCNC3)n1,7.4179366370882915,7.409912171962224,6.936123742083513,0.75
ACT-0013,murcko_scaffold,1,Cc1nc2c(F)cc(-c3nc(Nc4ccc5c(n4)CCN(CC(=O)O)C5)ncc3F)cc2n1C(C)C,c1cc(-c2ccc3nc[nH]c3c2)nc(Nc2ccc3c(n2)CCNC3)n1,8.13430394008393,7.4211143079383985,6.936123742083513,0.7682926829268293
ACT-0017,murcko_scaffold,1,Cc1nc2c(F)cc(-c3nc(Nc4ccc5c(n4)CCN(C(=O)C(C)N(C)C)C5)ncc3F)cc2n1C(C)C,c1cc(-c2ccc3nc[nH]c3c2)nc(Nc2ccc3c(n2)CCNC3)n1,7.2373214362725635,7.231412772010463,6.936123742083513,0.8148148148148148
ACT-0018,murcko_scaffold,1,Cc1nc2c(F)cc(-c3nc(Nc4ccc5c(n4)CCN(C(=O)CC(C)(C)O)C5)ncc3F)cc2n1C(C)C,c1cc(-c2ccc3nc[nH]c3c2)nc(Nc2ccc3c(n2)CCNC3)n1,7.429457060118103,7.432592976036609,6.936123742083513,0.7951807228915663
ACT-0019,murcko_scaffold,1,Cc1nc2c(F)cc(-c3nc(Nc4ccc5c(n4)CCN(C(=O)C(C)(C)N(C)C)C5)ncc3F)cc2n1C(C)C,c1cc(-c2ccc3nc[nH]c3c2)nc(Nc2ccc3c(n2)CCNC3)n1,6.821023052706831,7.287575240149918,6.936123742083513,0.75
ACT-0029,murcko_scaffold,1,C=CC(=O)N1CCc2nc(Nc3ncc(F)c(-c4cc(F)c5nc(C)n(C(C)C)c5c4)n3)ccc2C1,c1cc(-c2ccc3nc[nH]c3c2)nc(Nc2ccc3c(n2)CCNC3)n1,7.490797477668897,7.472196072522907,6.936123742083513,0.7777777777777778
ACT-0034,murcko_scaffold,1,Cc1nc2c(F)cc(-c3nc(Nc4ccc5c(n4)CCN(C(=O)NCCN(C)C)C5)ncc3F)cc2n1C(C)C,c1cc(-c2ccc3nc[nH]c3c2)nc(Nc2ccc3c(n2)CCNC3)n1,7.266802734893431,7.3228624439685275,6.936123742083513,0.8023255813953488
ACT-0039,murcko_scaffold,1,Cc1nc2c(F)cc(-c3nc(Nc4ccc5c(n4)CCN(C(=O)NCCO)C5)ncc3F)cc2n1C(C)C,c1cc(-c2ccc3nc[nH]c3c2)nc(Nc2ccc3c(n2)CCNC3)n1,7.549750891680639,7.477513619199546,6.936123742083513,0.7951807228915663
ACT-0046,murcko_scaffold,1,Cc1nc2c(F)cc(-c3nc(Nc4ccc5c(n4)CCN(C(=O)[C@@H](C)N(C)C)C5)ncc3F)cc2n1C(C)C,c1cc(-c2ccc3nc[nH]c3c2)nc(Nc2ccc3c(n2)CCNC3)n1,7.548213564475709,7.231412772010463,6.936123742083513,0.8148148148148148
ACT-0047,murcko_scaffold,1,Cc1nc2c(F)cc(-c3nc(Nc4ccc5c(n4)CCN(CCN(C)C)C5)ncc3F)cc2n1C(C)C,c1cc(-c2ccc3nc[nH]c3c2)nc(Nc2ccc3c(n2)CCNC3)n1,7.3214816209598865,7.416138939689416,6.936123742083513,0.8589743589743589
ACT-0052,murcko_scaffold,1,Cc1nc2c(F)cc(-c3nc(Nc4ccc5c(n4)CCN(CCN(C)C)C5)ncc3F)cc2n1C(C)(C)C,c1cc(-c2ccc3nc[nH]c3c2)nc(Nc2ccc3c(n2)CCNC3)n1,7.260427655549908,7.486939157204499,6.936123742083513,0.84
ACT-0054,murcko_scaffold,1,C#CCN(C)CCN1CCc2nc(Nc3ncc(F)c(-c4cc(F)c5nc(C)n(C(C)C)c5c4)n3)ccc2C1,c1cc(-c2ccc3nc[nH]c3c2)nc(Nc2ccc3c(n2)CCNC3)n1,6.777283528852417,7.33296782312182,6.936123742083513,0.735632183908046
ACT-0060,murcko_scaffold,1,Cc1nc2c(F)cc(-c3nc(Nc4ccc5c(n4)CCN(CC#CCN(C)C)C5)ncc3F)cc2n1C(C)C,c1cc(-c2ccc3nc[nH]c3c2)nc(Nc2ccc3c(n2)CCNC3)n1,7.449771646944906,7.244739775333376,6.936123742083513,0.7011494252873564
ACT-0062,murcko_scaffold,1,CCC(CC)n1c(C)nc2c(F)cc(-c3nc(Nc4ccc5c(n4)CCNC5)ncc3F)cc21,c1cc(-c2ccc3nc[nH]c3c2)nc(Nc2ccc3c(n2)CCNC3)n1,7.782516055786093,7.633522445940301,6.936123742083513,0.7837837837837838
ACT-0063,murcko_scaffold,1,CCC(CC)n1c(C)nc2c(F)cc(-c3nc(Nc4ccc5c(n4)CCN(CCN(C)C)C5)ncc3F)cc21,c1cc(-c2ccc3nc[nH]c3c2)nc(Nc2ccc3c(n2)CCNC3)n1,7.7594507517174005,7.489714893892829,6.936123742083513,0.8148148148148148
ACT-0069,murcko_scaffold,1,Cc1nc2c(F)cc(-c3nc(Nc4ccc5c(n4)CCN(CC[Si](C)(C)C)C5)ncc3F)cc2n1C(C)C,c1cc(-c2ccc3nc[nH]c3c2)nc(Nc2ccc3c(n2)CCNC3)n1,7.204815410317575,7.516089261768627,6.936123742083513,0.7142857142857143
ACT-0070,murcko_scaffold,1,Cc1nc2c(F)cc(-c3nc(Nc4ccc5c(n4)CCN(CCCN(C)C)C5)ncc3F)cc2n1C(C)(C)C,c1cc(-c2ccc3nc[nH]c3c2)nc(Nc2ccc3c(n2)CCNC3)n1,7.54515513999149,7.425220358140973,6.936123742083513,0.8181818181818182
ACT-0071,murcko_scaffold,1,Cc1nc2c(F)cc(-c3nc(Nc4ccc5c(n4)CCN(CCN(C)C(=N)N)C5)ncc3F)cc2n1C(C)C,c1cc(-c2ccc3nc[nH]c3c2)nc(Nc2ccc3c(n2)CCNC3)n1,7.787812395596042,7.321898408835947,6.936123742083513,0.7608695652173914
ACT-0072,murcko_scaffold,1,Cc1nc2c(F)cc(-c3nc(Nc4ccc5c(n4)CCN(C(=O)CCN(C)C)C5)ncc3F)cc2n1C(C)(C)C,c1cc(-c2ccc3nc[nH]c3c2)nc(Nc2ccc3c(n2)CCNC3)n1,7.844663962534938,7.36435005577475,6.936123742083513,0.6966292134831461
ACT-0075,murcko_scaffold,1,Cc1nc2c(F)cc(-c3nc(Nc4ccc5c(n4)CCN(C/C=N/O)C5)ncc3F)cc2n1C(C)C,c1cc(-c2ccc3nc[nH]c3c2)nc(Nc2ccc3c(n2)CCNC3)n1,8.220403508742175,7.422268603496465,6.936123742083513,0.6896551724137931
ACT-0076,murcko_scaffold,1,C/C(=N/O)N(C)CCN1CCc2nc(Nc3ncc(F)c(-c4cc(F)c5nc(C)n(C(C)C)c5c4)n3)ccc2C1,c1cc(-c2ccc3nc[nH]c3c2)nc(Nc2ccc3c(n2)CCNC3)n1,7.823908740944319,7.373578619255602,6.936123742083513,0.7526881720430108
ACT-0077,murcko_scaffold,1,Cc1nc2c(F)cc(-c3nc(Nc4ccc5c(n4)CCN(CCN=C(N)N)C5)ncc3F)cc2n1C(C)C,c1cc(-c2ccc3nc[nH]c3c2)nc(Nc2ccc3c(n2)CCNC3)n1,6.173925197299173,7.410436524743626,6.936123742083513,0.6931818181818182
ACT-0079,murcko_scaffold,1,Cc1nc2c(F)cc(-c3nc(Nc4ccc5c(n4)CCN(CCN(C)C)[C@H]5C)ncc3F)cc2n1C(C)(C)C,c1cc(-c2ccc3nc[nH]c3c2)nc(Nc2ccc3c(n2)CCNC3)n1,7.623423042943488,7.483338437047318,6.936123742083513,0.627906976744186
ACT-0080,murcko_scaffold,1,Cc1nc2c(F)cc(-c3nc(Nc4ccc5c(n4)CCN(CCN(C)C)[C@@H]5C)ncc3F)cc2n1C(C)(C)C,c1cc(-c2ccc3nc[nH]c3c2)nc(Nc2ccc3c(n2)CCNC3)n1,7.507239610973162,7.483338437047318,6.936123742083513,0.627906976744186
ACT-0081,murcko_scaffold,1,Cc1nc2c(F)cc(-c3nc(Nc4ccc5c(n4)CCN(CCN(C)C)[C@H]5C)ncc3F)cc2n1C(C)(C)C,c1cc(-c2ccc3nc[nH]c3c2)nc(Nc2ccc3c(n2)CCNC3)n1,7.079354998593212,7.483338437047318,6.936123742083513,0.627906976744186
ACT-0082,murcko_scaffold,1,Cc1nc2c(F)cc(-c3nc(Nc4ccc5c(n4)CCN(CCN(C)P(C)(C)=O)C5)ncc3F)cc2n1C(C)C,c1cc(-c2ccc3nc[nH]c3c2)nc(Nc2ccc3c(n2)CCNC3)n1,6.8696662315049934,7.371317653637403,6.936123742083513,0.735632183908046
ACT-0083,murcko_scaffold,1,Cc1nc2c(F)cc(-c3nc(Nc4ccc5c(n4)C[C@@H](C)NC5)ncc3F)cc2n1C(C)(C)C,c1cc(-c2ccc3nc[nH]c3c2)nc(Nc2ccc3c(n2)CCNC3)n1,7.512861624522813,7.622962747004221,6.936123742083513,0.6375
ACT-0084,murcko_scaffold,1,Cc1nc2c(F)cc(-c3nc(Nc4ccc5c(n4)CCN(CCN(C)C(N)=S)C5)ncc3F)cc2n1C(C)C,c1cc(-c2ccc3nc[nH]c3c2)nc(Nc2ccc3c(n2)CCNC3)n1,7.838631997765026,7.327070897226987,6.936123742083513,0.8
ACT-0085,murcko_scaffold,1,Cc1nc2c(F)cc(-c3nc(Nc4ccc5c(n4)C[C@@H](C)NC5)ncc3F)cc2n1C(C)(C)C,c1cc(-c2ccc3nc[nH]c3c2)nc(Nc2ccc3c(n2)CCNC3)n1,7.950781977329818,7.622962747004221,6.936123742083513,0.6375
ACT-0086,murcko_scaffold,1,Cc1nc2c(F)cc(-c3nc(Nc4ccc5c(n4)C[C@H](C)N(CCN(C)C)C5)ncc3F)cc2n1C(C)(C)C,c1cc(-c2ccc3nc[nH]c3c2)nc(Nc2ccc3c(n2)CCNC3)n1,7.347753658996677,7.531170550123932,6.936123742083513,0.6470588235294118
ACT-0087,murcko_scaffold,1,Cc1nc2c(F)cc(-c3nc(Nc4ccc5c(n4)CCN(CCS(C)(=O)=NC#N)C5)ncc3F)cc2n1C(C)C,c1cc(-c2ccc3nc[nH]c3c2)nc(Nc2ccc3c(n2)CCNC3)n1,7.627087997029893,7.476295535192115,6.936123742083513,0.648936170212766
ACT-0091,murcko_scaffold,1,Cc1nc2c(F)cc(-c3nc(Nc4ccc5c(n4)CCN(CCN=C(N)N)C5)ncc3F)cc2n1C(C)C,c1cc(-c2ccc3nc[nH]c3c2)nc(Nc2ccc3c(n2)CCNC3)n1,7.7121982700697735,7.410436524743626,6.936123742083513,0.6931818181818182
ACT-0092,murcko_scaffold,1,Cc1nc2c(F)cc(-c3nc(Nc4ccc5c(n4)CCN(CCN(C)CCNC(=N)N)C5)ncc3F)cc2n1C(C)C,c1cc(-c2ccc3nc[nH]c3c2)nc(Nc2ccc3c(n2)CCNC3)n1,7.106793246940152,7.335419248527687,6.936123742083513,0.6956521739130435
ACT-0093,murcko_scaffold,1,Cc1nc2c(F)cc(-c3nc(Nc4ccc5c(n4)CCN(CCN(C)CC[Si](C)(C)C)C5)ncc3F)cc2n1C(C)C,c1cc(-c2ccc3nc[nH]c3c2)nc(Nc2ccc3c(n2)CCNC3)n1,7.600326278518962,7.373179588466895,6.936123742083513,0.7441860465116279
ACT-0095,murcko_scaffold,1,Cc1nc2c(F)cc(-c3nc(Nc4ccc5c(n4)CCNC5)ncc3F)cc2n1C,c1cc(-c2ccc3nc[nH]c3c2)nc(Nc2ccc3c(n2)CCNC3)n1,6.313363730737707,7.746780404823322,6.936123742083513,0.7941176470588235
ACT-0097,murcko_scaffold,1,CCn1c(C)nc2c(F)cc(-c3nc(Nc4ccc5c(n4)CCNC5)ncc3F)cc21,c1cc(-c2ccc3nc[nH]c3c2)nc(Nc2ccc3c(n2)CCNC3)n1,6.899629454882437,7.547987930497629,6.936123742083513,0.7605633802816901
ACT-0098,murcko_scaffold,1,CCn1c(C)nc2c(F)cc(-c3nc(Nc4ccc5c(n4)CCN(CCN(C)C)C5)ncc3F)cc21,c1cc(-c2ccc3nc[nH]c3c2)nc(Nc2ccc3c(n2)CCNC3)n1,6.446116973356125,7.376332875508213,6.936123742083513,0.8441558441558441
ACT-0103,murcko_scaffold,1,Cc1nc2c(F)cc(-c3nc(Nc4ccc5c(n4)CCN(CCN(C)CCO)C5)ncc3F)cc2n1C(C)(C)C,c1cc(-c2ccc3nc[nH]c3c2)nc(Nc2ccc3c(n2)CCNC3)n1,7.315154638355588,7.450652656456569,6.936123742083513,0.7974683544303798
ACT-0104,murcko_scaffold,1,Cc1nc2c(F)cc(-c3nc(Nc4ccc5c(n4)CCN(CCN(C)CCN(C)C)C5)ncc3F)cc2n1C(C)(C)C,c1cc(-c2ccc3nc[nH]c3c2)nc(Nc2ccc3c(n2)CCNC3)n1,7.13608262304214,7.448281974960937,6.936123742083513,0.8076923076923077
ACT-0105,murcko_scaffold,1,Cc1nc2c(F)cc(-c3nc(Nc4ccc5c(n4)CCN(CCN(C)CC[Si](C)(C)C)C5)ncc3F)cc2n1C(C)(C)C,c1cc(-c2ccc3nc[nH]c3c2)nc(Nc2ccc3c(n2)CCNC3)n1,7.460923901207224,7.439479784545919,6.936123742083513,0.7901234567901234
ACT-0106,murcko_scaffold,1,CC(=N)NCCN1CCc2nc(Nc3ncc(F)c(-c4cc(F)c5nc(C)n(C(C)C)c5c4)n3)ccc2C1,c1cc(-c2ccc3nc[nH]c3c2)nc(Nc2ccc3c(n2)CCNC3)n1,7.6777807052660805,7.526701038194167,6.936123742083513,0.6931818181818182
ACT-0107,murcko_scaffold,1,CNCCN1CCc2nc(Nc3ncc(F)c(-c4cc(F)c5nc(C)n(C(C)(C)C)c5c4)n3)ccc2C1,c1cc(-c2ccc3nc[nH]c3c2)nc(Nc2ccc3c(n2)CCNC3)n1,8.175223537524454,7.5429726788962785,6.936123742083513,0.8513513513513513
ACT-0109,murcko_scaffold,1,Cc1nc2c(F)cc(-c3nc(Nc4ccc5c(n4)CCN(CCN(C)CCP(=O)(O)O)C5)ncc3F)cc2n1C(C)(C)C,c1cc(-c2ccc3nc[nH]c3c2)nc(Nc2ccc3c(n2)CCNC3)n1,7.559090917934782,7.3543334002423775,6.936123742083513,0.75
ACT-0110,murcko_scaffold,1,CCOP(=O)(CCN(C)CCN1CCc2nc(Nc3ncc(F)c(-c4cc(F)c5nc(C)n(C(C)(C)C)c5c4)n3)ccc2C1)OCC,c1cc(-c2ccc3nc[nH]c3c2)nc(Nc2ccc3c(n2)CCNC3)n1,7.226945306635738,7.365233317157056,6.936123742083513,0.7244897959183674
ACT-0111,murcko_scaffold,1,Cc1nc2c(F)cc(-c3nc(Nc4ccc5c(n4)CCN(CC(N)=NO)C5)ncc3F)cc2n1C(C)(C)C,c1cc(-c2ccc3nc[nH]c3c2)nc(Nc2ccc3c(n2)CCNC3)n1,7.568636235841012,7.534461277468525,6.936123742083513,0.7721518987341772
ACT-0112,murcko_scaffold,1,C/C(=N/O)N(C)CCN1CCc2nc(Nc3ncc(F)c(-c4cc(F)c5nc(C)n(C(C)C)c5c4)n3)ccc2C1,c1cc(-c2ccc3nc[nH]c3c2)nc(Nc2ccc3c(n2)CCNC3)n1,7.39577394691553,7.373578619255602,6.936123742083513,0.7526881720430108
ACT-0113,murcko_scaffold,1,Cc1nc2c(F)cc(-c3nc(Nc4ccc5c(n4)CCN(CCN)C5)ncc3F)cc2n1C(C)(C)C,c1cc(-c2ccc3nc[nH]c3c2)nc(Nc2ccc3c(n2)CCNC3)n1,7.681936665037238,7.578025697792659,6.936123742083513,0.875
ACT-0115,murcko_scaffold,1,CCOP(=O)(OCC)N(C)CCN1CCc2nc(Nc3ncc(F)c(-c4cc(F)c5nc(C)n(C(C)C)c5c4)n3)ccc2C1,c1cc(-c2ccc3nc[nH]c3c2)nc(Nc2ccc3c(n2)CCNC3)n1,6.931814138253838,7.347900054285567,6.936123742083513,0.6956521739130435
ACT-0116,murcko_scaffold,1,Cc1nc2c(F)cc(-c3nc(Nc4ccc5c(n4)CCN(C(C)CN(C)C)C5)ncc3F)cc2n1C(C)(C)C,c1cc(-c2ccc3nc[nH]c3c2)nc(Nc2ccc3c(n2)CCNC3)n1,7.298432014944073,7.375621121208889,6.936123742083513,0.7073170731707317
ACT-0118,murcko_scaffold,1,Cc1nc2c(F)cc(-c3nc(Nc4ccc5c(n4)CCN(CCS(C)(=O)=O)C5)ncc3F)cc2n1C(C)(C)C,c1cc(-c2ccc3nc[nH]c3c2)nc(Nc2ccc3c(n2)CCNC3)n1,7.882728704344236,7.512257986191608,6.936123742083513,0.8181818181818182
ACT-0119,murcko_scaffold,1,Cc1nc2c(F)cc(-c3nc(Nc4ccc5c(n4)CCN(CC=NO)C5)ncc3F)cc2n1C(C)C,c1cc(-c2ccc3nc[nH]c3c2)nc(Nc2ccc3c(n2)CCNC3)n1,7.853871964321762,7.422268603496465,6.936123742083513,0.6896551724137931
ACT-0120,murcko_scaffold,1,Cc1nc2c(F)cc(-c3nc(Nc4ccc5c(n4)CCN(CC(C)(C)N)C5)ncc3F)cc2n1C(C)(C)C,c1cc(-c2ccc3nc[nH]c3c2)nc(Nc2ccc3c(n2)CCNC3)n1,7.7447274948966935,7.539213005045761,6.936123742083513,0.8133333333333334
ACT-0122,murcko_scaffold,1,Cc1nc2c(F)cc(-c3nc(Nc4ccc5c(n4)CCNC5)ncc3F)cc2n1C(C)C,c1cc(-c2ccc3nc[nH]c3c2)nc(Nc2ccc3c(n2)CCNC3)n1,7.769551078621726,7.585298982060209,6.936123742083513,0.8428571428571429
ACT-0123,murcko_scaffold,1,Cc1nc2c(F)cc(-c3nc(Nc4ccc5c(n4)CCN(C(=O)CO)C5)ncc3F)cc2n1C(C)C,c1cc(-c2ccc3nc[nH]c3c2)nc(Nc2ccc3c(n2)CCNC3)n1,7.8696662315049934,7.4872420909192625,6.936123742083513,0.8354430379746836
ACT-0124,murcko_scaffold,1,CC(=O)N1CCc2nc(Nc3ncc(F)c(-c4cc(F)c5nc(C)n(C(C)C)c5c4)n3)ccc2C1,c1cc(-c2ccc3nc[nH]c3c2)nc(Nc2ccc3c(n2)CCNC3)n1,7.496209316942819,7.472196072522907,6.936123742083513,0.8181818181818182
ACT-0125,murcko_scaffold,1,Cc1nc2c(F)cc(-c3nc(Nc4ccc5c(n4)CCN(CCO)C5)ncc3F)cc2n1C(C)C,c1cc(-c2ccc3nc[nH]c3c2)nc(Nc2ccc3c(n2)CCNC3)n1,7.701146923590294,7.532793546051603,6.936123742083513,0.7439024390243902
ACT-0126,murcko_scaffold,1,Cc1nc2c(F)cc(-c3nc(Nc4ccc5c(n4)CCN(CCF)C5)ncc3F)cc2n1C(C)C,c1cc(-c2ccc3nc[nH]c3c2)nc(Nc2ccc3c(n2)CCNC3)n1,7.647817481888637,7.519757389707143,6.936123742083513,0.7317073170731707
ACT-0020,murcko_scaffold,2,Cc1nc2c(F)cc(-c3nc(Nc4ccc5c(n4)CCNC5)ncc3F)cc2n1C1CC1,c1cc(-c2ccc3ncn(C4CC4)c3c2)nc(Nc2ccc3c(n2)CCNC3)n1,6.844663962534938,6.97932640127229,7.458427928428474,0.9402985074626866
ACT-0021,murcko_scaffold,2,Cc1nc2c(F)cc(-c3nc(Nc4ccc5c(n4)CCN(C(=O)CN(C)C)C5)ncc3F)cc2n1C1CC1,c1cc(-c2ccc3ncn(C4CC4)c3c2)nc(Nc2ccc3c(n2)CCNC3)n1,6.517126416391246,6.846073549362875,7.458427928428474,0.9487179487179487
ACT-0028,murcko_scaffold,2,Cc1nc2c(F)cc(-c3nc(Nc4ccc5c(n4)CCN(CC(=O)N(C)C)C5)ncc3F)cc2n1C1CC1,c1cc(-c2ccc3ncn(C4CC4)c3c2)nc(Nc2ccc3c(n2)CCNC3)n1,6.384049948343598,6.985860102538173,7.458427928428474,0.7411764705882353
ACT-0033,murcko_scaffold,2,Cc1nc2c(F)cc(-c3nc(Nc4ccc5c(n4)CCN(C(=O)NCCN(C)C)C5)ncc3F)cc2n1C1CC1,c1cc(-c2ccc3ncn(C4CC4)c3c2)nc(Nc2ccc3c(n2)CCNC3)n1,6.913640169325252,6.999633672495831,7.458427928428474,0.8023255813953488
ACT-0035,murcko_scaffold,2,Cc1nc2c(F)cc(-c3nc(Nc4ccc5c(n4)CCN(C(C)C)C5)ncc3F)cc2n1C1CC1,c1cc(-c2ccc3ncn(C4CC4)c3c2)nc(Nc2ccc3c(n2)CCNC3)n1,6.1487416512809245,6.974714228926588,7.458427928428474,0.8028169014084507
ACT-0036,murcko_scaffold,2,Cc1nc2c(F)cc(-c3nc(Nc4ccc5c(n4)CCN(C(=O)OCCN(C)C)C5)ncc3F)cc2n1C1CC1,c1cc(-c2ccc3ncn(C4CC4)c3c2)nc(Nc2ccc3c(n2)CCNC3)n1,6.460923901207224,7.005698088530059,7.458427928428474,0.7640449438202247
ACT-0037,murcko_scaffold,2,Cc1nc2c(F)cc(-c3nc(Nc4ccc5c(n4)CCN(C(=O)[C@@H](C)N(C)C)C5)ncc3F)cc2n1C1CC1,c1cc(-c2ccc3ncn(C4CC4)c3c2)nc(Nc2ccc3c(n2)CCNC3)n1,6.252588192113577,6.935794807183027,7.458427928428474,0.8148148148148148
ACT-0038,murcko_scaffold,2,Cc1nc2c(F)cc(-c3nc(Nc4ccc5c(n4)CCN(C(=O)[C@H](C)N(C)C)C5)ncc3F)cc2n1C1CC1,c1cc(-c2ccc3ncn(C4CC4)c3c2)nc(Nc2ccc3c(n2)CCNC3)n1,7.040958607678906,6.935794807183027,7.458427928428474,0.8148148148148148
ACT-0040,murcko_scaffold,2,Cc1nc2c(F)cc(-c3nc(Nc4ccc5c(n4)CCN(C(=O)NCCO)C5)ncc3F)cc2n1C1CC1,c1cc(-c2ccc3ncn(C4CC4)c3c2)nc(Nc2ccc3c(n2)CCNC3)n1,6.476253533188435,6.92191485430845,7.458427928428474,0.7951807228915663
ACT-0042,murcko_scaffold,2,Cc1nc2c(F)cc(-c3nc(Nc4ccc5c(n4)CCN(CCN(C)C)C5)ncc3F)cc2n1C1CC1,c1cc(-c2ccc3ncn(C4CC4)c3c2)nc(Nc2ccc3c(n2)CCNC3)n1,6.154901959985743,7.24180697315307,7.458427928428474,0.9333333333333333
ACT-0045,murcko_scaffold,2,Cc1nc2c(F)cc(-c3nc(Nc4ccc5c(n4)CCN(C(=O)N(C)CCN(C)C)C5)ncc3F)cc2n1C1CC1,c1cc(-c2ccc3ncn(C4CC4)c3c2)nc(Nc2ccc3c(n2)CCNC3)n1,6.438898616350944,7.004452757315545,7.458427928428474,0.7906976744186046
ACT-0050,murcko_scaffold,2,CN[C@H](C)C(=O)N1CCc2nc(Nc3ncc(F)c(-c4cc(F)c5nc(C)n(C6CC6)c5c4)n3)ccc2C1,c1cc(-c2ccc3ncn(C4CC4)c3c2)nc(Nc2ccc3c(n2)CCNC3)n1,6.17979854051436,6.9236989204987704,7.458427928428474,0.7558139534883721
ACT-0053,murcko_scaffold,2,Cc1nc2c(F)cc(-c3nc(Nc4ccc5c(n4)CCN(CCCN(C)C)C5)ncc3F)cc2n1C1CC1,c1cc(-c2ccc3ncn(C4CC4)c3c2)nc(Nc2ccc3c(n2)CCNC3)n1,5.826813731587726,7.14948574989359,7.458427928428474,0.8607594936708861
ACT-0056,murcko_scaffold,2,Cc1nc2c(F)cc(-c3nc(Nc4ccc5c(n4)CCN(C[C@@H](O)CN(C)C)C5)ncc3F)cc2n1C1CC1,c1cc(-c2ccc3ncn(C4CC4)c3c2)nc(Nc2ccc3c(n2)CCNC3)n1,6.430626090384954,6.992128712389284,7.458427928428474,0.7441860465116279
ACT-0059,murcko_scaffold,2,Cc1nc2c(F)cc(-c3nc(Nc4ccc5c(n4)CCN(CC(C)(C)N)C5)ncc3F)cc2n1C1CC1,c1cc(-c2ccc3ncn(C4CC4)c3c2)nc(Nc2ccc3c(n2)CCNC3)n1,6.246416941107094,7.001063212149722,7.458427928428474,0.8051948051948052
ACT-0061,murcko_scaffold,2,Cc1nc2c(F)cc(-c3nc(Nc4ccc5c(n4)CCN(C[C@@H](C)N(C)C)C5)ncc3F)cc2n1C1CC1,c1cc(-c2ccc3ncn(C4CC4)c3c2)nc(Nc2ccc3c(n2)CCNC3)n1,6.189095719331299,7.013539207626209,7.458427928428474,0.75
ACT-0065,murcko_scaffold,2,Cc1nc2c(F)cc(-c3nc(Nc4ccc5c(n4)CCN(C[C@H](C)N(C)C)C5)ncc3F)cc2n1C1CC1,c1cc(-c2ccc3ncn(C4CC4)c3c2)nc(Nc2ccc3c(n2)CCNC3)n1,6.8696662315049934,7.013539207626209,7.458427928428474,0.75
ACT-0067,murcko_scaffold,2,Cc1nc2c(F)cc(-c3nc(Nc4ccc5c(n4)CCNC5)ncc3F)cc2n1C1(C)CC1,c1cc(-c2ccc3ncn(C4CC4)c3c2)nc(Nc2ccc3c(n2)CCNC3)n1,7.987162775294828,7.608013004991676,7.458427928428474,0.782608695652174
ACT-0068,murcko_scaffold,2,Cc1nc2c(F)cc(-c3nc(Nc4ccc5c(n4)CCN(CCN(C)C)C5)ncc3F)cc2n1C1(C)CC1,c1cc(-c2ccc3ncn(C4CC4)c3c2)nc(Nc2ccc3c(n2)CCNC3)n1,7.787812395596042,7.332187448843783,7.458427928428474,0.7848101265822784
ACT-0089,murcko_scaffold,2,Cc1nc2c(F)cc(-c3nc(Nc4ccc5c(n4)CCN(C(=O)[C@@H](C)N(C)C)C5)ncc3F)cc2n1C1CC1,c1cc(-c2ccc3ncn(C4CC4)c3c2)nc(Nc2ccc3c(n2)CCNC3)n1,6.35261702988538,6.935794807183027,7.458427928428474,0.8148148148148148
ACT-0099,murcko_scaffold,2,CNCCN1CCc2nc(Nc3ncc(F)c(-c4cc(F)c5nc(C)n(C6CC6)c5c4)n3)ccc2C1,c1cc(-c2ccc3ncn(C4CC4)c3c2)nc(Nc2ccc3c(n2)CCNC3)n1,6.521433504406157,7.076826834779844,7.458427928428474,0.782051282051282
ACT-0114,murcko_scaffold,2,CNCCN1CCc2nc(Nc3ncc(F)c(-c4cc(F)c5nc(C)n(C6(C)CC6)c5c4)n3)ccc2C1,c1cc(-c2ccc3ncn(C4CC4)c3c2)nc(Nc2ccc3c(n2)CCNC3)n1,7.698970004336019,7.917052822685241,7.458427928428474,0.7721518987341772
ACT-0016,murcko_scaffold,3,Cc1nc2c(F)cc(-c3nc(Nc4ccc5c(n4)CCN(C(=O)CN4CCOCC4)C5)ncc3F)cc2n1C(C)C,O=C(CN1CCOCC1)N1CCc2nc(Nc3nccc(-c4ccc5nc[nH]c5c4)n3)ccc2C1,7.507239610973162,7.485620937380753,7.380015098704817,0.8765432098765432
ACT-0024,murcko_scaffold,3,Cc1nc2c(F)cc(-c3nc(Nc4ccc5c(n4)CCNC5)ncc3F)cc2n1C1CCC(C)CC1,c1cc(-c2ccc3ncn(C4CCCCC4)c3c2)nc(Nc2ccc3c(n2)CCNC3)n1,7.183758700008217,6.720423079914814,7.380015098704817,0.9402985074626866
ACT-0025,murcko_scaffold,3,CNCC(=O)N1CCc2nc(Nc3ncc(F)c(-c4cc(F)c5nc(C)n(C6CCC(C)CC6)c5c4)n3)ccc2C1,c1cc(-c2ccc3ncn(C4CCCCC4)c3c2)nc(Nc2ccc3c(n2)CCNC3)n1,7.047207556955907,6.621037728689421,7.380015098704817,0.9
ACT-0026,murcko_scaffold,3,Cc1nc2c(F)cc(-c3nc(Nc4ccc5c(n4)CCN(C(=O)CN(C)C)C5)ncc3F)cc2n1C1CCC(C)CC1,c1cc(-c2ccc3ncn(C4CCCCC4)c3c2)nc(Nc2ccc3c(n2)CCNC3)n1,7.057495893831919,6.518228708309986,7.380015098704817,0.9487179487179487
ACT-0027,murcko_scaffold,3,Cc1nc2c(F)cc(-c3nc(Nc4ccc5c(n4)CCN(C(=O)CN(C)C)C5)ncc3F)cc2n1C1CCCCC1,c1cc(-c2ccc3ncn(C4CCCCC4)c3c2)nc(Nc2ccc3c(n2)CCNC3)n1,6.55129368009492,6.605527712813957,7.380015098704817,0.9615384615384616
ACT-0058,murcko_scaffold,3,C#CCN1CCCC1CN1CCc2nc(Nc3ncc(F)c(-c4cc(F)c5nc(C)n(C(C)C)c5c4)n3)ccc2C1,c1cc(-c2ccc3nc[nH]c3c2)nc(Nc2ccc3c(n2)CCN(CC2CCCN2)C3)n1,7.125518182300533,7.533986758855884,7.380015098704817,0.717391304347826
ACT-0073,murcko_scaffold,3,Cc1nc2c(F)cc(-c3nc(Nc4ccc5c(n4)CCN(C[C@H]4CN(C)CCO4)C5)ncc3F)cc2n1C(C)(C)C,c1cc(-c2ccc3nc[nH]c3c2)nc(Nc2ccc3c(n2)CCN(CC2CNCCO2)C3)n1,7.787812395596042,7.46930088025876,7.380015098704817,0.7619047619047619
ACT-0074,murcko_scaffold,3,Cc1nc2c(F)cc(-c3nc(Nc4ccc5c(n4)CCN(C[C@@H]4CN(C)CCO4)C5)ncc3F)cc2n1C(C)(C)C,c1cc(-c2ccc3nc[nH]c3c2)nc(Nc2ccc3c(n2)CCN(CC2CNCCO2)C3)n1,7.987162775294828,7.46930088025876,7.380015098704817,0.7619047619047619
ACT-0078,murcko_scaffold,3,Cc1nc2c(F)cc(-c3nc(Nc4ccc5c(n4)CCN(CCN(C)C)C5)ncc3F)cc2n1C1CCCCC1,c1cc(-c2ccc3ncn(C4CCCCC4)c3c2)nc(Nc2ccc3c(n2)CCNC3)n1,7.71669877129645,6.46198123419745,7.380015098704817,0.9333333333333333
ACT-0094,murcko_scaffold,3,Cc1nc2c(F)cc(-c3nc(Nc4ccc5c(n4)CCN(CCN(C)C(=S)n4ccnc4)C5)ncc3F)cc2n1C(C)C,S=C(NCCN1CCc2nc(Nc3nccc(-c4ccc5nc[nH]c5c4)n3)ccc2C1)n1ccnc1,6.8326826652518236,7.617224207909006,7.380015098704817,0.8
ACT-0101,murcko_scaffold,3,Cc1nc2c(F)cc(-c3nc(Nc4ccc5c(n4)CCN(CCN4CCN(C)CC4)C5)ncc3F)cc2n1C(C)(C)C,c1cc(-c2ccc3nc[nH]c3c2)nc(Nc2ccc3c(n2)CCN(CCN2CCNCC2)C3)n1,7.402304814074488,7.479629116537454,7.380015098704817,0.8904109589041096
ACT-0117,murcko_scaffold,3,Cc1nc2c(F)cc(-c3nc(Nc4ccc5c(n4)CCN(CCN4CC=C(B(O)O)CC4)C5)ncc3F)cc2n1C(C)(C)C,C1=CCN(CCN2CCc3nc(Nc4nccc(-c5ccc6nc[nH]c6c5)n4)ccc3C2)CC1,7.494850021680094,7.520068664378205,7.380015098704817,0.7790697674418605
ACT-0010,murcko_scaffold,4,Cc1nc2c(F)cc(-c3nc(Nc4ncc5c(n4)CCN(C(=O)CN(C)C)C5)ncc3F)cc2n1C(C)C,c1cc(-c2ccc3nc[nH]c3c2)nc(Nc2ncc3c(n2)CCNC3)n1,5.962573502059376,7.4034885234364705,7.391473966422806,0.8441558441558441
ACT-0015,murcko_scaffold,4,Cc1nc2c(F)cc(-c3nc(Nc4ccc5c(n4)CCN(C(=O)CN4CCN(C)CC4)C5)ncc3F)cc2n1C(C)C,O=C(CN1CCNCC1)N1CCc2nc(Nc3nccc(-c4ccc5nc[nH]c5c4)n3)ccc2C1,7.8297382846050425,7.604896048073681,7.391473966422806,0.8765432098765432
ACT-0044,murcko_scaffold,4,Cc1nc2c(F)cc(-c3nc(Nc4ccc5c(n4)CCN(C(=O)CN(C)C)C5)ncc3F)cc2n1CC1CC1,c1cc(-c2ccc3ncn(CC4CC4)c3c2)nc(Nc2ccc3c(n2)CCNC3)n1,7.100179497572904,7.238027609756169,7.391473966422806,0.8072289156626506
ACT-0055,murcko_scaffold,4,C#CCN1CCC(N2CCc3nc(Nc4ncc(F)c(-c5cc(F)c6nc(C)n(C(C)C)c6c5)n4)ccc3C2)C1,c1cc(-c2ccc3nc[nH]c3c2)nc(Nc2ccc3c(n2)CCN(C2CCNC2)C3)n1,6.958607314841775,7.20530589269583,7.391473966422806,0.717391304347826
ACT-0057,murcko_scaffold,4,Cc1nc2c(F)cc(-c3nc(Nc4ccc5c(n4)CCN(C[C@H]4CCCN4C)C5)ncc3F)cc2n1C1CC1,c1cc(-c2ccc3ncn(C4CC4)c3c2)nc(Nc2ccc3c(n2)CCN(CC2CCCN2)C3)n1,6.498940737782249,6.423999405684869,7.391473966422806,0.7777777777777778
ACT-0064,murcko_scaffold,4,Cc1nc2c(F)cc(-c3nc(Nc4ccc5c(n4)CCNC5)ncc3F)cc2n1C(C)C1CC1,c1cc(-c2ccc3ncn(CC4CC4)c3c2)nc(Nc2ccc3c(n2)CCNC3)n1,7.823908740944319,7.697985712718117,7.391473966422806,0.8428571428571429
ACT-0066,murcko_scaffold,4,Cc1nc2c(F)cc(-c3nc(Nc4ccc5c(n4)CCN(CCN(C)C)C5)ncc3F)cc2n1C(C)C1CC1,c1cc(-c2ccc3ncn(CC4CC4)c3c2)nc(Nc2ccc3c(n2)CCNC3)n1,7.787812395596042,7.4347908908881735,7.391473966422806,0.8589743589743589
ACT-0088,murcko_scaffold,4,Cc1nc2c(F)cc(-c3nc(Nc4ccc5c(n4)CCN(CCN(C)C)C5)ncc3F)cc2n1CC1CC1,c1cc(-c2ccc3ncn(CC4CC4)c3c2)nc(Nc2ccc3c(n2)CCNC3)n1,6.634512015109101,7.218258140362231,7.391473966422806,0.8441558441558441
ACT-0090,murcko_scaffold,4,Cc1nc2c(F)cc(-c3nc(Nc4ccc5c(n4)CCN(C[C@@H]4CCCN4C)C5)ncc3F)cc2n1C1CC1,c1cc(-c2ccc3ncn(C4CC4)c3c2)nc(Nc2ccc3c(n2)CCN(CC2CCCN2)C3)n1,7.54515513999149,6.423999405684869,7.391473966422806,0.7777777777777778
ACT-0102,murcko_scaffold,4,Cc1nc2c(F)cc(-c3nc(Nc4ccc5c(n4)CCN(CCN4CCP(C)(=O)CC4)C5)ncc3F)cc2n1C(C)(C)C,O=[PH]1CCN(CCN2CCc3nc(Nc4nccc(-c5ccc6nc[nH]c6c5)n4)ccc3C2)CC1,7.173925197299173,7.453977758060899,7.391473966422806,0.8441558441558441
ACT-0121,murcko_scaffold,4,Cc1nc2c(F)cc(-c3nc(Nc4ccc5c(n4)CCN(CCN4CCC(B(O)O)CC4)C5)ncc3F)cc2n1C(C)(C)C,c1cc(-c2ccc3nc[nH]c3c2)nc(Nc2ccc3c(n2)CCN(CCN2CCCCC2)C3)n1,7.732828271596986,7.492369829919751,7.391473966422806,0.8227848101265823
ACT-0001,murcko_scaffold,5,CCN1CCN(Cc2ccc(Nc3ncc(F)c(-c4cc(F)c5nc(C)n(C(C)C)c5c4)n3)nc2)CC1,c1cc(-c2ccc3nc[nH]c3c2)nc(Nc2ccc(CN3CCNCC3)cn2)n1,7.282329496997738,7.489462992886852,7.429457060118103,0.6049382716049383
ACT-0014,murcko_scaffold,5,Cc1nc2c(F)cc(-c3nc(Nc4ccc5c(n4)CCNC5)ncc3F)cc2n1C1CCCC1,c1cc(-c2ccc3ncn(C4CCCC4)c3c2)nc(Nc2ccc3c(n2)CCNC3)n1,6.892790030352131,7.310945984715991,7.429457060118103,0.9393939393939394
ACT-0022,murcko_scaffold,5,Cc1nc2c(F)cc(-c3nc(Nc4ccc5c(n4)CCN(C(=O)CN4CCOCC4)C5)ncc3F)cc2n1C1CC1,O=C(CN1CCOCC1)N1CCc2nc(Nc3nccc(-c4ccc5ncn(C6CC6)c5c4)n3)ccc2C1,6.8124792791635365,6.551620350461858,7.429457060118103,0.8023255813953488
ACT-0023,murcko_scaffold,5,Cc1nc2c(F)cc(-c3nc(Nc4ccc5c(n4)CCN(C(=O)C4CC(O)C4)C5)ncc3F)cc2n1C(C)C,O=C(C1CCC1)N1CCc2nc(Nc3nccc(-c4ccc5nc[nH]c5c4)n3)ccc2C1,7.690369832574101,7.521275683340123,7.429457060118103,0.8181818181818182
ACT-0030,murcko_scaffold,5,Cc1nc2c(F)cc(-c3nc(Nc4ccc5c(n4)CCN(C(=O)C4CC(N)C4)C5)ncc3F)cc2n1C(C)C,O=C(C1CCC1)N1CCc2nc(Nc3nccc(-c4ccc5nc[nH]c5c4)n3)ccc2C1,7.391473966422806,7.514115549556898,7.429457060118103,0.8076923076923077
ACT-0032,murcko_scaffold,5,CNC1CC(C(=O)N2CCc3nc(Nc4ncc(F)c(-c5cc(F)c6nc(C)n(C(C)C)c6c5)n4)ccc3C2)C1,O=C(C1CCC1)N1CCc2nc(Nc3nccc(-c4ccc5nc[nH]c5c4)n3)ccc2C1,7.074172425375258,7.530999021886023,7.429457060118103,0.8076923076923077
ACT-0041,murcko_scaffold,5,CNCC(=O)N1CCc2nc(Nc3ncc(F)c(-c4cc(F)c5nc(C)n(C6CCC6)c5c4)n3)ccc2C1,c1cc(-c2ccc3ncn(C4CCC4)c3c2)nc(Nc2ccc3c(n2)CCNC3)n1,6.889410289700751,7.150970887522014,7.429457060118103,0.9
ACT-0043,murcko_scaffold,5,Cc1nc2c(F)cc(-c3nc(Nc4ccc5c(n4)CCN(C(=O)CN(C)C)C5)ncc3F)cc2n1C1CCC1,c1cc(-c2ccc3ncn(C4CCC4)c3c2)nc(Nc2ccc3c(n2)CCNC3)n1,6.531652669587842,6.805966137431712,7.429457060118103,0.9615384615384616
ACT-0051,murcko_scaffold,5,Cc1nc2c(F)cc(-c3nc(Nc4ccc5c(n4)CCN(C(=O)[C@@H]4CCCN4)C5)ncc3F)cc2n1C1CC1,O=C(C1CCCN1)N1CCc2nc(Nc3nccc(-c4ccc5ncn(C6CC6)c5c4)n3)ccc2C1,6.673664139071248,6.598481909682197,7.429457060118103,0.7441860465116279
ACT-0100,murcko_scaffold,5,Cc1nc2c(F)cc(-c3nc(Nc4ccc5c(n4)CCN(CCN4CCOCC4)C5)ncc3F)cc2n1C(C)(C)C,c1cc(-c2ccc3nc[nH]c3c2)nc(Nc2ccc3c(n2)CCN(CCN2CCOCC2)C3)n1,7.368556230986828,7.50525177239188,7.429457060118103,0.8904109589041096
ACT-0108,murcko_scaffold,5,CCOP(=O)(OCC)C1(O)CCN(CCN2CCc3nc(Nc4ncc(F)c(-c5cc(F)c6nc(C)n(C(C)(C)C)c6c5)n4)ccc3C2)C1,c1cc(-c2ccc3nc[nH]c3c2)nc(Nc2ccc3c(n2)CCN(CCN2CCCC2)C3)n1,7.220403508742176,7.497142326017018,7.429457060118103,0.7244897959183674
