ligand,ligand_atom,ligand_element,protein_atom,protein_element,residue,chain,distance_A
deposited,C2,C,CD1,C,ILE10,A,3.7268610116289573
deposited,C2,C,N,N,LEU83,A,3.828716103343259
deposited,C2,C,O,O,LEU83,A,3.6845953644871248
deposited,C2,C,CD1,C,LEU134,A,3.6073882519074623
deposited,C8,C,CB,C,ALA31,A,3.7307942854035745
deposited,C8,C,CG1,C,VAL64,A,3.4626557726692977
deposited,C8,C,CG2,C,VAL64,A,3.910719882579167
deposited,C8,C,CB,C,PHE80,A,3.4908059241384346
deposited,C8,C,CG,C,PHE80,A,3.690792462331093
deposited,C8,C,O,O,GLU81,A,3.2729708217458944
deposited,C12,C,C,C,GLY11,A,3.9889844572271773
deposited,C13,C,C,C,GLY11,A,3.929511928980493
deposited,C13,C,N,N,GLU12,A,3.7798117678000858
deposited,C13,C,C,C,GLU12,A,3.5678853681137226
deposited,C13,C,O,O,GLU12,A,3.373358712025746
deposited,C13,C,N,N,GLY13,A,3.77854694293984
deposited,C13,C,CA,C,GLY13,A,3.9095015027494253
deposited,C14,C,O,O,GLU12,A,3.973443091325203
deposited,C15,C,C,C,GLN131,A,3.9071593261601243
deposited,C15,C,O,O,GLN131,A,3.1823766276165393
deposited,C15,C,OD1,O,ASN132,A,3.9188398793520487
deposited,C16,C,O,O,GLN131,A,3.373616605365822
deposited,C19,C,CG2,C,ILE10,A,3.403619397053668
deposited,C19,C,C,C,HIS84,A,3.9068141752584027
deposited,C19,C,O,O,HIS84,A,3.048213575194495
deposited,C19,C,CA,C,GLN85,A,3.919077697622238
deposited,C20,C,CG2,C,ILE10,A,3.569540586686187
deposited,C20,C,O,O,HIS84,A,3.673921202203448
deposited,C20,C,CA,C,GLN85,A,3.4663749075943895
deposited,C20,C,C,C,GLN85,A,3.9453143094055267
deposited,C20,C,NZ,N,LYS89,A,3.8900660662770243
deposited,C21,C,CG2,C,ILE10,A,3.8586978373539385
deposited,C21,C,CA,C,GLN85,A,3.5715657630792705
deposited,C21,C,C,C,GLN85,A,3.5375977725004324
deposited,C21,C,N,N,ASP86,A,3.6642004584902326
deposited,C22,C,O,O,LEU83,A,3.9253789625971165
deposited,C22,C,CD2,C,LEU134,A,3.9901561372958843
deposited,N1,N,CD1,C,ILE10,A,3.5749306286975684
deposited,N1,N,CD1,C,LEU134,A,3.6308668386488647
deposited,C6,C,CD1,C,LEU134,A,3.5082102274521683
deposited,O6,O,CG1,C,VAL18,A,3.8322741290257416
deposited,C5,C,CB,C,ALA31,A,3.6940224688000978
deposited,C5,C,CD1,C,LEU134,A,3.3085276181407353
deposited,N7,N,CB,C,ALA31,A,3.9139393199179757
deposited,N7,N,CD1,C,LEU134,A,3.9212179230438076
deposited,N9,N,CB,C,ALA31,A,3.369933085389081
deposited,N9,N,C,C,GLU81,A,3.771107397038698
deposited,N9,N,O,O,GLU81,A,2.5719045472178776
deposited,N9,N,CA,C,PHE82,A,3.973180338217736
deposited,N9,N,CD1,C,LEU134,A,3.8200452876896644
deposited,C4,C,CB,C,ALA31,A,3.3174057635447616
deposited,C4,C,O,O,GLU81,A,3.658730517542936
deposited,C4,C,N,N,LEU83,A,3.9323251391511347
deposited,C4,C,CD1,C,LEU134,A,3.272521963257082
deposited,N3,N,CB,C,ALA31,A,3.723283631419984
deposited,N3,N,CA,C,PHE82,A,3.9886777257632637
deposited,N3,N,C,C,PHE82,A,3.9434273164342724
deposited,N3,N,N,N,LEU83,A,3.0461442841730255
deposited,N3,N,CA,C,LEU83,A,3.8671243838283775
deposited,N3,N,O,O,LEU83,A,3.844171041980314
deposited,N3,N,CD1,C,LEU134,A,3.4201260210699846
deposited,N2,N,CD1,C,ILE10,A,3.803626033142584
deposited,N2,N,CD1,C,PHE82,A,3.764419211511913
deposited,N2,N,CE1,C,PHE82,A,3.5970323879553825
deposited,N2,N,N,N,LEU83,A,3.56682113372678
deposited,N2,N,CA,C,LEU83,A,3.910260988732083
deposited,N2,N,C,C,LEU83,A,3.4759450513493424
deposited,N2,N,O,O,LEU83,A,2.5869072267864577
deposited,C17,C,CG2,C,ILE10,A,3.8481903539196187
deposited,C17,C,C,C,LEU83,A,3.873151300943456
deposited,C17,C,O,O,LEU83,A,2.922956380105597
deposited,C17,C,O,O,HIS84,A,3.942421844501171
deposited,C18,C,CG2,C,ILE10,A,3.5371928135175215
deposited,C18,C,CE1,C,PHE82,A,3.8255649256024964
deposited,C18,C,O,O,LEU83,A,3.05616851629618
deposited,C18,C,C,C,HIS84,A,3.863215629498302
deposited,C18,C,O,O,HIS84,A,3.2194769761562183
priority_original,C2,C,CG,C,GLU81,A,3.3605489134961317
priority_original,C2,C,CD,C,GLU81,A,2.2979619230962016
priority_original,C2,C,OE1,O,GLU81,A,2.262278939476741
priority_original,C2,C,OE2,O,GLU81,A,2.4230363183411012
priority_original,C2,C,CG,C,LEU83,A,3.50516276369586
priority_original,C2,C,CD1,C,LEU83,A,2.932860889984385
priority_original,C2,C,CD2,C,LEU83,A,3.4979412516507478
priority_original,C2,C,CD,C,LYS142,A,2.724773018069574
priority_original,C2,C,CE,C,LYS142,A,2.1572144075172477
priority_original,C2,C,NZ,N,LYS142,A,2.739396283855258
priority_original,C8,C,O,O,HIS60,A,3.8189294311364264
priority_original,C8,C,O,O,ILE63,A,3.451701754207627
priority_original,C8,C,N,N,LYS65,A,3.5654147023873657
priority_original,C8,C,CA,C,LYS65,A,3.8367701260304887
priority_original,C8,C,CB,C,LYS65,A,2.925096579602116
priority_original,C8,C,CG,C,LYS65,A,3.734844842828142
priority_original,C8,C,CD,C,LYS65,A,3.724647365858944
priority_original,C8,C,CD,C,GLU81,A,3.2753576903904693
priority_original,C8,C,OE1,O,GLU81,A,3.5340278719896943
priority_original,C8,C,OE2,O,GLU81,A,2.595402858902641
priority_original,C8,C,NZ,N,LYS142,A,3.1434708524177535
priority_original,C10,C,N,N,VAL64,A,3.7824633507808127
priority_original,C10,C,CA,C,VAL64,A,3.1357351610108952
priority_original,C10,C,CB,C,VAL64,A,3.0511769860170395
priority_original,C10,C,CG1,C,VAL64,A,3.7869318715815323
priority_original,C10,C,CG2,C,VAL64,A,1.8961793164149832
priority_original,C10,C,OE2,O,GLU81,A,3.4925535071062237
priority_original,C10,C,CG,C,LEU83,A,3.808590684229534
priority_original,C10,C,CD1,C,LEU83,A,2.629598068146538
priority_original,C10,C,CD2,C,LEU83,A,3.9359316559107094
priority_original,C10,C,CB,C,LYS142,A,3.250512882607912
priority_original,C10,C,CG,C,LYS142,A,3.587528675843581
priority_original,C10,C,CD,C,LYS142,A,2.9005139199803884
priority_original,C11,C,N,N,VAL64,A,3.4298539327499062
priority_original,C11,C,CA,C,VAL64,A,3.096289069192349
priority_original,C11,C,CB,C,VAL64,A,2.595531544790013
priority_original,C11,C,CG1,C,VAL64,A,3.687388777983688
priority_original,C11,C,CG2,C,VAL64,A,1.2806564722828713
priority_original,C11,C,CD1,C,LEU83,A,3.906521342575775
priority_original,C11,C,CD1,C,LEU134,A,3.91598748721188
priority_original,C11,C,O,O,LYS142,A,3.812137064692183
priority_original,C11,C,CB,C,LYS142,A,3.290335089318406
priority_original,C11,C,CD,C,LYS142,A,3.9904390735857613
priority_original,C11,C,O,O,LEU143,A,3.466858231886615
priority_original,C11,C,CB,C,ALA144,A,3.7189225590216295
priority_original,C12,C,CB,C,VAL64,A,3.3813603771263474
priority_original,C12,C,CG2,C,VAL64,A,1.956946856713285
priority_original,C12,C,CD1,C,LEU83,A,3.9442934728541683
priority_original,C12,C,CB,C,LEU134,A,3.2358884405986506
priority_original,C12,C,CG,C,LEU134,A,2.822274437399737
priority_original,C12,C,CD1,C,LEU134,A,2.413297329381524
priority_original,C12,C,CB,C,ALA144,A,3.0729755937852823
priority_original,C13,C,CG2,C,VAL64,A,3.069364755124423
priority_original,C13,C,O,O,ASN132,A,3.867762790037673
priority_original,C13,C,N,N,LEU134,A,3.894479811219978
priority_original,C13,C,CB,C,LEU134,A,3.2887306061761845
priority_original,C13,C,CG,C,LEU134,A,2.3284505577744183
priority_original,C13,C,CD1,C,LEU134,A,2.380554767275899
priority_original,C13,C,CD2,C,LEU134,A,3.4837784085673404
priority_original,C13,C,O,O,LYS142,A,3.872498676565295
priority_original,C13,C,C,C,LEU143,A,3.967368145257004
priority_original,C13,C,O,O,LEU143,A,3.957280505599774
priority_original,C13,C,N,N,ALA144,A,3.5416501803537845
priority_original,C13,C,CA,C,ALA144,A,3.0169171350900563
priority_original,C13,C,CB,C,ALA144,A,1.733931371190912
priority_original,C14,C,CG2,C,VAL64,A,3.9391381036973057
priority_original,C14,C,C,C,ASN132,A,3.6320083975673834
priority_original,C14,C,O,O,ASN132,A,2.801565633712692
priority_original,C14,C,CA,C,LEU133,A,3.7475486654611974
priority_original,C14,C,C,C,LEU133,A,3.6990270342348115
priority_original,C14,C,N,N,LEU134,A,2.8286070776974337
priority_original,C14,C,CA,C,LEU134,A,3.655479859060913
priority_original,C14,C,CB,C,LEU134,A,3.226863802517856
priority_original,C14,C,CG,C,LEU134,A,2.5950589588677957
priority_original,C14,C,CD1,C,LEU134,A,3.4010536602647163
priority_original,C14,C,CD2,C,LEU134,A,3.5611679263971823
priority_original,C14,C,C,C,LYS142,A,3.534099319487213
priority_original,C14,C,O,O,LYS142,A,2.5282335730703327
priority_original,C14,C,CA,C,LEU143,A,3.953656282480809
priority_original,C14,C,C,C,LEU143,A,3.1986939522248745
priority_original,C14,C,O,O,LEU143,A,3.585016317954491
priority_original,C14,C,N,N,ALA144,A,2.8058333877833848
priority_original,C14,C,CA,C,ALA144,A,2.963329883762518
priority_original,C14,C,CB,C,ALA144,A,2.1452675823775436
priority_original,C15,C,CG2,C,VAL64,A,3.627330285485456
priority_original,C15,C,O,O,ASN132,A,3.5456720096478187
priority_original,C15,C,N,N,LEU134,A,3.5255666211263157
priority_original,C15,C,CG,C,LEU134,A,3.9081997134230497
priority_original,C15,C,CA,C,LYS142,A,3.3430382887427412
priority_original,C15,C,C,C,LYS142,A,2.2304300033849964
priority_original,C15,C,O,O,LYS142,A,1.62093830851146
priority_original,C15,C,CB,C,LYS142,A,3.3494424909229297
priority_original,C15,C,N,N,LEU143,A,2.7104232141863003
priority_original,C15,C,CA,C,LEU143,A,2.806890450302608
priority_original,C15,C,C,C,LEU143,A,2.2281950094190566
priority_original,C15,C,O,O,LEU143,A,2.486897263660077
priority_original,C15,C,N,N,ALA144,A,2.5287975403341387
priority_original,C15,C,CA,C,ALA144,A,3.112836969711068
priority_original,C15,C,CB,C,ALA144,A,2.952107890982305
priority_original,C16,C,N,N,VAL64,A,3.5814106159445025
priority_original,C16,C,CA,C,VAL64,A,3.848518676062259
priority_original,C16,C,CB,C,VAL64,A,3.7447517941780877
priority_original,C16,C,CG2,C,VAL64,A,2.750143814421347
priority_original,C16,C,N,N,LYS142,A,3.7319975884236607
priority_original,C16,C,CA,C,LYS142,A,2.8766054647796233
priority_original,C16,C,C,C,LYS142,A,2.479968548187655
priority_original,C16,C,O,O,LYS142,A,2.363958755985388
priority_original,C16,C,CB,C,LYS142,A,2.211781408729171
priority_original,C16,C,CG,C,LYS142,A,3.5116043342039553
priority_original,C16,C,CD,C,LYS142,A,3.8871025198726126
priority_original,C16,C,N,N,LEU143,A,3.160372762824029
priority_original,C16,C,CA,C,LEU143,A,3.7779224449424538
priority_original,C16,C,C,C,LEU143,A,3.2645460633907417
priority_original,C16,C,O,O,LEU143,A,2.95810175619433
priority_original,C16,C,N,N,ALA144,A,3.8718270880812824
priority_original,C16,C,CB,C,ALA144,A,3.899377514424576
priority_original,C19,C,CA,C,LEU83,A,3.374399798482685
priority_original,C19,C,C,C,LEU83,A,3.9677601994072162
priority_original,C19,C,CB,C,LEU83,A,3.0309194974462765
priority_original,C19,C,CG,C,LEU83,A,2.555521277547887
priority_original,C19,C,CD1,C,LEU83,A,3.9846334837723765
priority_original,C19,C,CD2,C,LEU83,A,2.2832205324935186
priority_original,C19,C,N,N,HIS84,A,3.4494580733790623
priority_original,C19,C,CD2,C,HIS84,A,3.170560360567196
priority_original,C19,C,NE2,N,HIS84,A,3.670454059104947
priority_original,C19,C,C,C,ILE135,A,3.1686781155554438
priority_original,C19,C,O,O,ILE135,A,3.054264559595321
priority_original,C19,C,N,N,ASN136,A,2.852937784109569
priority_original,C19,C,CA,C,ASN136,A,2.4072864391260156
priority_original,C19,C,C,C,ASN136,A,3.8943509086881196
priority_original,C19,C,CB,C,ASN136,A,1.8074609262719894
priority_original,C19,C,CG,C,ASN136,A,3.0726172882414136
priority_original,C19,C,OD1,O,ASN136,A,3.9912966564764414
priority_original,C19,C,ND2,N,ASN136,A,3.654004652432726
priority_original,C20,C,CA,C,LEU83,A,3.837775788135621
priority_original,C20,C,CB,C,LEU83,A,2.967440648100646
priority_original,C20,C,CG,C,LEU83,A,2.623579615715896
priority_original,C20,C,CD1,C,LEU83,A,3.999718115067607
priority_original,C20,C,CD2,C,LEU83,A,1.7325452375046309
priority_original,C20,C,N,N,HIS84,A,3.830994126855326
priority_original,C20,C,C,C,LEU134,A,3.8236911486154295
priority_original,C20,C,O,O,LEU134,A,3.8271657920712014
priority_original,C20,C,N,N,ILE135,A,3.4498059365709253
priority_original,C20,C,CA,C,ILE135,A,3.1118441477683283
priority_original,C20,C,C,C,ILE135,A,2.205164392964843
priority_original,C20,C,O,O,ILE135,A,2.40276112004502
priority_original,C20,C,N,N,ASN136,A,2.172432967895676
priority_original,C20,C,CA,C,ASN136,A,2.5245563966764597
priority_original,C20,C,CB,C,ASN136,A,2.4592694037050937
priority_original,C20,C,CG,C,ASN136,A,3.4627315807033088
priority_original,C21,C,CB,C,LEU83,A,3.3103904603535774
priority_original,C21,C,CG,C,LEU83,A,2.5354094343912115
priority_original,C21,C,CD1,C,LEU83,A,3.5027275086709184
priority_original,C21,C,CD2,C,LEU83,A,1.0634829570801727
priority_original,C21,C,C,C,LEU134,A,3.4705378545695207
priority_original,C21,C,O,O,LEU134,A,3.107023495244285
priority_original,C21,C,N,N,ILE135,A,3.56747445681115
priority_original,C21,C,CA,C,ILE135,A,3.3886576988536343
priority_original,C21,C,C,C,ILE135,A,3.073158147573927
priority_original,C21,C,O,O,ILE135,A,3.533844365559976
priority_original,C21,C,N,N,ASN136,A,2.9901561832118415
priority_original,C21,C,CA,C,ASN136,A,3.6172630537465778
priority_original,C21,C,CB,C,ASN136,A,3.2811002727743603
priority_original,C21,C,CG,C,ASN136,A,3.81208932214344
priority_original,C21,C,O,O,ALA140,A,3.9859760410720027
priority_original,C22,C,CB,C,LEU83,A,3.705463398820719
priority_original,C22,C,CG,C,LEU83,A,2.4046265822368316
priority_original,C22,C,CD1,C,LEU83,A,2.925845860601682
priority_original,C22,C,CD2,C,LEU83,A,1.2284551273856115
priority_original,C22,C,CB,C,ASN136,A,3.5778486552675735
priority_original,C22,C,CG,C,ASN136,A,3.8108262883527027
priority_original,C22,C,ND2,N,ASN136,A,3.627098840671425
priority_original,C22,C,CG,C,LYS142,A,3.576680584005229
priority_original,C22,C,CD,C,LYS142,A,3.0449333326035206
priority_original,C22,C,CE,C,LYS142,A,2.9292014270104363
priority_original,N1,N,CG,C,GLU81,A,2.9320428032346366
priority_original,N1,N,CD,C,GLU81,A,2.271332868603804
priority_original,N1,N,OE1,O,GLU81,A,2.939150217324729
priority_original,N1,N,OE2,O,GLU81,A,2.024862711395517
priority_original,N1,N,CG,C,LEU83,A,3.2023094791103475
priority_original,N1,N,CD1,C,LEU83,A,2.144527220624629
priority_original,N1,N,CD2,C,LEU83,A,3.333897568912397
priority_original,N1,N,CG,C,LYS142,A,3.61445002732089
priority_original,N1,N,CD,C,LYS142,A,2.2125419770029198
priority_original,N1,N,CE,C,LYS142,A,2.570519402766686
priority_original,N1,N,NZ,N,LYS142,A,3.275747548270471
priority_original,C6,C,N,N,VAL64,A,3.972348549661775
priority_original,C6,C,CA,C,VAL64,A,3.132952122200407
priority_original,C6,C,C,C,VAL64,A,3.9194786643123884
priority_original,C6,C,CB,C,VAL64,A,3.783780252604535
priority_original,C6,C,CG2,C,VAL64,A,3.4208417092873495
priority_original,C6,C,N,N,LYS65,A,3.590718312538594
priority_original,C6,C,CG,C,GLU81,A,2.7662620989342317
priority_original,C6,C,CD,C,GLU81,A,2.135740620955639
priority_original,C6,C,OE1,O,GLU81,A,3.143704979796927
priority_original,C6,C,OE2,O,GLU81,A,1.3160638282393426
priority_original,C6,C,CD1,C,LEU83,A,3.073732584334558
priority_original,C6,C,CG,C,LYS142,A,3.6366883286858624
priority_original,C6,C,CD,C,LYS142,A,2.277326722277676
priority_original,C6,C,CE,C,LYS142,A,2.977033926578601
priority_original,C6,C,NZ,N,LYS142,A,3.250431509815272
priority_original,O6,O,C,C,ILE63,A,3.810288834196174
priority_original,O6,O,O,O,ILE63,A,3.8556454712538106
priority_original,O6,O,N,N,VAL64,A,3.073531193920117
priority_original,O6,O,CA,C,VAL64,A,2.1176397238435127
priority_original,O6,O,C,C,VAL64,A,3.2202568220562817
priority_original,O6,O,CB,C,VAL64,A,2.5050233531845634
priority_original,O6,O,CG1,C,VAL64,A,3.09567343238915
priority_original,O6,O,CG2,C,VAL64,A,2.1226127767447367
priority_original,O6,O,N,N,LYS65,A,3.240945695317959
priority_original,O6,O,CG,C,GLU81,A,3.297360307882656
priority_original,O6,O,CD,C,GLU81,A,3.1895270809322125
priority_original,O6,O,OE2,O,GLU81,A,2.421391955053948
priority_original,O6,O,CD1,C,LEU83,A,3.3306496363322267
priority_original,O6,O,CB,C,LYS142,A,3.814669972618861
priority_original,O6,O,CG,C,LYS142,A,3.8857237421103386
priority_original,O6,O,CD,C,LYS142,A,2.9004003171976076
priority_original,C5,C,O,O,ILE63,A,3.4675825873366035
priority_original,C5,C,CA,C,VAL64,A,3.4543261282050404
priority_original,C5,C,C,C,VAL64,A,3.7499627998154876
priority_original,C5,C,N,N,LYS65,A,3.196388274287089
priority_original,C5,C,CB,C,LYS65,A,3.717028652028393
priority_original,C5,C,CG,C,GLU81,A,2.984240271827992
priority_original,C5,C,CD,C,GLU81,A,1.8939028486171032
priority_original,C5,C,OE1,O,GLU81,A,2.691173164253835
priority_original,C5,C,OE2,O,GLU81,A,0.6851510782301912
priority_original,C5,C,CD,C,LYS142,A,2.820822752318903
priority_original,C5,C,CE,C,LYS142,A,3.038522502796387
priority_original,C5,C,NZ,N,LYS142,A,2.601639675281725
priority_original,N7,N,O,O,HIS60,A,3.993433234699181
priority_original,N7,N,C,C,ILE63,A,3.651670439675521
priority_original,N7,N,O,O,ILE63,A,2.6801779791648155
priority_original,N7,N,N,N,VAL64,A,3.9851697579902403
priority_original,N7,N,CA,C,VAL64,A,3.3723656385392156
priority_original,N7,N,C,C,VAL64,A,3.14174632967081
priority_original,N7,N,N,N,LYS65,A,2.565519635473484
priority_original,N7,N,CA,C,LYS65,A,3.239030410477806
priority_original,N7,N,CB,C,LYS65,A,2.793260639467792
priority_original,N7,N,CG,C,LYS65,A,3.975989310850823
priority_original,N7,N,CG,C,GLU81,A,3.7925565256169915
priority_original,N7,N,CD,C,GLU81,A,2.901097206230772
priority_original,N7,N,OE1,O,GLU81,A,3.5882600240227878
priority_original,N7,N,OE2,O,GLU81,A,1.9332772693020517
priority_original,N7,N,CD,C,LYS142,A,3.880306173486827
priority_original,N7,N,NZ,N,LYS142,A,3.2810888436615033
priority_original,N9,N,CB,C,LYS65,A,3.7942075588981687
priority_original,N9,N,CD,C,GLU81,A,2.8215926353745653
priority_original,N9,N,OE1,O,GLU81,A,2.6677957193158544
priority_original,N9,N,OE2,O,GLU81,A,2.4217202563467146
priority_original,N9,N,CE,C,LYS142,A,3.6226026555502924
priority_original,N9,N,NZ,N,LYS142,A,2.3845808856065256
priority_original,C4,C,CG,C,GLU81,A,3.3464705287810355
priority_original,C4,C,CD,C,GLU81,A,1.880583685986878
priority_original,C4,C,OE1,O,GLU81,A,1.9627404311319447
priority_original,C4,C,OE2,O,GLU81,A,1.3944070424377513
priority_original,C4,C,CD,C,LYS142,A,3.191727745281539
priority_original,C4,C,CE,C,LYS142,A,2.7113900494027052
priority_original,C4,C,NZ,N,LYS142,A,1.9245607291015765
priority_original,N3,N,CG,C,GLU81,A,3.52487801207361
priority_original,N3,N,CD,C,GLU81,A,2.1106939617102194
priority_original,N3,N,OE1,O,GLU81,A,1.7020887168417493
priority_original,N3,N,OE2,O,GLU81,A,2.1730349744079116
priority_original,N3,N,CD,C,LYS142,A,3.121585494584442
priority_original,N3,N,CE,C,LYS142,A,2.22354176934008
priority_original,N3,N,NZ,N,LYS142,A,2.034370664357902
priority_original,N2,N,CD,C,GLU81,A,3.3617999643048346
priority_original,N2,N,OE1,O,GLU81,A,2.999828328421477
priority_original,N2,N,OE2,O,GLU81,A,3.6981242542672907
priority_original,N2,N,CG,C,LEU83,A,3.160984340359818
priority_original,N2,N,CD1,C,LEU83,A,3.1688538937603283
priority_original,N2,N,CD2,C,LEU83,A,3.071043308063239
priority_original,N2,N,ND2,N,ASN136,A,3.4525406587033847
priority_original,N2,N,CD,C,LYS142,A,3.5687546847604983
priority_original,N2,N,CE,C,LYS142,A,2.758226966730622
priority_original,N2,N,NZ,N,LYS142,A,3.542074251056862
priority_original,C17,C,CB,C,LEU83,A,3.729113701672289
priority_original,C17,C,CG,C,LEU83,A,2.295149014770064
priority_original,C17,C,CD1,C,LEU83,A,2.877992355792488
priority_original,C17,C,CD2,C,LEU83,A,1.8888493852078283
priority_original,C17,C,CB,C,ASN136,A,3.149910951122268
priority_original,C17,C,CG,C,ASN136,A,3.4513761023684495
priority_original,C17,C,ND2,N,ASN136,A,3.116543277414899
priority_original,C17,C,CD,C,LYS142,A,3.766290615446444
priority_original,C17,C,CE,C,LYS142,A,3.2513140420451485
priority_original,C18,C,O,O,PHE82,A,3.807685517476465
priority_original,C18,C,CA,C,LEU83,A,3.6807876874386563
priority_original,C18,C,CB,C,LEU83,A,3.409543811127818
priority_original,C18,C,CG,C,LEU83,A,2.369071759149562
priority_original,C18,C,CD1,C,LEU83,A,3.4451301862193833
priority_original,C18,C,CD2,C,LEU83,A,2.318081534372764
priority_original,C18,C,CD2,C,HIS84,A,3.955699811664175
priority_original,C18,C,NE2,N,HIS84,A,3.9990152537843597
priority_original,C18,C,N,N,ASN136,A,3.957071139112866
priority_original,C18,C,CA,C,ASN136,A,3.4528744547116093
priority_original,C18,C,CB,C,ASN136,A,2.2844887830759815
priority_original,C18,C,CG,C,ASN136,A,3.0689833821641987
priority_original,C18,C,ND2,N,ASN136,A,3.135669306543659
