row_id,status,endpoint,value_nm,relation_nm,p_activity,p_relation,chemical_group,assay_group,reason,chemical_id,assay_id,source_activity_id,canonical_smiles
ACT-0001,eligible,IC50,52.2,=,7.282329496997738,=,CHEM-e31f067ccb4627d8,CHEMBL5736732|IC50,"source-verified exact IC50 in declared historical assay; not current engagement; potential_duplicate flag retained, not proof of reingestion",CHEMBL3301610,CHEMBL5736732,28327037,CCN1CCN(Cc2ccc(Nc3ncc(F)c(-c4cc(F)c5nc(C)n(C(C)C)c5c4)n3)nc2)CC1
ACT-0002,eligible,IC50,35.0,=,7.455931955649724,=,CHEM-d6424bbb4fdfd4fc,CHEMBL5736732|IC50,"source-verified exact IC50 in declared historical assay; not current engagement; potential_duplicate flag retained, not proof of reingestion",CHEMBL5905735,CHEMBL5736732,28327046,Cc1nc2c(F)cc(-c3nc(Nc4ccc5c(n4)CCN(C(C)C)C5)ncc3F)cc2n1C(C)C
ACT-0003,eligible,IC50,29.6,=,7.528708288941061,=,CHEM-b0fba725182ebc2a,CHEMBL5736732|IC50,"source-verified exact IC50 in declared historical assay; not current engagement; potential_duplicate flag retained, not proof of reingestion",CHEMBL5814867,CHEMBL5736732,28327055,CNCC(=O)N1CCc2nc(Nc3ncc(F)c(-c4cc(F)c5nc(C)n(C(C)C)c5c4)n3)ccc2C1
ACT-0004,eligible,IC50,33.7,=,7.4723700991286615,=,CHEM-c92710e3d6eeb360,CHEMBL5736732|IC50,"source-verified exact IC50 in declared historical assay; not current engagement; potential_duplicate flag retained, not proof of reingestion",CHEMBL4212532,CHEMBL5736732,28327064,Cc1nc2c(F)cc(-c3nc(Nc4ccc5c(n4)CCN(C(=O)CN(C)C)C5)ncc3F)cc2n1C(C)C
ACT-0005,eligible,IC50,28.7,=,7.542118103266008,=,CHEM-47d89c52ed10945d,CHEMBL5736732|IC50,source-verified exact IC50 in declared historical assay; not current engagement,CHEMBL6060984,CHEMBL5736732,28327073,COCC(=O)N1CCc2nc(Nc3ncc(F)c(-c4cc(F)c5nc(C)n(C(C)C)c5c4)n3)ccc2C1
ACT-0006,eligible,IC50,15.5,=,7.809668301829708,=,CHEM-17548d87f54e504b,CHEMBL5736732|IC50,"source-verified exact IC50 in declared historical assay; not current engagement; potential_duplicate flag retained, not proof of reingestion",CHEMBL5813772,CHEMBL5736732,28327082,Cc1nc2c(F)cc(-c3nc(Nc4ccc5c(n4)CCN(C)C5)ncc3F)cc2n1C(C)C
ACT-0007,eligible,IC50,13.4,=,7.872895201635192,=,CHEM-59d9ae3e54c4f6a7,CHEMBL5736732|IC50,"source-verified exact IC50 in declared historical assay; not current engagement; potential_duplicate flag retained, not proof of reingestion",CHEMBL5844694,CHEMBL5736732,28327091,Cc1nc2c(F)cc(-c3nc(Nc4ccc5c(n4)CCN(C(=O)CCO)C5)ncc3F)cc2n1C(C)C
ACT-0008,eligible,IC50,10.4,=,7.982966660701219,=,CHEM-760d5694ed64ea1a,CHEMBL5736732|IC50,"source-verified exact IC50 in declared historical assay; not current engagement; potential_duplicate flag retained, not proof of reingestion",CHEMBL6017199,CHEMBL5736732,28327100,COC(=O)C(=O)N1CCc2nc(Nc3ncc(F)c(-c4cc(F)c5nc(C)n(C(C)C)c5c4)n3)ccc2C1
ACT-0009,eligible,IC50,60.4,=,7.218963061378869,=,CHEM-dce53658f66755b7,CHEMBL5736732|IC50,"source-verified exact IC50 in declared historical assay; not current engagement; potential_duplicate flag retained, not proof of reingestion",CHEMBL5805137,CHEMBL5736732,28327109,Cc1nc2c(F)cc(-c3nc(Nc4ccc5c(n4)CCN(CC(F)(F)F)C5)ncc3F)cc2n1C(C)C
ACT-0010,eligible,IC50,1090.0,=,5.962573502059376,=,CHEM-1ab74683a6383b32,CHEMBL5736732|IC50,source-verified exact IC50 in declared historical assay; not current engagement,CHEMBL5952864,CHEMBL5736732,28327127,Cc1nc2c(F)cc(-c3nc(Nc4ncc5c(n4)CCN(C(=O)CN(C)C)C5)ncc3F)cc2n1C(C)C
ACT-0011,eligible,IC50,37.2,=,7.429457060118103,=,CHEM-22c855a70e723bb5,CHEMBL5736732|IC50,source-verified exact IC50 in declared historical assay; not current engagement,CHEMBL5894084,CHEMBL5736732,28327145,Cc1nc2c(F)cc(-c3nc(Nc4ccc5c(n4)CCN(C(=O)CN)C5)ncc3F)cc2n1C(C)C
ACT-0012,eligible,IC50,38.2,=,7.4179366370882915,=,CHEM-64eab3a212832cda,CHEMBL5736732|IC50,source-verified exact IC50 in declared historical assay; not current engagement,CHEMBL5935222,CHEMBL5736732,28327154,COC(=O)CN1CCc2nc(Nc3ncc(F)c(-c4cc(F)c5nc(C)n(C(C)C)c5c4)n3)ccc2C1
ACT-0013,eligible,IC50,7.34,=,8.13430394008393,=,CHEM-458d80f9007129f4,CHEMBL5736732|IC50,source-verified exact IC50 in declared historical assay; not current engagement,CHEMBL5994315,CHEMBL5736732,28327163,Cc1nc2c(F)cc(-c3nc(Nc4ccc5c(n4)CCN(CC(=O)O)C5)ncc3F)cc2n1C(C)C
ACT-0014,eligible,IC50,128.0,=,6.892790030352131,=,CHEM-55b7f9a3042847ed,CHEMBL5736732|IC50,"source-verified exact IC50 in declared historical assay; not current engagement; potential_duplicate flag retained, not proof of reingestion",CHEMBL5956369,CHEMBL5736732,28327172,Cc1nc2c(F)cc(-c3nc(Nc4ccc5c(n4)CCNC5)ncc3F)cc2n1C1CCCC1
ACT-0015,eligible,IC50,14.8,=,7.8297382846050425,=,CHEM-f51d2549d518b7cc,CHEMBL5736732|IC50,source-verified exact IC50 in declared historical assay; not current engagement,CHEMBL4206061,CHEMBL5736732,28327190,Cc1nc2c(F)cc(-c3nc(Nc4ccc5c(n4)CCN(C(=O)CN4CCN(C)CC4)C5)ncc3F)cc2n1C(C)C
ACT-0016,eligible,IC50,31.1,=,7.507239610973162,=,CHEM-d00b9cdd8c9b6552,CHEMBL5736732|IC50,"source-verified exact IC50 in declared historical assay; not current engagement; potential_duplicate flag retained, not proof of reingestion",CHEMBL5763679,CHEMBL5736732,28327199,Cc1nc2c(F)cc(-c3nc(Nc4ccc5c(n4)CCN(C(=O)CN4CCOCC4)C5)ncc3F)cc2n1C(C)C
ACT-0017,eligible,IC50,57.9,=,7.2373214362725635,=,CHEM-b39d5eb4ea77de19,CHEMBL5736732|IC50,"source-verified exact IC50 in declared historical assay; not current engagement; potential_duplicate flag retained, not proof of reingestion",CHEMBL5784667,CHEMBL5736732,28327208,Cc1nc2c(F)cc(-c3nc(Nc4ccc5c(n4)CCN(C(=O)C(C)N(C)C)C5)ncc3F)cc2n1C(C)C
ACT-0018,eligible,IC50,37.2,=,7.429457060118103,=,CHEM-e843b7dc899933cb,CHEMBL5736732|IC50,"source-verified exact IC50 in declared historical assay; not current engagement; potential_duplicate flag retained, not proof of reingestion",CHEMBL5833493,CHEMBL5736732,28327217,Cc1nc2c(F)cc(-c3nc(Nc4ccc5c(n4)CCN(C(=O)CC(C)(C)O)C5)ncc3F)cc2n1C(C)C
ACT-0019,eligible,IC50,151.0,=,6.821023052706831,=,CHEM-a96cfa7820d6773b,CHEMBL5736732|IC50,"source-verified exact IC50 in declared historical assay; not current engagement; potential_duplicate flag retained, not proof of reingestion",CHEMBL5775992,CHEMBL5736732,28327226,Cc1nc2c(F)cc(-c3nc(Nc4ccc5c(n4)CCN(C(=O)C(C)(C)N(C)C)C5)ncc3F)cc2n1C(C)C
ACT-0020,eligible,IC50,143.0,=,6.844663962534938,=,CHEM-d456bfa6d73e3741,CHEMBL5736732|IC50,"source-verified exact IC50 in declared historical assay; not current engagement; potential_duplicate flag retained, not proof of reingestion",CHEMBL6021833,CHEMBL5736732,28327235,Cc1nc2c(F)cc(-c3nc(Nc4ccc5c(n4)CCNC5)ncc3F)cc2n1C1CC1
ACT-0021,eligible,IC50,304.0,=,6.517126416391246,=,CHEM-3c105ed6220c0073,CHEMBL5736732|IC50,"source-verified exact IC50 in declared historical assay; not current engagement; potential_duplicate flag retained, not proof of reingestion",CHEMBL5932825,CHEMBL5736732,28327244,Cc1nc2c(F)cc(-c3nc(Nc4ccc5c(n4)CCN(C(=O)CN(C)C)C5)ncc3F)cc2n1C1CC1
ACT-0022,eligible,IC50,154.0,=,6.8124792791635365,=,CHEM-05d9af55d78ffc8e,CHEMBL5736732|IC50,source-verified exact IC50 in declared historical assay; not current engagement,CHEMBL6012656,CHEMBL5736732,28327253,Cc1nc2c(F)cc(-c3nc(Nc4ccc5c(n4)CCN(C(=O)CN4CCOCC4)C5)ncc3F)cc2n1C1CC1
ACT-0023,eligible,IC50,20.4,=,7.690369832574101,=,CHEM-d710cd5be1fda1ef,CHEMBL5736732|IC50,source-verified exact IC50 in declared historical assay; not current engagement,CHEMBL5899535,CHEMBL5736732,28327262,Cc1nc2c(F)cc(-c3nc(Nc4ccc5c(n4)CCN(C(=O)C4CC(O)C4)C5)ncc3F)cc2n1C(C)C
ACT-0024,eligible,IC50,65.5,=,7.183758700008217,=,CHEM-90b5205c34268e91,CHEMBL5736732|IC50,"source-verified exact IC50 in declared historical assay; not current engagement; potential_duplicate flag retained, not proof of reingestion",CHEMBL5941223,CHEMBL5736732,28327280,Cc1nc2c(F)cc(-c3nc(Nc4ccc5c(n4)CCNC5)ncc3F)cc2n1C1CCC(C)CC1
ACT-0025,eligible,IC50,89.7,=,7.047207556955907,=,CHEM-ffa7837c7d28c9d4,CHEMBL5736732|IC50,"source-verified exact IC50 in declared historical assay; not current engagement; potential_duplicate flag retained, not proof of reingestion",CHEMBL5970937,CHEMBL5736732,28327289,CNCC(=O)N1CCc2nc(Nc3ncc(F)c(-c4cc(F)c5nc(C)n(C6CCC(C)CC6)c5c4)n3)ccc2C1
ACT-0026,eligible,IC50,87.60000000000001,=,7.057495893831919,=,CHEM-4147b7d1e9b6dd4a,CHEMBL5736732|IC50,"source-verified exact IC50 in declared historical assay; not current engagement; potential_duplicate flag retained, not proof of reingestion",CHEMBL5943083,CHEMBL5736732,28327298,Cc1nc2c(F)cc(-c3nc(Nc4ccc5c(n4)CCN(C(=O)CN(C)C)C5)ncc3F)cc2n1C1CCC(C)CC1
ACT-0027,eligible,IC50,281.0,=,6.55129368009492,=,CHEM-a56999a5bbf668d2,CHEMBL5736732|IC50,"source-verified exact IC50 in declared historical assay; not current engagement; potential_duplicate flag retained, not proof of reingestion",CHEMBL5832188,CHEMBL5736732,28327307,Cc1nc2c(F)cc(-c3nc(Nc4ccc5c(n4)CCN(C(=O)CN(C)C)C5)ncc3F)cc2n1C1CCCCC1
ACT-0028,eligible,IC50,413.0,=,6.384049948343598,=,CHEM-a8be0a1eed8018e6,CHEMBL5736732|IC50,source-verified exact IC50 in declared historical assay; not current engagement,CHEMBL6044246,CHEMBL5736732,28327316,Cc1nc2c(F)cc(-c3nc(Nc4ccc5c(n4)CCN(CC(=O)N(C)C)C5)ncc3F)cc2n1C1CC1
ACT-0029,eligible,IC50,32.3,=,7.490797477668897,=,CHEM-1cf94792d5604073,CHEMBL5736732|IC50,"source-verified exact IC50 in declared historical assay; not current engagement; potential_duplicate flag retained, not proof of reingestion",CHEMBL5947385,CHEMBL5736732,28327325,C=CC(=O)N1CCc2nc(Nc3ncc(F)c(-c4cc(F)c5nc(C)n(C(C)C)c5c4)n3)ccc2C1
ACT-0030,eligible,IC50,40.6,=,7.391473966422806,=,CHEM-867bcdf438f38f16,CHEMBL5736732|IC50,"source-verified exact IC50 in declared historical assay; not current engagement; potential_duplicate flag retained, not proof of reingestion",CHEMBL5976927,CHEMBL5736732,28327343,Cc1nc2c(F)cc(-c3nc(Nc4ccc5c(n4)CCN(C(=O)C4CC(N)C4)C5)ncc3F)cc2n1C(C)C
ACT-0031,context_only,IC50,3330.0,>,5.47755576649368,<,CHEM-0d777b2e653f545f,CHEMBL5736732|IC50,"censored assay-specific threshold; not an exact regression label; potential_duplicate flag retained, not proof of reingestion",CHEMBL5881472,CHEMBL5736732,28327352,Cc1nc2c(C(F)(F)F)cc(-c3nc(Nc4ccc5c(n4)CCNC5)ncc3F)cc2n1C(C)C
ACT-0032,eligible,IC50,84.3,=,7.074172425375258,=,CHEM-f2ddede2d417e675,CHEMBL5736732|IC50,"source-verified exact IC50 in declared historical assay; not current engagement; potential_duplicate flag retained, not proof of reingestion",CHEMBL6019056,CHEMBL5736732,28327361,CNC1CC(C(=O)N2CCc3nc(Nc4ncc(F)c(-c5cc(F)c6nc(C)n(C(C)C)c6c5)n4)ccc3C2)C1
ACT-0033,eligible,IC50,122.0,=,6.913640169325252,=,CHEM-0fda888fc7843856,CHEMBL5736732|IC50,"source-verified exact IC50 in declared historical assay; not current engagement; potential_duplicate flag retained, not proof of reingestion",CHEMBL5870326,CHEMBL5736732,28327370,Cc1nc2c(F)cc(-c3nc(Nc4ccc5c(n4)CCN(C(=O)NCCN(C)C)C5)ncc3F)cc2n1C1CC1
ACT-0034,eligible,IC50,54.1,=,7.266802734893431,=,CHEM-c42ace1f16c0a32e,CHEMBL5736732|IC50,"source-verified exact IC50 in declared historical assay; not current engagement; potential_duplicate flag retained, not proof of reingestion",CHEMBL5976683,CHEMBL5736732,28327379,Cc1nc2c(F)cc(-c3nc(Nc4ccc5c(n4)CCN(C(=O)NCCN(C)C)C5)ncc3F)cc2n1C(C)C
ACT-0035,eligible,IC50,710.0,=,6.1487416512809245,=,CHEM-e9ce37bc38208f7d,CHEMBL5736732|IC50,"source-verified exact IC50 in declared historical assay; not current engagement; potential_duplicate flag retained, not proof of reingestion",CHEMBL5999796,CHEMBL5736732,28327388,Cc1nc2c(F)cc(-c3nc(Nc4ccc5c(n4)CCN(C(C)C)C5)ncc3F)cc2n1C1CC1
ACT-0036,eligible,IC50,346.0,=,6.460923901207224,=,CHEM-b9e68883d0727350,CHEMBL5736732|IC50,"source-verified exact IC50 in declared historical assay; not current engagement; potential_duplicate flag retained, not proof of reingestion",CHEMBL5774515,CHEMBL5736732,28327397,Cc1nc2c(F)cc(-c3nc(Nc4ccc5c(n4)CCN(C(=O)OCCN(C)C)C5)ncc3F)cc2n1C1CC1
ACT-0037,eligible,IC50,559.0,=,6.252588192113577,=,CHEM-2c2b1fa8ad828b3b,CHEMBL5736732|IC50,"source-verified exact IC50 in declared historical assay; not current engagement; potential_duplicate flag retained, not proof of reingestion",CHEMBL5832698,CHEMBL5736732,28327406,Cc1nc2c(F)cc(-c3nc(Nc4ccc5c(n4)CCN(C(=O)[C@@H](C)N(C)C)C5)ncc3F)cc2n1C1CC1
ACT-0038,eligible,IC50,91.0,=,7.040958607678906,=,CHEM-81ae07e81d2d15fe,CHEMBL5736732|IC50,"source-verified exact IC50 in declared historical assay; not current engagement; potential_duplicate flag retained, not proof of reingestion",CHEMBL5884004,CHEMBL5736732,28327415,Cc1nc2c(F)cc(-c3nc(Nc4ccc5c(n4)CCN(C(=O)[C@H](C)N(C)C)C5)ncc3F)cc2n1C1CC1
ACT-0039,eligible,IC50,28.2,=,7.549750891680639,=,CHEM-6059783a0a67ac07,CHEMBL5736732|IC50,"source-verified exact IC50 in declared historical assay; not current engagement; potential_duplicate flag retained, not proof of reingestion",CHEMBL5894670,CHEMBL5736732,28327424,Cc1nc2c(F)cc(-c3nc(Nc4ccc5c(n4)CCN(C(=O)NCCO)C5)ncc3F)cc2n1C(C)C
ACT-0040,eligible,IC50,334.0,=,6.476253533188435,=,CHEM-5a2820b23dfd180d,CHEMBL5736732|IC50,"source-verified exact IC50 in declared historical assay; not current engagement; potential_duplicate flag retained, not proof of reingestion",CHEMBL5950277,CHEMBL5736732,28327433,Cc1nc2c(F)cc(-c3nc(Nc4ccc5c(n4)CCN(C(=O)NCCO)C5)ncc3F)cc2n1C1CC1
ACT-0041,eligible,IC50,129.0,=,6.889410289700751,=,CHEM-a27e4896ea12296f,CHEMBL5736732|IC50,"source-verified exact IC50 in declared historical assay; not current engagement; potential_duplicate flag retained, not proof of reingestion",CHEMBL5879318,CHEMBL5736732,28327442,CNCC(=O)N1CCc2nc(Nc3ncc(F)c(-c4cc(F)c5nc(C)n(C6CCC6)c5c4)n3)ccc2C1
ACT-0042,eligible,IC50,700.0,=,6.154901959985743,=,CHEM-e25cbad1cc1881db,CHEMBL5736732|IC50,"source-verified exact IC50 in declared historical assay; not current engagement; potential_duplicate flag retained, not proof of reingestion",CHEMBL4455210,CHEMBL5736732,28327451,Cc1nc2c(F)cc(-c3nc(Nc4ccc5c(n4)CCN(CCN(C)C)C5)ncc3F)cc2n1C1CC1
ACT-0043,eligible,IC50,294.0,=,6.531652669587842,=,CHEM-138873071d197575,CHEMBL5736732|IC50,source-verified exact IC50 in declared historical assay; not current engagement,CHEMBL5883845,CHEMBL5736732,28327469,Cc1nc2c(F)cc(-c3nc(Nc4ccc5c(n4)CCN(C(=O)CN(C)C)C5)ncc3F)cc2n1C1CCC1
ACT-0044,eligible,IC50,79.4,=,7.100179497572904,=,CHEM-4b33bf5787d98ea0,CHEMBL5736732|IC50,"source-verified exact IC50 in declared historical assay; not current engagement; potential_duplicate flag retained, not proof of reingestion",CHEMBL5888788,CHEMBL5736732,28327478,Cc1nc2c(F)cc(-c3nc(Nc4ccc5c(n4)CCN(C(=O)CN(C)C)C5)ncc3F)cc2n1CC1CC1
ACT-0045,eligible,IC50,364.0,=,6.438898616350944,=,CHEM-d62a2bd77657c731,CHEMBL5736732|IC50,"source-verified exact IC50 in declared historical assay; not current engagement; potential_duplicate flag retained, not proof of reingestion",CHEMBL5950426,CHEMBL5736732,28327487,Cc1nc2c(F)cc(-c3nc(Nc4ccc5c(n4)CCN(C(=O)N(C)CCN(C)C)C5)ncc3F)cc2n1C1CC1
ACT-0046,eligible,IC50,28.3,=,7.548213564475709,=,CHEM-fbe8d9652d52d92a,CHEMBL5736732|IC50,"source-verified exact IC50 in declared historical assay; not current engagement; potential_duplicate flag retained, not proof of reingestion",CHEMBL5856237,CHEMBL5736732,28327496,Cc1nc2c(F)cc(-c3nc(Nc4ccc5c(n4)CCN(C(=O)[C@@H](C)N(C)C)C5)ncc3F)cc2n1C(C)C
ACT-0047,eligible,IC50,47.7,=,7.3214816209598865,=,CHEM-eb0fd52652b3924f,CHEMBL5736732|IC50,"source-verified exact IC50 in declared historical assay; not current engagement; potential_duplicate flag retained, not proof of reingestion",CHEMBL4448494,CHEMBL5736732,28327505,Cc1nc2c(F)cc(-c3nc(Nc4ccc5c(n4)CCN(CCN(C)C)C5)ncc3F)cc2n1C(C)C
ACT-0048,context_only,IC50,1020.0,>,5.991399828238082,<,CHEM-83341101180dffc5,CHEMBL5736732|IC50,censored assay-specific threshold; not an exact regression label,CHEMBL6047483,CHEMBL5736732,28327514,Cc1nc2c(O)cc(-c3nc(Nc4ccc5c(n4)CCN(C(=O)CN(C)C)C5)ncc3F)cc2n1C1CC1
ACT-0049,context_only,IC50,3470.0,>,5.459670525209127,<,CHEM-ce18f92d647109d9,CHEMBL5736732|IC50,"censored assay-specific threshold; not an exact regression label; potential_duplicate flag retained, not proof of reingestion",CHEMBL6014795,CHEMBL5736732,28327523,Cc1nc2c(F)cc(-c3nc(Nc4ccc5c(n4)CCN(C(=O)C4CCCN4)C5)ncc3F)cc2n1C1CC1
ACT-0050,eligible,IC50,661.0,=,6.17979854051436,=,CHEM-6e9b5647f8c2c6a2,CHEMBL5736732|IC50,"source-verified exact IC50 in declared historical assay; not current engagement; potential_duplicate flag retained, not proof of reingestion",CHEMBL5787921,CHEMBL5736732,28327532,CN[C@H](C)C(=O)N1CCc2nc(Nc3ncc(F)c(-c4cc(F)c5nc(C)n(C6CC6)c5c4)n3)ccc2C1
ACT-0051,eligible,IC50,212.0,=,6.673664139071248,=,CHEM-7bf704c8c2dcf678,CHEMBL5736732|IC50,source-verified exact IC50 in declared historical assay; not current engagement,CHEMBL6038282,CHEMBL5736732,28327541,Cc1nc2c(F)cc(-c3nc(Nc4ccc5c(n4)CCN(C(=O)[C@@H]4CCCN4)C5)ncc3F)cc2n1C1CC1
ACT-0052,eligible,IC50,54.9,=,7.260427655549908,=,CHEM-8d155f981d2045bb,CHEMBL5736732|IC50,"source-verified exact IC50 in declared historical assay; not current engagement; potential_duplicate flag retained, not proof of reingestion",CHEMBL4466497,CHEMBL5736732,28327559,Cc1nc2c(F)cc(-c3nc(Nc4ccc5c(n4)CCN(CCN(C)C)C5)ncc3F)cc2n1C(C)(C)C
ACT-0053,eligible,IC50,1490.0,=,5.826813731587726,=,CHEM-264728d7229f594d,CHEMBL5736732|IC50,"source-verified exact IC50 in declared historical assay; not current engagement; potential_duplicate flag retained, not proof of reingestion",CHEMBL5757213,CHEMBL5736732,28327568,Cc1nc2c(F)cc(-c3nc(Nc4ccc5c(n4)CCN(CCCN(C)C)C5)ncc3F)cc2n1C1CC1
ACT-0054,eligible,IC50,167.0,=,6.777283528852417,=,CHEM-27a09ca08693a327,CHEMBL5736732|IC50,"source-verified exact IC50 in declared historical assay; not current engagement; potential_duplicate flag retained, not proof of reingestion",CHEMBL4463716,CHEMBL5736732,28327577,C#CCN(C)CCN1CCc2nc(Nc3ncc(F)c(-c4cc(F)c5nc(C)n(C(C)C)c5c4)n3)ccc2C1
ACT-0055,eligible,IC50,110.0,=,6.958607314841775,=,CHEM-ae3c55624dbbc52e,CHEMBL5736732|IC50,source-verified exact IC50 in declared historical assay; not current engagement,CHEMBL5774473,CHEMBL5736732,28327586,C#CCN1CCC(N2CCc3nc(Nc4ncc(F)c(-c5cc(F)c6nc(C)n(C(C)C)c6c5)n4)ccc3C2)C1
ACT-0056,eligible,IC50,371.0,=,6.430626090384954,=,CHEM-6bb9aa4811bbcb02,CHEMBL5736732|IC50,"source-verified exact IC50 in declared historical assay; not current engagement; potential_duplicate flag retained, not proof of reingestion",CHEMBL5754925,CHEMBL5736732,28327595,Cc1nc2c(F)cc(-c3nc(Nc4ccc5c(n4)CCN(C[C@@H](O)CN(C)C)C5)ncc3F)cc2n1C1CC1
ACT-0057,eligible,IC50,317.0,=,6.498940737782249,=,CHEM-4beade89cf303ec2,CHEMBL5736732|IC50,"source-verified exact IC50 in declared historical assay; not current engagement; potential_duplicate flag retained, not proof of reingestion",CHEMBL5872006,CHEMBL5736732,28327604,Cc1nc2c(F)cc(-c3nc(Nc4ccc5c(n4)CCN(C[C@H]4CCCN4C)C5)ncc3F)cc2n1C1CC1
ACT-0058,eligible,IC50,74.9,=,7.125518182300533,=,CHEM-980599e77847b143,CHEMBL5736732|IC50,"source-verified exact IC50 in declared historical assay; not current engagement; potential_duplicate flag retained, not proof of reingestion",CHEMBL5972036,CHEMBL5736732,28327613,C#CCN1CCCC1CN1CCc2nc(Nc3ncc(F)c(-c4cc(F)c5nc(C)n(C(C)C)c5c4)n3)ccc2C1
ACT-0059,eligible,IC50,567.0,=,6.246416941107094,=,CHEM-bbc0a80a26c1dad4,CHEMBL5736732|IC50,"source-verified exact IC50 in declared historical assay; not current engagement; potential_duplicate flag retained, not proof of reingestion",CHEMBL5762588,CHEMBL5736732,28327640,Cc1nc2c(F)cc(-c3nc(Nc4ccc5c(n4)CCN(CC(C)(C)N)C5)ncc3F)cc2n1C1CC1
ACT-0060,eligible,IC50,35.5,=,7.449771646944906,=,CHEM-42ccfc2759857d0a,CHEMBL5736732|IC50,"source-verified exact IC50 in declared historical assay; not current engagement; potential_duplicate flag retained, not proof of reingestion",CHEMBL5976517,CHEMBL5736732,28327649,Cc1nc2c(F)cc(-c3nc(Nc4ccc5c(n4)CCN(CC#CCN(C)C)C5)ncc3F)cc2n1C(C)C
ACT-0061,eligible,IC50,647.0,=,6.189095719331299,=,CHEM-5add0f87a0f6fd3d,CHEMBL5736732|IC50,"source-verified exact IC50 in declared historical assay; not current engagement; potential_duplicate flag retained, not proof of reingestion",CHEMBL6007400,CHEMBL5736732,28327658,Cc1nc2c(F)cc(-c3nc(Nc4ccc5c(n4)CCN(C[C@@H](C)N(C)C)C5)ncc3F)cc2n1C1CC1
ACT-0062,eligible,IC50,16.5,=,7.782516055786093,=,CHEM-7a18369f8edc1ef9,CHEMBL5736732|IC50,"source-verified exact IC50 in declared historical assay; not current engagement; potential_duplicate flag retained, not proof of reingestion",CHEMBL5964401,CHEMBL5736732,28327676,CCC(CC)n1c(C)nc2c(F)cc(-c3nc(Nc4ccc5c(n4)CCNC5)ncc3F)cc21
ACT-0063,eligible,IC50,17.4,=,7.7594507517174005,=,CHEM-e3af42197365733a,CHEMBL5736732|IC50,"source-verified exact IC50 in declared historical assay; not current engagement; potential_duplicate flag retained, not proof of reingestion",CHEMBL4462493,CHEMBL5736732,28327685,CCC(CC)n1c(C)nc2c(F)cc(-c3nc(Nc4ccc5c(n4)CCN(CCN(C)C)C5)ncc3F)cc21
ACT-0064,eligible,IC50,15.0,=,7.823908740944319,=,CHEM-9ee9efc733a2aa94,CHEMBL5736732|IC50,"source-verified exact IC50 in declared historical assay; not current engagement; potential_duplicate flag retained, not proof of reingestion",CHEMBL5865665,CHEMBL5736732,28327694,Cc1nc2c(F)cc(-c3nc(Nc4ccc5c(n4)CCNC5)ncc3F)cc2n1C(C)C1CC1
ACT-0065,eligible,IC50,135.0,=,6.8696662315049934,=,CHEM-74b72610476f43aa,CHEMBL5736732|IC50,"source-verified exact IC50 in declared historical assay; not current engagement; potential_duplicate flag retained, not proof of reingestion",CHEMBL5925248,CHEMBL5736732,28327703,Cc1nc2c(F)cc(-c3nc(Nc4ccc5c(n4)CCN(C[C@H](C)N(C)C)C5)ncc3F)cc2n1C1CC1
ACT-0066,eligible,IC50,16.3,=,7.787812395596042,=,CHEM-4384d7b3b24a886e,CHEMBL5736732|IC50,"source-verified exact IC50 in declared historical assay; not current engagement; potential_duplicate flag retained, not proof of reingestion",CHEMBL4550287,CHEMBL5736732,28327712,Cc1nc2c(F)cc(-c3nc(Nc4ccc5c(n4)CCN(CCN(C)C)C5)ncc3F)cc2n1C(C)C1CC1
ACT-0067,eligible,IC50,10.3,=,7.987162775294828,=,CHEM-e1ed07c097bdd754,CHEMBL5736732|IC50,"source-verified exact IC50 in declared historical assay; not current engagement; potential_duplicate flag retained, not proof of reingestion",CHEMBL5886747,CHEMBL5736732,28327721,Cc1nc2c(F)cc(-c3nc(Nc4ccc5c(n4)CCNC5)ncc3F)cc2n1C1(C)CC1
ACT-0068,eligible,IC50,16.3,=,7.787812395596042,=,CHEM-f617d757033dca51,CHEMBL5736732|IC50,"source-verified exact IC50 in declared historical assay; not current engagement; potential_duplicate flag retained, not proof of reingestion",CHEMBL4542247,CHEMBL5736732,28327730,Cc1nc2c(F)cc(-c3nc(Nc4ccc5c(n4)CCN(CCN(C)C)C5)ncc3F)cc2n1C1(C)CC1
ACT-0069,eligible,IC50,62.4,=,7.204815410317575,=,CHEM-0992dff5a582b21a,CHEMBL5736732|IC50,"source-verified exact IC50 in declared historical assay; not current engagement; potential_duplicate flag retained, not proof of reingestion",CHEMBL5888813,CHEMBL5736732,28327739,Cc1nc2c(F)cc(-c3nc(Nc4ccc5c(n4)CCN(CC[Si](C)(C)C)C5)ncc3F)cc2n1C(C)C
ACT-0070,eligible,IC50,28.5,=,7.54515513999149,=,CHEM-5233869dab2cecd6,CHEMBL5736732|IC50,"source-verified exact IC50 in declared historical assay; not current engagement; potential_duplicate flag retained, not proof of reingestion",CHEMBL5911327,CHEMBL5736732,28327748,Cc1nc2c(F)cc(-c3nc(Nc4ccc5c(n4)CCN(CCCN(C)C)C5)ncc3F)cc2n1C(C)(C)C
ACT-0071,eligible,IC50,16.3,=,7.787812395596042,=,CHEM-1a3199a60684142c,CHEMBL5736732|IC50,"source-verified exact IC50 in declared historical assay; not current engagement; potential_duplicate flag retained, not proof of reingestion",CHEMBL4463172,CHEMBL5736732,28327757,Cc1nc2c(F)cc(-c3nc(Nc4ccc5c(n4)CCN(CCN(C)C(=N)N)C5)ncc3F)cc2n1C(C)C
ACT-0072,eligible,IC50,14.3,=,7.844663962534938,=,CHEM-1867c73baa16cc19,CHEMBL5736732|IC50,"source-verified exact IC50 in declared historical assay; not current engagement; potential_duplicate flag retained, not proof of reingestion",CHEMBL5830076,CHEMBL5736732,28327766,Cc1nc2c(F)cc(-c3nc(Nc4ccc5c(n4)CCN(C(=O)CCN(C)C)C5)ncc3F)cc2n1C(C)(C)C
ACT-0073,eligible,IC50,16.3,=,7.787812395596042,=,CHEM-92008589c6b5efd2,CHEMBL5736732|IC50,"source-verified exact IC50 in declared historical assay; not current engagement; potential_duplicate flag retained, not proof of reingestion",CHEMBL5869281,CHEMBL5736732,28327775,Cc1nc2c(F)cc(-c3nc(Nc4ccc5c(n4)CCN(C[C@H]4CN(C)CCO4)C5)ncc3F)cc2n1C(C)(C)C
ACT-0074,eligible,IC50,10.3,=,7.987162775294828,=,CHEM-6a13c48f89cf8463,CHEMBL5736732|IC50,"source-verified exact IC50 in declared historical assay; not current engagement; potential_duplicate flag retained, not proof of reingestion",CHEMBL5774332,CHEMBL5736732,28327784,Cc1nc2c(F)cc(-c3nc(Nc4ccc5c(n4)CCN(C[C@@H]4CN(C)CCO4)C5)ncc3F)cc2n1C(C)(C)C
ACT-0075,eligible,IC50,6.02,=,8.220403508742175,=,CHEM-fdee6215052f0f83,CHEMBL5736732|IC50,"source-verified exact IC50 in declared historical assay; not current engagement; potential_duplicate flag retained, not proof of reingestion",CHEMBL6020156,CHEMBL5736732,28327793,Cc1nc2c(F)cc(-c3nc(Nc4ccc5c(n4)CCN(C/C=N/O)C5)ncc3F)cc2n1C(C)C
ACT-0076,eligible,IC50,15.0,=,7.823908740944319,=,CHEM-77a5a4cd38f10001,CHEMBL5736732|IC50,source-verified exact IC50 in declared historical assay; not current engagement,CHEMBL6031262,CHEMBL5736732,28327802,C/C(=N/O)N(C)CCN1CCc2nc(Nc3ncc(F)c(-c4cc(F)c5nc(C)n(C(C)C)c5c4)n3)ccc2C1
ACT-0077,eligible,IC50,670.0,=,6.173925197299173,=,CHEM-6bf1dd9dd6929a54,CHEMBL5736732|IC50,source-verified exact IC50 in declared historical assay; not current engagement,CHEMBL5755607,CHEMBL5736732,28327811,Cc1nc2c(F)cc(-c3nc(Nc4ccc5c(n4)CCN(CCN=C(N)N)C5)ncc3F)cc2n1C(C)C
ACT-0078,eligible,IC50,19.2,=,7.71669877129645,=,CHEM-37e1c2dd4ef2847f,CHEMBL5736732|IC50,"source-verified exact IC50 in declared historical assay; not current engagement; potential_duplicate flag retained, not proof of reingestion",CHEMBL4438059,CHEMBL5736732,28327829,Cc1nc2c(F)cc(-c3nc(Nc4ccc5c(n4)CCN(CCN(C)C)C5)ncc3F)cc2n1C1CCCCC1
ACT-0079,eligible,IC50,23.8,=,7.623423042943488,=,CHEM-f9aa79cca2340b18,CHEMBL5736732|IC50,"source-verified exact IC50 in declared historical assay; not current engagement; potential_duplicate flag retained, not proof of reingestion",CHEMBL6013826,CHEMBL5736732,28327838,Cc1nc2c(F)cc(-c3nc(Nc4ccc5c(n4)CCN(CCN(C)C)[C@H]5C)ncc3F)cc2n1C(C)(C)C
ACT-0080,eligible,IC50,31.1,=,7.507239610973162,=,CHEM-73c4e386926a7f99,CHEMBL5736732|IC50,source-verified exact IC50 in declared historical assay; not current engagement,CHEMBL6009610,CHEMBL5736732,28327847,Cc1nc2c(F)cc(-c3nc(Nc4ccc5c(n4)CCN(CCN(C)C)[C@@H]5C)ncc3F)cc2n1C(C)(C)C
ACT-0081,eligible,IC50,83.3,=,7.079354998593212,=,CHEM-f9aa79cca2340b18,CHEMBL5736732|IC50,"source-verified exact IC50 in declared historical assay; not current engagement; potential_duplicate flag retained, not proof of reingestion",CHEMBL6013826,CHEMBL5736732,28327856,Cc1nc2c(F)cc(-c3nc(Nc4ccc5c(n4)CCN(CCN(C)C)[C@H]5C)ncc3F)cc2n1C(C)(C)C
ACT-0082,eligible,IC50,135.0,=,6.8696662315049934,=,CHEM-a3ee8353bcdf567b,CHEMBL5736732|IC50,"source-verified exact IC50 in declared historical assay; not current engagement; potential_duplicate flag retained, not proof of reingestion",CHEMBL4461442,CHEMBL5736732,28327865,Cc1nc2c(F)cc(-c3nc(Nc4ccc5c(n4)CCN(CCN(C)P(C)(C)=O)C5)ncc3F)cc2n1C(C)C
ACT-0083,eligible,IC50,30.7,=,7.512861624522813,=,CHEM-492a1c0666493ebf,CHEMBL5736732|IC50,"source-verified exact IC50 in declared historical assay; not current engagement; potential_duplicate flag retained, not proof of reingestion",CHEMBL5950534,CHEMBL5736732,28327883,Cc1nc2c(F)cc(-c3nc(Nc4ccc5c(n4)C[C@@H](C)NC5)ncc3F)cc2n1C(C)(C)C
ACT-0084,eligible,IC50,14.5,=,7.838631997765026,=,CHEM-a3697fc0a140db3c,CHEMBL5736732|IC50,"source-verified exact IC50 in declared historical assay; not current engagement; potential_duplicate flag retained, not proof of reingestion",CHEMBL4438497,CHEMBL5736732,28327892,Cc1nc2c(F)cc(-c3nc(Nc4ccc5c(n4)CCN(CCN(C)C(N)=S)C5)ncc3F)cc2n1C(C)C
ACT-0085,eligible,IC50,11.2,=,7.950781977329818,=,CHEM-492a1c0666493ebf,CHEMBL5736732|IC50,"source-verified exact IC50 in declared historical assay; not current engagement; potential_duplicate flag retained, not proof of reingestion",CHEMBL5950534,CHEMBL5736732,28327901,Cc1nc2c(F)cc(-c3nc(Nc4ccc5c(n4)C[C@@H](C)NC5)ncc3F)cc2n1C(C)(C)C
ACT-0086,eligible,IC50,44.9,=,7.347753658996677,=,CHEM-cc6d31434b6b4602,CHEMBL5736732|IC50,source-verified exact IC50 in declared historical assay; not current engagement,CHEMBL6058303,CHEMBL5736732,28327910,Cc1nc2c(F)cc(-c3nc(Nc4ccc5c(n4)C[C@H](C)N(CCN(C)C)C5)ncc3F)cc2n1C(C)(C)C
ACT-0087,eligible,IC50,23.6,=,7.627087997029893,=,CHEM-601c4eb54046188f,CHEMBL5736732|IC50,source-verified exact IC50 in declared historical assay; not current engagement,CHEMBL5775091,CHEMBL5736732,28327919,Cc1nc2c(F)cc(-c3nc(Nc4ccc5c(n4)CCN(CCS(C)(=O)=NC#N)C5)ncc3F)cc2n1C(C)C
ACT-0088,eligible,IC50,232.0,=,6.634512015109101,=,CHEM-bbb5db870fe72d3c,CHEMBL5736732|IC50,"source-verified exact IC50 in declared historical assay; not current engagement; potential_duplicate flag retained, not proof of reingestion",CHEMBL4449998,CHEMBL5736732,28327928,Cc1nc2c(F)cc(-c3nc(Nc4ccc5c(n4)CCN(CCN(C)C)C5)ncc3F)cc2n1CC1CC1
ACT-0089,eligible,IC50,444.0,=,6.35261702988538,=,CHEM-2c2b1fa8ad828b3b,CHEMBL5736732|IC50,"source-verified exact IC50 in declared historical assay; not current engagement; potential_duplicate flag retained, not proof of reingestion",CHEMBL5832698,CHEMBL5736732,28327937,Cc1nc2c(F)cc(-c3nc(Nc4ccc5c(n4)CCN(C(=O)[C@@H](C)N(C)C)C5)ncc3F)cc2n1C1CC1
ACT-0090,eligible,IC50,28.5,=,7.54515513999149,=,CHEM-2129aea8641c3b46,CHEMBL5736732|IC50,"source-verified exact IC50 in declared historical assay; not current engagement; potential_duplicate flag retained, not proof of reingestion",CHEMBL5994564,CHEMBL5736732,28327964,Cc1nc2c(F)cc(-c3nc(Nc4ccc5c(n4)CCN(C[C@@H]4CCCN4C)C5)ncc3F)cc2n1C1CC1
ACT-0091,eligible,IC50,19.400000000000002,=,7.7121982700697735,=,CHEM-6bf1dd9dd6929a54,CHEMBL5736732|IC50,"source-verified exact IC50 in declared historical assay; not current engagement; potential_duplicate flag retained, not proof of reingestion",CHEMBL5755607,CHEMBL5736732,28327973,Cc1nc2c(F)cc(-c3nc(Nc4ccc5c(n4)CCN(CCN=C(N)N)C5)ncc3F)cc2n1C(C)C
ACT-0092,eligible,IC50,78.2,=,7.106793246940152,=,CHEM-6dc536ab571bf4e0,CHEMBL5736732|IC50,"source-verified exact IC50 in declared historical assay; not current engagement; potential_duplicate flag retained, not proof of reingestion",CHEMBL4463874,CHEMBL5736732,28327982,Cc1nc2c(F)cc(-c3nc(Nc4ccc5c(n4)CCN(CCN(C)CCNC(=N)N)C5)ncc3F)cc2n1C(C)C
ACT-0093,eligible,IC50,25.1,=,7.600326278518962,=,CHEM-6626cdedbcfdcd80,CHEMBL5736732|IC50,"source-verified exact IC50 in declared historical assay; not current engagement; potential_duplicate flag retained, not proof of reingestion",CHEMBL4439999,CHEMBL5736732,28327991,Cc1nc2c(F)cc(-c3nc(Nc4ccc5c(n4)CCN(CCN(C)CC[Si](C)(C)C)C5)ncc3F)cc2n1C(C)C
ACT-0094,eligible,IC50,147.0,=,6.8326826652518236,=,CHEM-79282acfeb90c1c9,CHEMBL5736732|IC50,"source-verified exact IC50 in declared historical assay; not current engagement; potential_duplicate flag retained, not proof of reingestion",CHEMBL4461579,CHEMBL5736732,28328000,Cc1nc2c(F)cc(-c3nc(Nc4ccc5c(n4)CCN(CCN(C)C(=S)n4ccnc4)C5)ncc3F)cc2n1C(C)C
ACT-0095,eligible,IC50,486.0,=,6.313363730737707,=,CHEM-4e4b06611b4e2190,CHEMBL5736732|IC50,"source-verified exact IC50 in declared historical assay; not current engagement; potential_duplicate flag retained, not proof of reingestion",CHEMBL6033665,CHEMBL5736732,28328009,Cc1nc2c(F)cc(-c3nc(Nc4ccc5c(n4)CCNC5)ncc3F)cc2n1C
ACT-0096,context_only,IC50,3330.0,>,5.47755576649368,<,CHEM-385a0c33eeaf1968,CHEMBL5736732|IC50,"censored assay-specific threshold; not an exact regression label; potential_duplicate flag retained, not proof of reingestion",CHEMBL4458266,CHEMBL5736732,28328027,Cc1nc2c(F)cc(-c3nc(Nc4ccc5c(n4)CCN(CCN(C)C)C5)ncc3F)cc2n1C
ACT-0097,eligible,IC50,126.0,=,6.899629454882437,=,CHEM-b9d594eb84afc77f,CHEMBL5736732|IC50,source-verified exact IC50 in declared historical assay; not current engagement,CHEMBL5900599,CHEMBL5736732,28328036,CCn1c(C)nc2c(F)cc(-c3nc(Nc4ccc5c(n4)CCNC5)ncc3F)cc21
ACT-0098,eligible,IC50,358.0,=,6.446116973356125,=,CHEM-ec75515084ae8ed9,CHEMBL5736732|IC50,"source-verified exact IC50 in declared historical assay; not current engagement; potential_duplicate flag retained, not proof of reingestion",CHEMBL4445727,CHEMBL5736732,28328045,CCn1c(C)nc2c(F)cc(-c3nc(Nc4ccc5c(n4)CCN(CCN(C)C)C5)ncc3F)cc21
ACT-0099,eligible,IC50,301.0,=,6.521433504406157,=,CHEM-62c41d2138273056,CHEMBL5736732|IC50,"source-verified exact IC50 in declared historical assay; not current engagement; potential_duplicate flag retained, not proof of reingestion",CHEMBL5935906,CHEMBL5736732,28328054,CNCCN1CCc2nc(Nc3ncc(F)c(-c4cc(F)c5nc(C)n(C6CC6)c5c4)n3)ccc2C1
ACT-0100,eligible,IC50,42.8,=,7.368556230986828,=,CHEM-0d0e50504fb621a1,CHEMBL5736732|IC50,"source-verified exact IC50 in declared historical assay; not current engagement; potential_duplicate flag retained, not proof of reingestion",CHEMBL5816005,CHEMBL5736732,28328063,Cc1nc2c(F)cc(-c3nc(Nc4ccc5c(n4)CCN(CCN4CCOCC4)C5)ncc3F)cc2n1C(C)(C)C
ACT-0101,eligible,IC50,39.6,=,7.402304814074488,=,CHEM-c8b4d8b105d66b9d,CHEMBL5736732|IC50,"source-verified exact IC50 in declared historical assay; not current engagement; potential_duplicate flag retained, not proof of reingestion",CHEMBL5979966,CHEMBL5736732,28328072,Cc1nc2c(F)cc(-c3nc(Nc4ccc5c(n4)CCN(CCN4CCN(C)CC4)C5)ncc3F)cc2n1C(C)(C)C
ACT-0102,eligible,IC50,67.0,=,7.173925197299173,=,CHEM-16a4de1d344ed98d,CHEMBL5736732|IC50,"source-verified exact IC50 in declared historical assay; not current engagement; potential_duplicate flag retained, not proof of reingestion",CHEMBL6002613,CHEMBL5736732,28328081,Cc1nc2c(F)cc(-c3nc(Nc4ccc5c(n4)CCN(CCN4CCP(C)(=O)CC4)C5)ncc3F)cc2n1C(C)(C)C
ACT-0103,eligible,IC50,48.4,=,7.315154638355588,=,CHEM-c819110f37447e94,CHEMBL5736732|IC50,"source-verified exact IC50 in declared historical assay; not current engagement; potential_duplicate flag retained, not proof of reingestion",CHEMBL5834090,CHEMBL5736732,28328090,Cc1nc2c(F)cc(-c3nc(Nc4ccc5c(n4)CCN(CCN(C)CCO)C5)ncc3F)cc2n1C(C)(C)C
ACT-0104,eligible,IC50,73.1,=,7.13608262304214,=,CHEM-1e4df3d061025532,CHEMBL5736732|IC50,"source-verified exact IC50 in declared historical assay; not current engagement; potential_duplicate flag retained, not proof of reingestion",CHEMBL5983466,CHEMBL5736732,28328099,Cc1nc2c(F)cc(-c3nc(Nc4ccc5c(n4)CCN(CCN(C)CCN(C)C)C5)ncc3F)cc2n1C(C)(C)C
ACT-0105,eligible,IC50,34.6,=,7.460923901207224,=,CHEM-3bcece6d17e73b25,CHEMBL5736732|IC50,"source-verified exact IC50 in declared historical assay; not current engagement; potential_duplicate flag retained, not proof of reingestion",CHEMBL5921721,CHEMBL5736732,28328108,Cc1nc2c(F)cc(-c3nc(Nc4ccc5c(n4)CCN(CCN(C)CC[Si](C)(C)C)C5)ncc3F)cc2n1C(C)(C)C
ACT-0106,eligible,IC50,21.0,=,7.6777807052660805,=,CHEM-ef3ced69f7e42e26,CHEMBL5736732|IC50,"source-verified exact IC50 in declared historical assay; not current engagement; potential_duplicate flag retained, not proof of reingestion",CHEMBL5981008,CHEMBL5736732,28328117,CC(=N)NCCN1CCc2nc(Nc3ncc(F)c(-c4cc(F)c5nc(C)n(C(C)C)c5c4)n3)ccc2C1
ACT-0107,eligible,IC50,6.68,=,8.175223537524454,=,CHEM-9822352de6a3cbee,CHEMBL5736732|IC50,"source-verified exact IC50 in declared historical assay; not current engagement; potential_duplicate flag retained, not proof of reingestion",CHEMBL6002674,CHEMBL5736732,28328126,CNCCN1CCc2nc(Nc3ncc(F)c(-c4cc(F)c5nc(C)n(C(C)(C)C)c5c4)n3)ccc2C1
ACT-0108,eligible,IC50,60.2,=,7.220403508742176,=,CHEM-f2c47945fc27d48c,CHEMBL5736732|IC50,"source-verified exact IC50 in declared historical assay; not current engagement; potential_duplicate flag retained, not proof of reingestion",CHEMBL5845923,CHEMBL5736732,28328144,CCOP(=O)(OCC)C1(O)CCN(CCN2CCc3nc(Nc4ncc(F)c(-c5cc(F)c6nc(C)n(C(C)(C)C)c6c5)n4)ccc3C2)C1
ACT-0109,eligible,IC50,27.6,=,7.559090917934782,=,CHEM-42bc827f1065674c,CHEMBL5736732|IC50,"source-verified exact IC50 in declared historical assay; not current engagement; potential_duplicate flag retained, not proof of reingestion",CHEMBL5953254,CHEMBL5736732,28328153,Cc1nc2c(F)cc(-c3nc(Nc4ccc5c(n4)CCN(CCN(C)CCP(=O)(O)O)C5)ncc3F)cc2n1C(C)(C)C
ACT-0110,eligible,IC50,59.3,=,7.226945306635738,=,CHEM-51ed3631b5a5caa1,CHEMBL5736732|IC50,"source-verified exact IC50 in declared historical assay; not current engagement; potential_duplicate flag retained, not proof of reingestion",CHEMBL5772567,CHEMBL5736732,28328162,CCOP(=O)(CCN(C)CCN1CCc2nc(Nc3ncc(F)c(-c4cc(F)c5nc(C)n(C(C)(C)C)c5c4)n3)ccc2C1)OCC
ACT-0111,eligible,IC50,27.0,=,7.568636235841012,=,CHEM-bc27b6bb09e9737d,CHEMBL5736732|IC50,"source-verified exact IC50 in declared historical assay; not current engagement; potential_duplicate flag retained, not proof of reingestion",CHEMBL5751847,CHEMBL5736732,28328171,Cc1nc2c(F)cc(-c3nc(Nc4ccc5c(n4)CCN(CC(N)=NO)C5)ncc3F)cc2n1C(C)(C)C
ACT-0112,eligible,IC50,40.2,=,7.39577394691553,=,CHEM-77a5a4cd38f10001,CHEMBL5736732|IC50,source-verified exact IC50 in declared historical assay; not current engagement,CHEMBL6031262,CHEMBL5736732,28328180,C/C(=N/O)N(C)CCN1CCc2nc(Nc3ncc(F)c(-c4cc(F)c5nc(C)n(C(C)C)c5c4)n3)ccc2C1
ACT-0113,eligible,IC50,20.8,=,7.681936665037238,=,CHEM-84cef84952496cb9,CHEMBL5736732|IC50,"source-verified exact IC50 in declared historical assay; not current engagement; potential_duplicate flag retained, not proof of reingestion",CHEMBL5938059,CHEMBL5736732,28328189,Cc1nc2c(F)cc(-c3nc(Nc4ccc5c(n4)CCN(CCN)C5)ncc3F)cc2n1C(C)(C)C
ACT-0114,eligible,IC50,20.0,=,7.698970004336019,=,CHEM-d1fff744f73710ac,CHEMBL5736732|IC50,"source-verified exact IC50 in declared historical assay; not current engagement; potential_duplicate flag retained, not proof of reingestion",CHEMBL5933703,CHEMBL5736732,28328198,CNCCN1CCc2nc(Nc3ncc(F)c(-c4cc(F)c5nc(C)n(C6(C)CC6)c5c4)n3)ccc2C1
ACT-0115,eligible,IC50,117.0,=,6.931814138253838,=,CHEM-2773fcab444beafd,CHEMBL5736732|IC50,source-verified exact IC50 in declared historical assay; not current engagement,CHEMBL4525034,CHEMBL5736732,28328216,CCOP(=O)(OCC)N(C)CCN1CCc2nc(Nc3ncc(F)c(-c4cc(F)c5nc(C)n(C(C)C)c5c4)n3)ccc2C1
ACT-0116,eligible,IC50,50.3,=,7.298432014944073,=,CHEM-03f25696d23571b6,CHEMBL5736732|IC50,"source-verified exact IC50 in declared historical assay; not current engagement; potential_duplicate flag retained, not proof of reingestion",CHEMBL5799961,CHEMBL5736732,28328225,Cc1nc2c(F)cc(-c3nc(Nc4ccc5c(n4)CCN(C(C)CN(C)C)C5)ncc3F)cc2n1C(C)(C)C
ACT-0117,eligible,IC50,32.0,=,7.494850021680094,=,CHEM-b1452b3185b46678,CHEMBL5736732|IC50,"source-verified exact IC50 in declared historical assay; not current engagement; potential_duplicate flag retained, not proof of reingestion",CHEMBL5775776,CHEMBL5736732,28328234,Cc1nc2c(F)cc(-c3nc(Nc4ccc5c(n4)CCN(CCN4CC=C(B(O)O)CC4)C5)ncc3F)cc2n1C(C)(C)C
ACT-0118,eligible,IC50,13.1,=,7.882728704344236,=,CHEM-0592ca12564c7a80,CHEMBL5736732|IC50,"source-verified exact IC50 in declared historical assay; not current engagement; potential_duplicate flag retained, not proof of reingestion",CHEMBL5979303,CHEMBL5736732,28328243,Cc1nc2c(F)cc(-c3nc(Nc4ccc5c(n4)CCN(CCS(C)(=O)=O)C5)ncc3F)cc2n1C(C)(C)C
ACT-0119,eligible,IC50,14.0,=,7.853871964321762,=,CHEM-502adea8afc3ce4f,CHEMBL5736732|IC50,source-verified exact IC50 in declared historical assay; not current engagement,CHEMBL6004741,CHEMBL5736732,28328252,Cc1nc2c(F)cc(-c3nc(Nc4ccc5c(n4)CCN(CC=NO)C5)ncc3F)cc2n1C(C)C
ACT-0120,eligible,IC50,18.0,=,7.7447274948966935,=,CHEM-b8b7b0b64a3e54db,CHEMBL5736732|IC50,"source-verified exact IC50 in declared historical assay; not current engagement; potential_duplicate flag retained, not proof of reingestion",CHEMBL5956134,CHEMBL5736732,28328261,Cc1nc2c(F)cc(-c3nc(Nc4ccc5c(n4)CCN(CC(C)(C)N)C5)ncc3F)cc2n1C(C)(C)C
ACT-0121,eligible,IC50,18.5,=,7.732828271596986,=,CHEM-4cffa1ee093ef7c9,CHEMBL5736732|IC50,"source-verified exact IC50 in declared historical assay; not current engagement; potential_duplicate flag retained, not proof of reingestion",CHEMBL5758951,CHEMBL5736732,28328270,Cc1nc2c(F)cc(-c3nc(Nc4ccc5c(n4)CCN(CCN4CCC(B(O)O)CC4)C5)ncc3F)cc2n1C(C)(C)C
ACT-0122,eligible,IC50,17.0,=,7.769551078621726,=,CHEM-37c823f2ac118302,CHEMBL5736732|IC50,"source-verified exact IC50 in declared historical assay; not current engagement; potential_duplicate flag retained, not proof of reingestion",CHEMBL5836990,CHEMBL5736732,28328279,Cc1nc2c(F)cc(-c3nc(Nc4ccc5c(n4)CCNC5)ncc3F)cc2n1C(C)C
ACT-0123,eligible,IC50,13.5,=,7.8696662315049934,=,CHEM-b1afaa2f8f6df7c9,CHEMBL5736732|IC50,"source-verified exact IC50 in declared historical assay; not current engagement; potential_duplicate flag retained, not proof of reingestion",CHEMBL4213219,CHEMBL5736732,28328288,Cc1nc2c(F)cc(-c3nc(Nc4ccc5c(n4)CCN(C(=O)CO)C5)ncc3F)cc2n1C(C)C
ACT-0124,eligible,IC50,31.9,=,7.496209316942819,=,CHEM-db1a73d07b1dba27,CHEMBL5736732|IC50,"source-verified exact IC50 in declared historical assay; not current engagement; potential_duplicate flag retained, not proof of reingestion",CHEMBL5834517,CHEMBL5736732,28328306,CC(=O)N1CCc2nc(Nc3ncc(F)c(-c4cc(F)c5nc(C)n(C(C)C)c5c4)n3)ccc2C1
ACT-0125,eligible,IC50,19.9,=,7.701146923590294,=,CHEM-6374d7615f692028,CHEMBL5736732|IC50,"source-verified exact IC50 in declared historical assay; not current engagement; potential_duplicate flag retained, not proof of reingestion",CHEMBL5908734,CHEMBL5736732,28328315,Cc1nc2c(F)cc(-c3nc(Nc4ccc5c(n4)CCN(CCO)C5)ncc3F)cc2n1C(C)C
ACT-0126,eligible,IC50,22.5,=,7.647817481888637,=,CHEM-6af35978ad5acbaa,CHEMBL5736732|IC50,"source-verified exact IC50 in declared historical assay; not current engagement; potential_duplicate flag retained, not proof of reingestion",CHEMBL4207796,CHEMBL5736732,28328324,Cc1nc2c(F)cc(-c3nc(Nc4ccc5c(n4)CCN(CCF)C5)ncc3F)cc2n1C(C)C
ACT-0127,context_only,IC50,5.6,=,8.2518119729938,=,CHEM-128aa8c0ea34228a,CHEMBL661125|IC50,different historical assay context; not pooled into primary-assay regression,CHEMBL1964242,CHEMBL661125,1142480,O=C1Nc2ccc3ncsc3c2/C1=C/Nc1ccc(S(=O)(=O)NCc2ccccc2)cc1
ACT-0128,context_only,IC50,560.0,=,6.251811972993799,=,CHEM-b6bbd9d157fe3e15,CHEMBL661125|IC50,different historical assay context; not pooled into primary-assay regression,CHEMBL1234085,CHEMBL661125,1142488,CNS(=O)(=O)c1ccc(N/C=C2\C(=O)Nc3ccccc32)cc1
ACT-0129,context_only,IC50,4.6,=,8.337242168318426,=,CHEM-c15c5af11dcfdaf3,CHEMBL661125|IC50,different historical assay context; not pooled into primary-assay regression,CHEMBL314397,CHEMBL661125,1143809,NS(=O)(=O)c1ccc(/N=N/c2c(O)[nH]c3cccc(I)c23)cc1
ACT-0130,context_only,IC50,8.9,=,8.050609993355087,=,CHEM-58a36719c032d74e,CHEMBL661125|IC50,different historical assay context; not pooled into primary-assay regression,CHEMBL272165,CHEMBL661125,1143811,NS(=O)(=O)c1ccc(N/N=C2\C(=O)Nc3ccc(C(=O)NCc4ccncc4)cc32)cc1
ACT-0131,context_only,IC50,120.0,=,6.920818753952375,=,CHEM-c63fe17ac413c3ae,CHEMBL661125|IC50,different historical assay context; not pooled into primary-assay regression,CHEMBL438721,CHEMBL661125,1145032,NS(=O)(=O)c1ccc(N/N=C2\C(=O)Nc3ccccc32)cc1
ACT-0132,context_only,IC50,2.5,=,8.602059991327963,=,CHEM-ea6158569a3ad618,CHEMBL661125|IC50,different historical assay context; not pooled into primary-assay regression,CHEMBL270132,CHEMBL661125,1145034,NS(=O)(=O)c1ccc(N/C=C2\C(=O)Nc3ccc(-c4cnco4)cc32)cc1
ACT-0133,context_only,IC50,9.700000000000001,=,8.013228265733755,=,CHEM-4d00214cd3520a3a,CHEMBL661125|IC50,different historical assay context; not pooled into primary-assay regression,CHEMBL1276446,CHEMBL661125,1145036,O=C1Nc2ccc3ncsc3c2/C1=C/Nc1ccc(S(=O)(=O)Nc2ccccn2)cc1
ACT-0134,context_only,IC50,5.7,=,8.244125144327509,=,CHEM-e7c780ef8c96b84e,CHEMBL661125|IC50,different historical assay context; not pooled into primary-assay regression,CHEMBL1234086,CHEMBL661125,1145044,CNS(=O)(=O)Cc1ccc(N/N=C2\C(=O)Nc3ccc4ncsc4c32)cc1
ACT-0135,context_only,IC50,21.0,=,7.6777807052660805,=,CHEM-889722716d1cc9d9,CHEMBL661125|IC50,different historical assay context; not pooled into primary-assay regression,CHEMBL271182,CHEMBL661125,1146499,CCc1ccc2c(c1)NC(=O)/C2=N\Nc1ccc(S(N)(=O)=O)cc1
ACT-0136,context_only,IC50,1.0,=,9.000,=,CHEM-fbe7a6ff0f2b1fa8,CHEMBL661125|IC50,different historical assay context; not pooled into primary-assay regression,CHEMBL1964249,CHEMBL661125,1146501,COCCOCCOCCOCCN(C)S(=O)(=O)c1ccc(N/C=C2\C(=O)Nc3ccc4ncsc4c32)cc1
ACT-0137,context_only,IC50,4.6,=,8.337242168318426,=,CHEM-afd23fce0538b52e,CHEMBL661125|IC50,different historical assay context; not pooled into primary-assay regression,CHEMBL272667,CHEMBL661125,1149045,Cc1c([N+](=O)[O-])ccc2c1/C(=N/Nc1ccc(S(N)(=O)=O)cc1)C(=O)N2
ACT-0138,context_only,IC50,690.0,=,6.161150909262744,=,CHEM-f6574fb584a2f42f,CHEMBL661125|IC50,different historical assay context; not pooled into primary-assay regression,CHEMBL269850,CHEMBL661125,1150272,NS(=O)(=O)c1ccc(N/C=C2\C(=O)Nc3ccccc32)cc1
ACT-0139,context_only,IC50,43.0,=,7.366531544420413,=,CHEM-a36ca4a263a39631,CHEMBL661125|IC50,different historical assay context; not pooled into primary-assay regression,CHEMBL270054,CHEMBL661125,1150274,NS(=O)(=O)c1ccc(N/N=C2\C(=O)Nc3ccc(Cl)cc32)cc1
ACT-0140,context_only,IC50,13.0,=,7.886056647693163,=,CHEM-47c29b5fe4a58407,CHEMBL661125|IC50,different historical assay context; not pooled into primary-assay regression,CHEMBL409104,CHEMBL661125,1150276,NS(=O)(=O)c1ccc(N/N=C2\C(=O)Nc3cccc(Oc4ccccc4)c32)cc1
ACT-0141,context_only,IC50,25.0,=,7.6020599913279625,=,CHEM-5b34d9314bfa11f5,CHEMBL661125|IC50,different historical assay context; not pooled into primary-assay regression,CHEMBL272026,CHEMBL661125,1150278,NS(=O)(=O)c1ccc(N/N=C2\C(=O)Nc3ccc(C(=O)NCCCn4ccnc4)cc32)cc1
ACT-0142,context_only,IC50,12.0,=,7.920818753952375,=,CHEM-6b191b2f418795d7,CHEMBL661125|IC50,different historical assay context; not pooled into primary-assay regression,CHEMBL411865,CHEMBL661125,1151481,NS(=O)(=O)c1ccc(N/N=C2\C(=O)Nc3cccc(CCc4ccc(O)cc4)c32)cc1
ACT-0143,context_only,IC50,1.9000000000000001,=,8.721246399047171,=,CHEM-d927685ca7a3dcfe,CHEMBL661125|IC50,different historical assay context; not pooled into primary-assay regression,CHEMBL429142,CHEMBL661125,1152636,CC(C)CC(=O)c1ccc2c(c1)/C(=C/Nc1ccc(S(N)(=O)=O)cc1)C(=O)N2
ACT-0144,context_only,IC50,2.1,=,8.67778070526608,=,CHEM-69c4b719a2352e2b,CHEMBL661125|IC50,different historical assay context; not pooled into primary-assay regression,CHEMBL271953,CHEMBL661125,1152638,NS(=O)(=O)c1ccc(N/N=C2\C(=O)Nc3ccc(C(=O)NCc4cccnc4)cc32)cc1
ACT-0145,context_only,IC50,43.0,=,7.366531544420413,=,CHEM-08a745ce55984dfd,CHEMBL661125|IC50,different historical assay context; not pooled into primary-assay regression,CHEMBL271183,CHEMBL661125,1152640,NS(=O)(=O)c1ccc(N/N=C2\C(=O)Nc3cc(Br)ccc32)cc1
ACT-0146,context_only,IC50,13.0,=,7.886056647693163,=,CHEM-2c118ba7d0a2e35f,CHEMBL661125|IC50,different historical assay context; not pooled into primary-assay regression,CHEMBL272833,CHEMBL661125,1152642,NS(=O)(=O)c1ccc(N/N=C2\C(=O)Nc3ccc4[nH]ncc4c32)cc1
ACT-0147,context_only,IC50,9.5,=,8.022276394711152,=,CHEM-cb324e8be6e533cd,CHEMBL661125|IC50,different historical assay context; not pooled into primary-assay regression,CHEMBL2112297,CHEMBL661125,1152644,O=C1Nc2ccc3ncsc3c2/C1=C/Nc1ccc(S(=O)(=O)N[n+]2ccc3ccccc3c2)cc1
ACT-0148,context_only,IC50,1000.0,=,6.000,=,CHEM-27ebf185be5a6249,CHEMBL661125|IC50,different historical assay context; not pooled into primary-assay regression,CHEMBL1964248,CHEMBL661125,1152646,CN(C)CCNS(=O)(=O)c1ccc(N/C=C2\C(=O)Nc3ccccc32)cc1
ACT-0149,context_only,IC50,54.0,=,7.267606240177031,=,CHEM-660f54c68643f888,CHEMBL661125|IC50,different historical assay context; not pooled into primary-assay regression,CHEMBL271137,CHEMBL661125,1153932,NS(=O)(=O)c1ccc(N/C=C2\C(=O)Nc3cccc(CO)c32)cc1
ACT-0150,context_only,IC50,46.0,=,7.337242168318426,=,CHEM-c3bb9cc8e72846a9,CHEMBL661125|IC50,different historical assay context; not pooled into primary-assay regression,CHEMBL271843,CHEMBL661125,1153934,Cc1ccc2c(c1)/C(=N/Nc1ccc(S(N)(=O)=O)cc1)C(=O)N2
ACT-0151,context_only,IC50,1.7,=,8.769551078621726,=,CHEM-98f10216fa15b5a4,CHEMBL661125|IC50,different historical assay context; not pooled into primary-assay regression,CHEMBL271136,CHEMBL661125,1153936,COc1cccc(OC)c1CNC(=O)c1ccc2c(c1)/C(=N/Nc1ccc(S(N)(=O)=O)cc1)C(=O)N2
ACT-0152,context_only,IC50,9.3,=,8.031517051446064,=,CHEM-28cf595fee75ef32,CHEMBL661125|IC50,different historical assay context; not pooled into primary-assay regression,CHEMBL272380,CHEMBL661125,1155249,NS(=O)(=O)c1ccc(N/N=C2\C(=O)Nc3cccc(/C=C/c4ccc(O)cc4)c32)cc1
ACT-0153,context_only,IC50,17.0,=,7.769551078621726,=,CHEM-97b401bfc90774bd,CHEMBL661125|IC50,different historical assay context; not pooled into primary-assay regression,CHEMBL409868,CHEMBL661125,1155251,CN(C)C(=O)c1ccc2c(c1)/C(=N/Nc1ccc(S(N)(=O)=O)cc1)C(=O)N2
ACT-0154,context_only,IC50,4.6,=,8.337242168318426,=,CHEM-0aa4d7cd595853cc,CHEMBL661125|IC50,different historical assay context; not pooled into primary-assay regression,CHEMBL1964247,CHEMBL661125,1155253,CN(C)S(=O)(=O)c1ccc(N/C=C2\C(=O)Nc3ccc4ncsc4c32)cc1
ACT-0155,context_only,IC50,3.6,=,8.443697499232712,=,CHEM-e626d76050f1cbb1,CHEMBL661125|IC50,different historical assay context; not pooled into primary-assay regression,CHEMBL1964251,CHEMBL661125,1155255,O=C1Nc2ccc3ncsc3c2/C1=C/Nc1ccc(S(=O)(=O)NCCc2c[nH]cn2)cc1
ACT-0156,context_only,IC50,2400.0,=,5.619788758288394,=,CHEM-84c0e306f1c9f1f0,CHEMBL661125|IC50,different historical assay context; not pooled into primary-assay regression,CHEMBL409619,CHEMBL661125,1156654,NS(=O)(=O)c1ccc(N/N=C2\C(=O)Nc3cccc([N+](=O)[O-])c32)cc1
ACT-0157,context_only,IC50,1.5,=,8.823908740944319,=,CHEM-c4586a63f0dd7fcc,CHEMBL661125|IC50,different historical assay context; not pooled into primary-assay regression,CHEMBL445945,CHEMBL661125,1156656,NS(=O)(=O)c1ccc(N/C=C2\C(=O)Nc3ccc4ncccc4c32)cc1
ACT-0158,context_only,IC50,4.3,=,8.366531544420413,=,CHEM-ec763db69e922d22,CHEMBL661125|IC50,different historical assay context; not pooled into primary-assay regression,CHEMBL1964244,CHEMBL661125,1157792,O=C1Nc2ccc3ncsc3c2/C1=C/Nc1ccc(S(=O)(=O)Nc2ccccc2)cc1
ACT-0159,context_only,IC50,10.0,=,8.000,=,CHEM-279383116e919adf,CHEMBL661125|IC50,different historical assay context; not pooled into primary-assay regression,CHEMBL409690,CHEMBL661125,1159240,NS(=O)(=O)c1ccc(N/N=C2\C(=O)Nc3ccc(O)cc32)cc1
ACT-0160,context_only,IC50,15.0,=,7.823908740944319,=,CHEM-742857aabbeb3729,CHEMBL661125|IC50,different historical assay context; not pooled into primary-assay regression,CHEMBL412091,CHEMBL661125,1159242,NS(=O)(=O)c1ccc(N/N=C2\C(=O)Nc3ccc(S(=O)(=O)O)cc32)cc1
ACT-0161,context_only,IC50,61.0,=,7.214670164989233,=,CHEM-f77be0451804861b,CHEMBL661125|IC50,different historical assay context; not pooled into primary-assay regression,CHEMBL410293,CHEMBL661125,1159244,NS(=O)(=O)c1ccc(N/C=C2\C(=O)Nc3cc(CO)ccc32)cc1
ACT-0162,context_only,IC50,5.6,=,8.2518119729938,=,CHEM-fafd8f283185b474,CHEMBL661125|IC50,different historical assay context; not pooled into primary-assay regression,CHEMBL1964245,CHEMBL661125,1159246,CNS(=O)(=O)c1ccc(N/C=C2\C(=O)Nc3ccc4ncsc4c32)cc1
ACT-0163,context_only,IC50,5.7,=,8.244125144327509,=,CHEM-2fc06a43473ea62a,CHEMBL661125|IC50,different historical assay context; not pooled into primary-assay regression,CHEMBL1964260,CHEMBL661125,1159254,CS(=O)(=O)c1ccc(N/C=C2\C(=O)Nc3ccc4ncsc4c32)cc1
ACT-0164,context_only,IC50,13.0,=,7.886056647693163,=,CHEM-bea1c163fe12b152,CHEMBL661125|IC50,different historical assay context; not pooled into primary-assay regression,CHEMBL1964258,CHEMBL661125,1159262,O=C1Nc2ccc3ncsc3c2/C1=C/Nc1ccc(CS(=O)(=O)NCCO)cc1
ACT-0165,context_only,IC50,8.9,=,8.050609993355087,=,CHEM-3bc614fe691855c3,CHEMBL661125|IC50,different historical assay context; not pooled into primary-assay regression,CHEMBL408210,CHEMBL661125,1160477,CCOC(=O)c1cccc2c1/C(=C/Nc1ccc(S(N)(=O)=O)cc1)C(=O)N2
ACT-0166,context_only,IC50,1.6,=,8.795880017344075,=,CHEM-3a7efe0cec45f167,CHEMBL661125|IC50,different historical assay context; not pooled into primary-assay regression,CHEMBL409892,CHEMBL661125,1160479,NS(=O)(=O)c1ccc(N/N=C2\C(=O)Nc3ccc4ncccc4c32)cc1
ACT-0167,context_only,IC50,0.54,=,9.267606240177031,=,CHEM-5a7c9ddbbcbc149d,CHEMBL661125|IC50,different historical assay context; not pooled into primary-assay regression,CHEMBL1964259,CHEMBL661125,1160487,O=C1Nc2ccc3ncsc3c2/C1=C/Nc1ccc(S(=O)(=O)NCCOCCO)cc1
ACT-0168,context_only,IC50,16.0,=,7.795880017344075,=,CHEM-582dea541b558e9c,CHEMBL661125|IC50,different historical assay context; not pooled into primary-assay regression,CHEMBL272389,CHEMBL661125,1161892,CS(=O)(=O)c1ccc2c(c1)/C(=N/Nc1ccc(S(N)(=O)=O)cc1)C(=O)N2
ACT-0169,context_only,IC50,75.0,=,7.1249387366083,=,CHEM-5b90d2faff078e80,CHEMBL661125|IC50,different historical assay context; not pooled into primary-assay regression,CHEMBL271594,CHEMBL661125,1161894,CC(C)c1ccc2c(c1)NC(=O)/C2=N/Nc1ccc(S(N)(=O)=O)cc1
ACT-0170,context_only,IC50,8.9,=,8.050609993355087,=,CHEM-aa38d4a820e753d8,CHEMBL661125|IC50,different historical assay context; not pooled into primary-assay regression,CHEMBL1234087,CHEMBL661125,1163394,O=C1Nc2ccc(-c3cnco3)cc2/C1=C/Nc1ccc2c(c1)CS(=O)(=O)C2
ACT-0171,context_only,IC50,21.0,=,7.6777807052660805,=,CHEM-4f768d320e8ff90f,CHEMBL661125|IC50,different historical assay context; not pooled into primary-assay regression,CHEMBL1794054,CHEMBL661125,1164791,NS(=O)(=O)c1ccc(N/N=C2\C(=O)Nc3cccc(CCc4ccncc4)c32)cc1
ACT-0172,context_only,IC50,1000.0,=,6.000,=,CHEM-da3b661d87d651bb,CHEMBL661125|IC50,different historical assay context; not pooled into primary-assay regression,CHEMBL1234088,CHEMBL661125,1164793,O=C1Nc2ccccc2/C1=C/Nc1ccc(S(=O)(=O)Nc2nccs2)cc1
ACT-0173,context_only,IC50,22.0,=,7.657577319177793,=,CHEM-88300313ed71bacf,CHEMBL661125|IC50,different historical assay context; not pooled into primary-assay regression,CHEMBL412097,CHEMBL661125,1166069,C/C(Nc1ccc(S(N)(=O)=O)cc1)=C1/C(=O)Nc2ccc(Cl)cc21
ACT-0174,context_only,IC50,74.0,=,7.130768280269024,=,CHEM-24a3a44d8baedb2b,CHEMBL661125|IC50,different historical assay context; not pooled into primary-assay regression,CHEMBL271842,CHEMBL661125,1166071,Nc1ccc2c(c1)/C(=N/Nc1ccc(S(N)(=O)=O)cc1)C(=O)N2
ACT-0175,context_only,IC50,7.9,=,8.102372908709558,=,CHEM-70f97a5cbc2fe2ba,CHEMBL661125|IC50,different historical assay context; not pooled into primary-assay regression,CHEMBL411425,CHEMBL661125,1167445,CCc1cccc2c1/C(=N/Nc1ccc(S(N)(=O)=O)cc1)C(=O)N2
ACT-0176,context_only,IC50,10000.0,>,5.000,<,CHEM-8209f18582630a32,CHEMBL661125|IC50,censored assay-specific threshold; not an exact regression label,CHEMBL269846,CHEMBL661125,1167447,Cc1cc(C)c2c(c1)/C(=C/Nc1ccc(S(N)(=O)=O)cc1)C(=O)N2
ACT-0177,context_only,IC50,26.0,=,7.585026652029182,=,CHEM-9f706e66a2aaa6f8,CHEMBL661125|IC50,different historical assay context; not pooled into primary-assay regression,CHEMBL1964256,CHEMBL661125,1167449,CNS(=O)(=O)Cc1ccc(N/C=C2\C(=O)Nc3ccc4ncsc4c32)cc1
ACT-0178,context_only,IC50,2.3,=,8.638272163982407,=,CHEM-8953f006f266936c,CHEMBL661125|IC50,different historical assay context; not pooled into primary-assay regression,CHEMBL269827,CHEMBL661125,1168728,NS(=O)(=O)c1ccc(N/N=C2\C(=O)Nc3ccc(-c4cnco4)cc32)cc1
ACT-0179,context_only,IC50,1000.0,>,6.000,<,CHEM-bf03410da6f87ebb,CHEMBL661125|IC50,censored assay-specific threshold; not an exact regression label,CHEMBL271778,CHEMBL661125,1168730,NC(=O)c1cccc2c1/C(=N/Nc1ccc(S(N)(=O)=O)cc1)C(=O)N2
ACT-0180,context_only,IC50,12.0,=,7.920818753952375,=,CHEM-c840f8be126e13ad,CHEMBL661125|IC50,different historical assay context; not pooled into primary-assay regression,CHEMBL260103,CHEMBL661125,1168732,COc1ccc2c(c1)/C(=N/Nc1ccc(S(N)(=O)=O)cc1)C(=O)N2
ACT-0181,context_only,IC50,9.5,=,8.022276394711152,=,CHEM-414dfd526f599831,CHEMBL661125|IC50,different historical assay context; not pooled into primary-assay regression,CHEMBL271952,CHEMBL661125,1168734,NS(=O)(=O)c1ccc(N/N=C2\C(=O)Nc3ccc4[nH]nnc4c32)cc1
ACT-0182,context_only,IC50,2.5,=,8.602059991327963,=,CHEM-af264e6e37b31ca8,CHEMBL661125|IC50,different historical assay context; not pooled into primary-assay regression,CHEMBL411426,CHEMBL661125,1170042,CC(C)c1cccc2c1/C(=N/Nc1ccc(S(N)(=O)=O)cc1)C(=O)N2
ACT-0183,context_only,IC50,19.0,=,7.721246399047171,=,CHEM-b2a925bad11bc29e,CHEMBL661125|IC50,different historical assay context; not pooled into primary-assay regression,CHEMBL272684,CHEMBL661125,1170050,NS(=O)(=O)c1ccc(N/N=C2\C(=O)Nc3cccc(-c4cc[nH]n4)c32)cc1
ACT-0184,context_only,IC50,10000.0,>,5.000,<,CHEM-d6929b51a6544ebb,CHEMBL661125|IC50,censored assay-specific threshold; not an exact regression label,CHEMBL408131,CHEMBL661125,1170052,Cc1cccc2c1NC(=O)/C2=C\Nc1ccc(S(N)(=O)=O)cc1
ACT-0185,context_only,IC50,2.2,=,8.657577319177793,=,CHEM-a995fab5e2a4a18d,CHEMBL661125|IC50,different historical assay context; not pooled into primary-assay regression,CHEMBL269882,CHEMBL661125,1170054,NS(=O)(=O)c1ccc(N/N=C2\C(=O)Nc3ccc4[nH]nc(Cl)c4c32)cc1
ACT-0186,context_only,IC50,310.0,=,6.508638306165727,=,CHEM-23a497d937473f90,CHEMBL661125|IC50,different historical assay context; not pooled into primary-assay regression,CHEMBL272414,CHEMBL661125,1171206,CN(C)c1ccc2c(c1)/C(=C/Nc1ccc(S(N)(=O)=O)cc1)C(=O)N2
ACT-0187,context_only,IC50,660.0,=,6.180456064458131,=,CHEM-13d12c5c756d094e,CHEMBL661125|IC50,different historical assay context; not pooled into primary-assay regression,CHEMBL1234089,CHEMBL661125,1171208,N=C(N)NS(=O)(=O)c1ccc(N/C=C2\C(=O)Nc3ccccc32)cc1
ACT-0188,context_only,IC50,11.0,=,7.958607314841775,=,CHEM-13aed70ce7d4870b,CHEMBL661125|IC50,different historical assay context; not pooled into primary-assay regression,CHEMBL273060,CHEMBL661125,1172510,NS(=O)(=O)c1ccc(N/N=C2\C(=O)Nc3ccc(I)cc32)cc1
ACT-0189,context_only,IC50,12.0,=,7.920818753952375,=,CHEM-81dedebb30983194,CHEMBL661125|IC50,different historical assay context; not pooled into primary-assay regression,CHEMBL272028,CHEMBL661125,1172512,NS(=O)(=O)c1ccc(N/N=C2\C(=O)Nc3ccc(C(=O)NCCc4c[nH]cn4)cc32)cc1
ACT-0190,context_only,IC50,2.8,=,8.55284196865778,=,CHEM-ee25c964b8ede4d5,CHEMBL661125|IC50,different historical assay context; not pooled into primary-assay regression,CHEMBL1794055,CHEMBL661125,1172514,NS(=O)(=O)c1ccc(NC=C2C(=O)Nc3ccc4ncsc4c32)cc1
ACT-0191,context_only,IC50,50.0,=,7.301029995663981,=,CHEM-7387abbb954ae454,CHEMBL661125|IC50,different historical assay context; not pooled into primary-assay regression,CHEMBL235849,CHEMBL661125,1172516,CS(=O)(=O)Cc1ccc(N/C=C2\C(=O)Nc3ccc4ncsc4c32)cc1
ACT-0192,context_only,IC50,10000.0,>,5.000,<,CHEM-7b672343589db7a9,CHEMBL661125|IC50,censored assay-specific threshold; not an exact regression label,CHEMBL271777,CHEMBL661125,1173813,CC(C)(C)c1ccc2c(c1)NC(=O)/C2=N\Nc1ccc(S(N)(=O)=O)cc1
ACT-0193,context_only,IC50,4.7,=,8.327902142064282,=,CHEM-97b8c0c0d2c1db1e,CHEMBL661125|IC50,different historical assay context; not pooled into primary-assay regression,CHEMBL1964246,CHEMBL661125,1173815,O=C1Nc2ccc3ncsc3c2/C1=C/Nc1ccc(S(=O)(=O)NCCO)cc1
ACT-0194,context_only,IC50,281.0,=,6.55129368009492,=,CHEM-4663afee4e66499f,CHEMBL661125|IC50,different historical assay context; not pooled into primary-assay regression,CHEMBL1964252,CHEMBL661125,1173817,Cc1cccc(C)c1NS(=O)(=O)c1ccc(N/C=C2\C(=O)Nc3ccc4ncsc4c32)cc1
ACT-0195,context_only,IC50,7.499999999999999,=,8.1249387366083,=,CHEM-37a1394ee82268f5,CHEMBL661125|IC50,different historical assay context; not pooled into primary-assay regression,CHEMBL1964257,CHEMBL661125,1173819,NS(=O)(=O)Cc1ccc(N/C=C2\C(=O)Nc3ccc4ncsc4c32)cc1
ACT-0196,context_only,IC50,60.0,=,7.221848749616356,=,CHEM-e517d008ad8fd22c,CHEMBL661125|IC50,different historical assay context; not pooled into primary-assay regression,CHEMBL411491,CHEMBL661125,1175158,NS(=O)(=O)c1ccc(N/N=C2\C(=O)Nc3ccc(Br)cc32)cc1
ACT-0197,context_only,IC50,1.2,=,8.920818753952375,=,CHEM-02c667a2931b9d77,CHEMBL661125|IC50,different historical assay context; not pooled into primary-assay regression,CHEMBL411224,CHEMBL661125,1175160,CC(C)Cc1cccc2c1/C(=N/Nc1ccc(S(N)(=O)=O)cc1)C(=O)N2
ACT-0198,context_only,IC50,34.0,=,7.468521082957745,=,CHEM-bf25037cbfda0193,CHEMBL661125|IC50,different historical assay context; not pooled into primary-assay regression,CHEMBL273061,CHEMBL661125,1175162,NS(=O)(=O)c1ccc(N/N=C2\C(=O)Nc3ccc(F)cc32)cc1
ACT-0199,context_only,IC50,43.0,=,7.366531544420413,=,CHEM-b27b8ca1da45e538,CHEMBL661125|IC50,different historical assay context; not pooled into primary-assay regression,CHEMBL272387,CHEMBL661125,1175164,NS(=O)(=O)c1ccc(N/N=C2\C(=O)Nc3ccc(S(N)(=O)=O)cc32)cc1
ACT-0200,context_only,IC50,2.1,=,8.67778070526608,=,CHEM-f9abf716d244cb49,CHEMBL661125|IC50,different historical assay context; not pooled into primary-assay regression,CHEMBL409731,CHEMBL661125,1175166,COC(=O)c1ccc2c(c1)/C(=C/Nc1ccc(S(N)(=O)=O)cc1)C(=O)N2
ACT-0201,context_only,IC50,5.6,=,8.2518119729938,=,CHEM-175c932e18408d33,CHEMBL661125|IC50,different historical assay context; not pooled into primary-assay regression,CHEMBL1964253,CHEMBL661125,1175168,CN(c1ccccn1)S(=O)(=O)c1ccc(N/C=C2\C(=O)Nc3ccc4ncsc4c32)cc1
ACT-0202,context_only,IC50,75.0,=,7.1249387366083,=,CHEM-4c2293d7beb75d27,CHEMBL661125|IC50,different historical assay context; not pooled into primary-assay regression,CHEMBL1964243,CHEMBL661125,1175170,CC(=O)NS(=O)(=O)c1ccc(N/C=C2\C(=O)Nc3ccc4ncsc4c32)cc1
ACT-0203,context_only,IC50,1.5,=,8.823908740944319,=,CHEM-aab01142c2592fa7,CHEMBL661125|IC50,different historical assay context; not pooled into primary-assay regression,CHEMBL270544,CHEMBL661125,1176438,CC(C)=Cc1cccc2c1/C(=N/Nc1ccc(S(N)(=O)=O)cc1)C(=O)N2
ACT-0204,context_only,IC50,3.0,=,8.522878745280337,=,CHEM-a26bddac0711ee12,CHEMBL661125|IC50,different historical assay context; not pooled into primary-assay regression,CHEMBL269883,CHEMBL661125,1176440,CC(C)COC(=O)c1ccc2c(c1)/C(=C/Nc1ccc(S(N)(=O)=O)cc1)C(=O)N2
ACT-0205,context_only,IC50,10000.0,>,5.000,<,CHEM-e69d5d46ec288b4d,CHEMBL661125|IC50,censored assay-specific threshold; not an exact regression label,CHEMBL410517,CHEMBL661125,1176448,Cc1cc(Cl)cc2c1NC(=O)/C2=C\Nc1ccc(S(N)(=O)=O)cc1
ACT-0206,context_only,IC50,14.0,=,7.853871964321762,=,CHEM-5e2111bc6e3c9223,CHEMBL661125|IC50,different historical assay context; not pooled into primary-assay regression,CHEMBL391229,CHEMBL661125,1176450,O=C1Nc2ccc3ncsc3c2/C1=C/Nc1ccc2c(c1)CS(=O)(=O)C2
ACT-0207,context_only,IC50,360.0,=,6.443697499232712,=,CHEM-6e5a12bc26b94eb7,CHEMBL661125|IC50,different historical assay context; not pooled into primary-assay regression,CHEMBL405042,CHEMBL661125,1177754,C/C(Nc1ccc(S(N)(=O)=O)cc1)=C1/C(=O)Nc2ccccc21
ACT-0208,context_only,IC50,14.999999999999998,=,7.823908740944319,=,CHEM-dcf8130e6f3443f0,CHEMBL661125|IC50,different historical assay context; not pooled into primary-assay regression,CHEMBL411886,CHEMBL661125,1177756,NS(=O)(=O)c1ccc(N/N=C2\C(=O)Nc3ccc([N+](=O)[O-])cc32)cc1
ACT-0209,context_only,IC50,54.0,=,7.267606240177031,=,CHEM-c686f612138bfb3b,CHEMBL661125|IC50,different historical assay context; not pooled into primary-assay regression,CHEMBL271822,CHEMBL661125,1177758,COc1ccc2c(c1Cl)/C(=N/Nc1ccc(S(N)(=O)=O)cc1)C(=O)N2
ACT-0210,context_only,IC50,28.0,=,7.552841968657781,=,CHEM-c98abe9c77cf082d,CHEMBL661125|IC50,different historical assay context; not pooled into primary-assay regression,CHEMBL272668,CHEMBL661125,1178972,NS(=O)(=O)c1ccc(N/C=C2\C(=O)Nc3ccc(C(=O)O)cc32)cc1
ACT-0211,context_only,IC50,2.0,=,8.698970004336019,=,CHEM-899ad6a3f2d2d7c9,CHEMBL661125|IC50,different historical assay context; not pooled into primary-assay regression,CHEMBL411887,CHEMBL661125,1180348,C/C(Nc1ccc(S(N)(=O)=O)cc1)=C1/C(=O)Nc2ccc(-c3cnco3)cc21
ACT-0212,context_only,IC50,4.5,=,8.346787486224656,=,CHEM-3cd3e99be0e90843,CHEMBL661125|IC50,different historical assay context; not pooled into primary-assay regression,CHEMBL410883,CHEMBL661125,1180350,NC(=O)c1ccc2c(c1)/C(=N/Nc1ccc(S(N)(=O)=O)cc1)C(=O)N2
ACT-0213,context_only,IC50,7.1,=,8.148741651280925,=,CHEM-9e2c531c1dfd9100,CHEMBL661125|IC50,different historical assay context; not pooled into primary-assay regression,CHEMBL407709,CHEMBL661125,1180352,NS(=O)(=O)c1ccc(N/N=C2\C(=O)Nc3ccc4ncsc4c32)cc1
ACT-0214,context_only,IC50,10000.0,>,5.000,<,CHEM-28a9da6bf738fde2,CHEMBL661125|IC50,censored assay-specific threshold; not an exact regression label,CHEMBL272885,CHEMBL661125,1181715,NS(=O)(=O)c1ccc(N/N=C2\C(=O)Nc3cc(Oc4ccccc4)ccc32)cc1
ACT-0215,context_only,IC50,13.0,=,7.886056647693163,=,CHEM-1143aba8ed030f65,CHEMBL661125|IC50,different historical assay context; not pooled into primary-assay regression,CHEMBL411490,CHEMBL661125,1181717,Cc1ccc2c(c1Cl)/C(=N/Nc1ccc(S(N)(=O)=O)cc1)C(=O)N2
ACT-0216,context_only,IC50,3.3,=,8.481486060122112,=,CHEM-a823d242e3c808b2,CHEMBL661125|IC50,different historical assay context; not pooled into primary-assay regression,CHEMBL1964255,CHEMBL661125,1181719,N=C(N)NS(=O)(=O)c1ccc(N/C=C2\C(=O)Nc3ccc4ncsc4c32)cc1
ACT-0217,context_only,IC50,93.0,=,7.031517051446065,=,CHEM-e0e0df07c28f212f,CHEMBL661125|IC50,different historical assay context; not pooled into primary-assay regression,CHEMBL411696,CHEMBL661125,1183032,CCOc1cccc2c1/C(=N/Nc1ccc(S(N)(=O)=O)cc1)C(=O)N2
ACT-0218,context_only,IC50,3.4,=,8.468521082957745,=,CHEM-d138900fd3bdb03f,CHEMBL661125|IC50,different historical assay context; not pooled into primary-assay regression,CHEMBL271160,CHEMBL661125,1183034,CC(C)Oc1cccc2c1/C(=N/Nc1ccc(S(N)(=O)=O)cc1)C(=O)N2
ACT-0219,context_only,IC50,6.8,=,8.167491087293763,=,CHEM-2c68ed189edd65c4,CHEMBL661125|IC50,different historical assay context; not pooled into primary-assay regression,CHEMBL410072,CHEMBL661125,1183036,CC(C)(CO)CNC(=O)c1ccc2c(c1)/C(=N/Nc1ccc(S(N)(=O)=O)cc1)C(=O)N2
ACT-0220,context_only,IC50,4.5,=,8.346787486224656,=,CHEM-2d43089287ed193e,CHEMBL661125|IC50,different historical assay context; not pooled into primary-assay regression,CHEMBL1964250,CHEMBL661125,1183038,COCCOCCOCCOCCNS(=O)(=O)c1ccc(N/C=C2\C(=O)Nc3ccc4ncsc4c32)cc1
ACT-0221,context_only,IC50,15000.0,>,4.823908740944319,<,CHEM-035af3be443ddb6d,CHEMBL3705366|IC50,censored assay-specific threshold; not an exact regression label,CHEMBL3654234,CHEMBL3705366,17669017,CN(C)C(=O)c1cc2cnc(Nc3ccccn3)nc2n1C1CCCC1
ACT-0222,context_only,IC50,15000.0,>,4.823908740944319,<,CHEM-a83ba8a661a6bbff,CHEMBL3705366|IC50,censored assay-specific threshold; not an exact regression label,CHEMBL3545110,CHEMBL3705366,17669018,CN(C)C(=O)c1cc2cnc(Nc3ccc(N4CCNCC4)cn3)nc2n1C1CCCC1
ACT-0223,context_only,IC50,15000.0,>,4.823908740944319,<,CHEM-a2426c003414b281,CHEMBL3705366|IC50,censored assay-specific threshold; not an exact regression label,CHEMBL3658063,CHEMBL3705366,17669019,CCN1CCN(c2ccc(Nc3ncc4cc(C(=O)N(C)C)n(C5CCCC5)c4n3)nc2)CC1
ACT-0224,context_only,IC50,15000.0,>,4.823908740944319,<,CHEM-ab5622f8a2fe8077,CHEMBL3705366|IC50,censored assay-specific threshold; not an exact regression label,CHEMBL3658071,CHEMBL3705366,17669020,CN(C)C(=O)c1cc2cnc(Nc3ccc(N4CCN(CCF)CC4)cn3)nc2n1C1CCCC1
ACT-0225,context_only,IC50,15000.0,>,4.823908740944319,<,CHEM-568895023793d800,CHEMBL3705366|IC50,censored assay-specific threshold; not an exact regression label,CHEMBL3654258,CHEMBL3705366,17669021,CN(C)C(=O)c1cc2cnc(Nc3ccc(N4CCN(CCO)CC4)cn3)nc2n1C1CCCC1
ACT-0226,context_only,IC50,15000.0,>,4.823908740944319,<,CHEM-4f6039c37c94cc6c,CHEMBL3705366|IC50,censored assay-specific threshold; not an exact regression label,CHEMBL3654246,CHEMBL3705366,17669022,COCCN1CCN(c2ccc(Nc3ncc4cc(C(=O)N(C)C)n(C5CCCC5)c4n3)nc2)CC1
ACT-0227,context_only,IC50,15000.0,>,4.823908740944319,<,CHEM-368757c32a4ae57a,CHEMBL3705366|IC50,censored assay-specific threshold; not an exact regression label,CHEMBL3658078,CHEMBL3705366,17669023,CC(C)OCCN1CCN(c2ccc(Nc3ncc4cc(C(=O)N(C)C)n(C5CCCC5)c4n3)nc2)CC1
ACT-0228,context_only,IC50,15000.0,>,4.823908740944319,<,CHEM-c03ca2f4e713e040,CHEMBL3705366|IC50,censored assay-specific threshold; not an exact regression label,CHEMBL3658021,CHEMBL3705366,17669024,CN(C)C(=O)c1cc2cnc(Nc3ccc(N4CCN(CCOCCO)CC4)cn3)nc2n1C1CCCC1
ACT-0229,context_only,IC50,15000.0,>,4.823908740944319,<,CHEM-32f3b44f1e33dab6,CHEMBL3705366|IC50,censored assay-specific threshold; not an exact regression label,CHEMBL3658044,CHEMBL3705366,17669025,C[C@@H](O)CN1CCN(c2ccc(Nc3ncc4cc(C(=O)N(C)C)n(C5CCCC5)c4n3)nc2)CC1
ACT-0230,context_only,IC50,15000.0,>,4.823908740944319,<,CHEM-4c3651b1d063190a,CHEMBL3705366|IC50,censored assay-specific threshold; not an exact regression label,CHEMBL3658043,CHEMBL3705366,17669026,C[C@H](O)CN1CCN(c2ccc(Nc3ncc4cc(C(=O)N(C)C)n(C5CCCC5)c4n3)nc2)CC1
ACT-0231,context_only,IC50,15000.0,>,4.823908740944319,<,CHEM-2b8801b6181545fb,CHEMBL3705366|IC50,censored assay-specific threshold; not an exact regression label,CHEMBL3658057,CHEMBL3705366,17669027,CN(C)C(=O)c1cc2cnc(Nc3ccc(N4CCN(CC(C)(C)O)CC4)cn3)nc2n1C1CCCC1
ACT-0232,context_only,IC50,15000.0,>,4.823908740944319,<,CHEM-129f320bea4c764b,CHEMBL3705366|IC50,censored assay-specific threshold; not an exact regression label,CHEMBL3654253,CHEMBL3705366,17669028,CN(C)C(=O)c1cc2cnc(Nc3ccc(N4CCN(CCCO)CC4)cn3)nc2n1C1CCCC1
ACT-0233,context_only,IC50,15000.0,>,4.823908740944319,<,CHEM-06d37267bd4c070e,CHEMBL3705366|IC50,censored assay-specific threshold; not an exact regression label,CHEMBL3658031,CHEMBL3705366,17669029,CN(C)C(=O)c1cc2cnc(Nc3ccc(N4CCN(CC(O)CO)CC4)cn3)nc2n1C1CCCC1
ACT-0234,context_only,IC50,15000.0,>,4.823908740944319,<,CHEM-ebf09194a3bde412,CHEMBL3705366|IC50,censored assay-specific threshold; not an exact regression label,CHEMBL3658033,CHEMBL3705366,17669030,CN(C)C(=O)c1cc2cnc(Nc3ccc(N4CCN(C[C@@H](O)CO)CC4)cn3)nc2n1C1CCCC1
ACT-0235,context_only,IC50,15000.0,>,4.823908740944319,<,CHEM-accfb56d48c11c79,CHEMBL3705366|IC50,censored assay-specific threshold; not an exact regression label,CHEMBL3654260,CHEMBL3705366,17669031,CN(C)C(=O)c1cc2cnc(Nc3ccc(N4CCN(C[C@H](O)CO)CC4)cn3)nc2n1C1CCCC1
ACT-0236,context_only,IC50,15000.0,>,4.823908740944319,<,CHEM-43737630cc269681,CHEMBL3705366|IC50,censored assay-specific threshold; not an exact regression label,CHEMBL3658064,CHEMBL3705366,17669032,CN(C)C(=O)c1cc2cnc(Nc3ccc(N4CCN(C5CCCC5)CC4)cn3)nc2n1C1CCCC1
ACT-0237,context_only,IC50,15000.0,>,4.823908740944319,<,CHEM-6d5d7c1ad8ef75d6,CHEMBL3705366|IC50,censored assay-specific threshold; not an exact regression label,CHEMBL3658050,CHEMBL3705366,17669033,CC(C)N1CCN(c2ccc(Nc3ncc4cc(C(=O)N(C)C)n(C5CCCC5)c4n3)nc2)CC1
ACT-0238,context_only,IC50,15000.0,>,4.823908740944319,<,CHEM-faa45195e31f3207,CHEMBL3705366|IC50,censored assay-specific threshold; not an exact regression label,CHEMBL3658024,CHEMBL3705366,17669034,CC(CO)N1CCN(c2ccc(Nc3ncc4cc(C(=O)N(C)C)n(C5CCCC5)c4n3)nc2)CC1
ACT-0239,context_only,IC50,15000.0,>,4.823908740944319,<,CHEM-4afbe1f113b2b5f0,CHEMBL3705366|IC50,censored assay-specific threshold; not an exact regression label,CHEMBL3658082,CHEMBL3705366,17669035,COC(=O)C(C)N1CCN(c2ccc(Nc3ncc4cc(C(=O)N(C)C)n(C5CCCC5)c4n3)nc2)CC1
ACT-0240,context_only,IC50,15000.0,>,4.823908740944319,<,CHEM-28150678d692c2f6,CHEMBL3705366|IC50,censored assay-specific threshold; not an exact regression label,CHEMBL3658083,CHEMBL3705366,17669036,CC(C(=O)O)N1CCN(c2ccc(Nc3ncc4cc(C(=O)N(C)C)n(C5CCCC5)c4n3)nc2)CC1
ACT-0241,context_only,IC50,15000.0,>,4.823908740944319,<,CHEM-4bfd84d66d6ff457,CHEMBL3705366|IC50,censored assay-specific threshold; not an exact regression label,CHEMBL3658055,CHEMBL3705366,17669037,CN(C)C(=O)c1cc2cnc(Nc3ccc(N4CCN(CC5CCCCC5)CC4)cn3)nc2n1C1CCCC1
ACT-0242,context_only,IC50,15000.0,>,4.823908740944319,<,CHEM-63a0f7699cccf67a,CHEMBL3705366|IC50,censored assay-specific threshold; not an exact regression label,CHEMBL3658076,CHEMBL3705366,17669038,CC(C)CN1CCN(c2ccc(Nc3ncc4cc(C(=O)N(C)C)n(C5CCCC5)c4n3)nc2)CC1
ACT-0243,context_only,IC50,15000.0,>,4.823908740944319,<,CHEM-a98234f457fdcc61,CHEMBL3705366|IC50,censored assay-specific threshold; not an exact regression label,CHEMBL3658080,CHEMBL3705366,17669039,CCC(C)CN1CCN(c2ccc(Nc3ncc4cc(C(=O)N(C)C)n(C5CCCC5)c4n3)nc2)CC1
ACT-0244,context_only,IC50,15000.0,>,4.823908740944319,<,CHEM-ca668e036c1d921e,CHEMBL3705366|IC50,censored assay-specific threshold; not an exact regression label,CHEMBL3658074,CHEMBL3705366,17669040,CN(C)C(=O)c1cc2cnc(Nc3ccc(N4CCN(C(=O)CC5CCCCC5)CC4)cn3)nc2n1C1CCCC1
ACT-0245,context_only,IC50,15000.0,>,4.823908740944319,<,CHEM-14663c599b89e8f8,CHEMBL3705366|IC50,censored assay-specific threshold; not an exact regression label,CHEMBL3658054,CHEMBL3705366,17669041,CC(C)CCCN1CCN(c2ccc(Nc3ncc4cc(C(=O)N(C)C)n(C5CCCC5)c4n3)nc2)CC1
ACT-0246,context_only,IC50,15000.0,>,4.823908740944319,<,CHEM-bb42ad126d11acb0,CHEMBL3705366|IC50,censored assay-specific threshold; not an exact regression label,CHEMBL3654257,CHEMBL3705366,17669042,CN(C)C(=O)c1cc2cnc(Nc3ccc(N4CCN(CC(F)(F)F)CC4)cn3)nc2n1C1CCCC1
ACT-0247,context_only,IC50,15000.0,>,4.823908740944319,<,CHEM-199710b14ca3e2d4,CHEMBL3705366|IC50,censored assay-specific threshold; not an exact regression label,CHEMBL3654241,CHEMBL3705366,17669043,CN(C)C(=O)c1cc2cnc(Nc3ccc(N4CCN(CC(N)=O)CC4)cn3)nc2n1C1CCCC1
ACT-0248,context_only,IC50,15000.0,>,4.823908740944319,<,CHEM-8298608ac720d22a,CHEMBL3705366|IC50,censored assay-specific threshold; not an exact regression label,CHEMBL3658069,CHEMBL3705366,17669044,CN(C)C(=O)c1cc2cnc(Nc3ccc(N4CCN(CC#N)CC4)cn3)nc2n1C1CCCC1
ACT-0249,context_only,IC50,15000.0,>,4.823908740944319,<,CHEM-edfe906b84d9a9d8,CHEMBL3705366|IC50,censored assay-specific threshold; not an exact regression label,CHEMBL3654240,CHEMBL3705366,17669045,CN(C)C(=O)c1cc2cnc(Nc3ccc(N4CCN(CCC#N)CC4)cn3)nc2n1C1CCCC1
ACT-0250,context_only,IC50,15000.0,>,4.823908740944319,<,CHEM-ad5121bb8550057f,CHEMBL3705366|IC50,censored assay-specific threshold; not an exact regression label,CHEMBL3654238,CHEMBL3705366,17669046,CC(=O)N1CCN(c2ccc(Nc3ncc4cc(C(=O)N(C)C)n(C5CCCC5)c4n3)nc2)CC1
ACT-0251,context_only,IC50,15000.0,>,4.823908740944319,<,CHEM-d262f7e0fc94b134,CHEMBL3705366|IC50,censored assay-specific threshold; not an exact regression label,CHEMBL3654259,CHEMBL3705366,17669047,CN(C)C(=O)c1cc2cnc(Nc3ccc(N4CCN(C(=O)C5CC5)CC4)cn3)nc2n1C1CCCC1
ACT-0252,context_only,IC50,15000.0,>,4.823908740944319,<,CHEM-cc640bac75e24baf,CHEMBL3705366|IC50,censored assay-specific threshold; not an exact regression label,CHEMBL3654255,CHEMBL3705366,17669048,CN(C)C(=O)c1cc2cnc(Nc3ccc(N4CCN(C(=O)C5CCCCC5)CC4)cn3)nc2n1C1CCCC1
ACT-0253,context_only,IC50,15000.0,>,4.823908740944319,<,CHEM-ca668e036c1d921e,CHEMBL3705366|IC50,censored assay-specific threshold; not an exact regression label,CHEMBL3658074,CHEMBL3705366,17669049,CN(C)C(=O)c1cc2cnc(Nc3ccc(N4CCN(C(=O)CC5CCCCC5)CC4)cn3)nc2n1C1CCCC1
ACT-0254,context_only,IC50,15000.0,>,4.823908740944319,<,CHEM-e25dd0aea883d1c0,CHEMBL3705366|IC50,censored assay-specific threshold; not an exact regression label,CHEMBL3658075,CHEMBL3705366,17669050,CN(C)C(=O)c1cc2cnc(Nc3ccc(N4CCN(C(=O)CCC5CCCC5)CC4)cn3)nc2n1C1CCCC1
ACT-0255,context_only,IC50,15000.0,>,4.823908740944319,<,CHEM-a6bc90e20bf9bffc,CHEMBL3705366|IC50,censored assay-specific threshold; not an exact regression label,CHEMBL3654244,CHEMBL3705366,17669051,CN(C)C(=O)c1cc2cnc(Nc3ccc(N4CCN(C(=O)CN)CC4)cn3)nc2n1C1CCCC1
ACT-0256,context_only,IC50,15000.0,>,4.823908740944319,<,CHEM-d94790f4f138767e,CHEMBL3705366|IC50,censored assay-specific threshold; not an exact regression label,CHEMBL3658073,CHEMBL3705366,17669052,CN(C)CC(=O)N1CCN(c2ccc(Nc3ncc4cc(C(=O)N(C)C)n(C5CCCC5)c4n3)nc2)CC1
ACT-9001,duplicate,IC50,52.2,=,7.282329496997738,=,CHEM-e31f067ccb4627d8,CHEMBL5736732|IC50,same source_activity_id as ACT-0001; no independent observation,CHEMBL3301610,CHEMBL5736732,28327037,CCN1CCN(Cc2ccc(Nc3ncc(F)c(-c4cc(F)c5nc(C)n(C(C)C)c5c4)n3)nc2)CC1
ACT-9002,duplicate,IC50,35.0,=,7.455931955649724,=,CHEM-d6424bbb4fdfd4fc,CHEMBL5736732|IC50,same source_activity_id as ACT-0002; no independent observation,CHEMBL5905735,CHEMBL5736732,28327046,Cc1nc2c(F)cc(-c3nc(Nc4ccc5c(n4)CCN(C(C)C)C5)ncc3F)cc2n1C(C)C
ACT-9003,context_only,IC50,10000.0,>,5.000,<,CHEM-b0fba725182ebc2a,SIM-QC-CHECK|IC50,"fictional export/QC example; preserve endpoint and censoring only; not training or program biology; potential_duplicate flag retained, not proof of reingestion",CHEMBL5814867,SIM-QC-CHECK,,CNCC(=O)N1CCc2nc(Nc3ncc(F)c(-c4cc(F)c5nc(C)n(C(C)C)c5c4)n3)ccc2C1
ACT-9004,context_only,IC50,10.0,<=,8.000,>=,CHEM-c92710e3d6eeb360,SIM-QC-CHECK|IC50,"fictional export/QC example; preserve endpoint and censoring only; not training or program biology; potential_duplicate flag retained, not proof of reingestion",CHEMBL4212532,SIM-QC-CHECK,,Cc1nc2c(F)cc(-c3nc(Nc4ccc5c(n4)CCN(C(=O)CN(C)C)C5)ncc3F)cc2n1C(C)C
ACT-9005,quarantined,IC50,,,,,CHEM-47d89c52ed10945d,SIM-QC-CHECK|IC50,concentration must be positive and finite,CHEMBL6060984,SIM-QC-CHECK,,COCC(=O)N1CCc2nc(Nc3ncc(F)c(-c4cc(F)c5nc(C)n(C(C)C)c5c4)n3)ccc2C1
ACT-9006,quarantined,IC50,,,,,CHEM-17548d87f54e504b,SIM-QC-CHECK|IC50,concentration must be positive and finite,CHEMBL5813772,SIM-QC-CHECK,,Cc1nc2c(F)cc(-c3nc(Nc4ccc5c(n4)CCN(C)C5)ncc3F)cc2n1C(C)C
ACT-9007,quarantined,IC50,,,,,CHEM-59d9ae3e54c4f6a7,SIM-QC-CHECK|IC50,unsupported concentration unit,CHEMBL5844694,SIM-QC-CHECK,,Cc1nc2c(F)cc(-c3nc(Nc4ccc5c(n4)CCN(C(=O)CCO)C5)ncc3F)cc2n1C(C)C
ACT-9008,context_only,Ki,300.0,>=,6.522878745280337,<=,CHEM-760d5694ed64ea1a,SIM-QC-CHECK|Ki,"fictional export/QC example; preserve endpoint and censoring only; not training or program biology; potential_duplicate flag retained, not proof of reingestion",CHEMBL6017199,SIM-QC-CHECK,,COC(=O)C(=O)N1CCc2nc(Nc3ncc(F)c(-c4cc(F)c5nc(C)n(C(C)C)c5c4)n3)ccc2C1
ACT-9009,context_only,IC50,100.0,=,7.000,=,CHEM-dce53658f66755b7,SIM-QC-CHECK|IC50,"fictional export/QC example; preserve endpoint and censoring only; not training or program biology; potential_duplicate flag retained, not proof of reingestion",CHEMBL5805137,SIM-QC-CHECK,,Cc1nc2c(F)cc(-c3nc(Nc4ccc5c(n4)CCN(CC(F)(F)F)C5)ncc3F)cc2n1C(C)C
ACT-9010,quarantined,IC50,,,,,,SIM-QC-CHECK|IC50,invalid molecular graph,CED-BAD-CHEM,SIM-QC-CHECK,,
