assay_family_id,compound_id,leakage_group_id,pIC50,partition,relation,row_id,series_id,smiles,study_id,target,canonical,connectivity,curation_status,bound_pIC50,primary_numeric,validation_group
CTX-CDK2,HC-5a536d0bca07fe58c59070f2,HG-76ccd978b3c11b67a84c62e9,7.7447274948966935,train,=,HR-9aaf40f6dc6ce4db1803e4f8,HS-f5022d4f3db45055cf7cf61d,Cc1n[nH]cc1Nc1ncc2c(n1)N([C@@H]1CCC[C@@H](O)C1)C(=O)C21CC1,STUDY-001,CDK2,Cc1n[nH]cc1Nc1ncc2c(n1)N([C@@H]1CCC[C@@H](O)C1)C(=O)C21CC1,Cc1n[nH]cc1Nc1ncc2c(n1)N(C1CCCC(O)C1)C(=O)C21CC1,exact_training,,,Cc1n[nH]cc1Nc1ncc2c(n1)N([C@@H]1CCC[C@@H](O)C1)C(=O)C21CC1
CTX-CDK1,HC-5a536d0bca07fe58c59070f2,HG-76ccd978b3c11b67a84c62e9,5.91721462968355,train,=,HR-39969b5d2c149e763efa907f,HS-f5022d4f3db45055cf7cf61d,Cc1n[nH]cc1Nc1ncc2c(n1)N([C@@H]1CCC[C@@H](O)C1)C(=O)C21CC1,STUDY-001,CDK1,Cc1n[nH]cc1Nc1ncc2c(n1)N([C@@H]1CCC[C@@H](O)C1)C(=O)C21CC1,Cc1n[nH]cc1Nc1ncc2c(n1)N(C1CCCC(O)C1)C(=O)C21CC1,exact_training,,,Cc1n[nH]cc1Nc1ncc2c(n1)N([C@@H]1CCC[C@@H](O)C1)C(=O)C21CC1
CTX-CDK2,HC-7350858643b60d93c162c48a,HG-3a17fda3f7b538b641ee4275,8.154901959985743,train,=,HR-e3a9f0d25bc504e5bc83e2ae,HS-f5022d4f3db45055cf7cf61d,O=C1N([C@@H]2CCC[C@@H](O)C2)c2nc(Nc3c[nH]nc3C(F)F)ncc2C12CC2,STUDY-001,CDK2,O=C1N([C@@H]2CCC[C@@H](O)C2)c2nc(Nc3c[nH]nc3C(F)F)ncc2C12CC2,O=C1N(C2CCCC(O)C2)c2nc(Nc3c[nH]nc3C(F)F)ncc2C12CC2,exact_training,,,O=C1N([C@@H]2CCC[C@@H](O)C2)c2nc(Nc3c[nH]nc3C(F)F)ncc2C12CC2
CTX-CDK1,HC-7350858643b60d93c162c48a,HG-3a17fda3f7b538b641ee4275,6.086186147616283,train,=,HR-04130bb75699242aafdd88ba,HS-f5022d4f3db45055cf7cf61d,O=C1N([C@@H]2CCC[C@@H](O)C2)c2nc(Nc3c[nH]nc3C(F)F)ncc2C12CC2,STUDY-001,CDK1,O=C1N([C@@H]2CCC[C@@H](O)C2)c2nc(Nc3c[nH]nc3C(F)F)ncc2C12CC2,O=C1N(C2CCCC(O)C2)c2nc(Nc3c[nH]nc3C(F)F)ncc2C12CC2,exact_training,,,O=C1N([C@@H]2CCC[C@@H](O)C2)c2nc(Nc3c[nH]nc3C(F)F)ncc2C12CC2
CTX-CDK2,HC-ec05550a33416d4af1b10b04,HG-fcf51e9a916bac9834cdccb4,7.017728766960431,train,=,HR-f175cc9b9c69e240fbca4caa,HS-f5022d4f3db45055cf7cf61d,COC(=O)c1n[nH]cc1Nc1ncc2c(n1)N([C@@H]1CCC[C@@H](O)C1)C(=O)C21CC1,STUDY-001,CDK2,COC(=O)c1n[nH]cc1Nc1ncc2c(n1)N([C@@H]1CCC[C@@H](O)C1)C(=O)C21CC1,COC(=O)c1n[nH]cc1Nc1ncc2c(n1)N(C1CCCC(O)C1)C(=O)C21CC1,exact_training,,,COC(=O)c1n[nH]cc1Nc1ncc2c(n1)N([C@@H]1CCC[C@@H](O)C1)C(=O)C21CC1
CTX-CDK2,HC-b0fdf8a04d482f4f42f4b3bd,HG-24338566bf270543925d6472,5.950781977329818,train,=,HR-4e67e1c7c2382bce05a6ea68,HS-f5022d4f3db45055cf7cf61d,Cc1cc(Nc2ncc3c(n2)N([C@@H]2CCC[C@@H](O)C2)C(=O)C32CC2)[nH]n1,STUDY-001,CDK2,Cc1cc(Nc2ncc3c(n2)N([C@@H]2CCC[C@@H](O)C2)C(=O)C32CC2)[nH]n1,Cc1cc(Nc2ncc3c(n2)N(C2CCCC(O)C2)C(=O)C32CC2)[nH]n1,exact_training,,,Cc1cc(Nc2ncc3c(n2)N([C@@H]2CCC[C@@H](O)C2)C(=O)C32CC2)[nH]n1
CTX-CDK2,HC-c707580e4311a12b44cabf6a,HG-1e80aaad1ecc63af372ec660,7.494850021680094,train,=,HR-d78fe9a85ab0bc98577cbd1f,HS-f5022d4f3db45055cf7cf61d,O=C1N([C@@H]2CCC[C@@H](O)C2)c2nc(Nc3c[nH]nc3CO)ncc2C12CC2,STUDY-001,CDK2,O=C1N([C@@H]2CCC[C@@H](O)C2)c2nc(Nc3c[nH]nc3CO)ncc2C12CC2,O=C1N(C2CCCC(O)C2)c2nc(Nc3c[nH]nc3CO)ncc2C12CC2,exact_training,,,O=C1N([C@@H]2CCC[C@@H](O)C2)c2nc(Nc3c[nH]nc3CO)ncc2C12CC2
CTX-CDK1,HC-c707580e4311a12b44cabf6a,HG-1e80aaad1ecc63af372ec660,5.531652669587842,train,=,HR-d29b2f3ad485c785e16a4672,HS-f5022d4f3db45055cf7cf61d,O=C1N([C@@H]2CCC[C@@H](O)C2)c2nc(Nc3c[nH]nc3CO)ncc2C12CC2,STUDY-001,CDK1,O=C1N([C@@H]2CCC[C@@H](O)C2)c2nc(Nc3c[nH]nc3CO)ncc2C12CC2,O=C1N(C2CCCC(O)C2)c2nc(Nc3c[nH]nc3CO)ncc2C12CC2,exact_training,,,O=C1N([C@@H]2CCC[C@@H](O)C2)c2nc(Nc3c[nH]nc3CO)ncc2C12CC2
CTX-CDK2,HC-40678296401d85a1b541c8cd,HG-397586a90a3a281ceba3e695,6.5718652059712115,train,=,HR-0020a835dca8b7833efb7a4f,HS-f5022d4f3db45055cf7cf61d,O=C1N([C@@H]2CCC[C@@H](O)C2)c2nc(Nc3cnn4c3CNCC4)ncc2C12CC2,STUDY-001,CDK2,O=C1N([C@@H]2CCC[C@@H](O)C2)c2nc(Nc3cnn4c3CNCC4)ncc2C12CC2,O=C1N(C2CCCC(O)C2)c2nc(Nc3cnn4c3CNCC4)ncc2C12CC2,exact_training,,,O=C1N([C@@H]2CCC[C@@H](O)C2)c2nc(Nc3cnn4c3CNCC4)ncc2C12CC2
CTX-CDK2,HC-046be35402a0ebbfeae4a2a0,HG-13453355d963e5e88773b9cc,5.8683813356508745,train,=,HR-6047e07d3930d56134c5a87a,HS-f5022d4f3db45055cf7cf61d,COCc1ncc(Nc2ncc3c(n2)N([C@@H]2CCC[C@@H](O)C2)C(=O)C32CC2)[nH]1,STUDY-001,CDK2,COCc1ncc(Nc2ncc3c(n2)N([C@@H]2CCC[C@@H](O)C2)C(=O)C32CC2)[nH]1,COCc1ncc(Nc2ncc3c(n2)N(C2CCCC(O)C2)C(=O)C32CC2)[nH]1,exact_training,,,COCc1ncc(Nc2ncc3c(n2)N([C@@H]2CCC[C@@H](O)C2)C(=O)C32CC2)[nH]1
CTX-CDK2,HC-531184aadd5ff6a7c11ef62f,HG-67063e15c6f16af4fa8988ac,7.698970004336019,train,=,HR-02a392cf44e5f57b4d30499e,HS-f5022d4f3db45055cf7cf61d,COc1n[nH]cc1Nc1ncc2c(n1)N([C@@H]1CCC[C@@H](O)C1)C(=O)C21CC1,STUDY-001,CDK2,COc1n[nH]cc1Nc1ncc2c(n1)N([C@@H]1CCC[C@@H](O)C1)C(=O)C21CC1,COc1n[nH]cc1Nc1ncc2c(n1)N(C1CCCC(O)C1)C(=O)C21CC1,exact_training,,,COc1n[nH]cc1Nc1ncc2c(n1)N([C@@H]1CCC[C@@H](O)C1)C(=O)C21CC1
CTX-CDK1,HC-531184aadd5ff6a7c11ef62f,HG-67063e15c6f16af4fa8988ac,5.649751981665837,train,=,HR-9b2c534ad5aac0ce434f3666,HS-f5022d4f3db45055cf7cf61d,COc1n[nH]cc1Nc1ncc2c(n1)N([C@@H]1CCC[C@@H](O)C1)C(=O)C21CC1,STUDY-001,CDK1,COc1n[nH]cc1Nc1ncc2c(n1)N([C@@H]1CCC[C@@H](O)C1)C(=O)C21CC1,COc1n[nH]cc1Nc1ncc2c(n1)N(C1CCCC(O)C1)C(=O)C21CC1,exact_training,,,COc1n[nH]cc1Nc1ncc2c(n1)N([C@@H]1CCC[C@@H](O)C1)C(=O)C21CC1
CTX-CDK2,HC-3833d651febfd8644c4e9b34,HG-37a392f9f4cc1b829ec1b48c,7.920818753952375,train,=,HR-1744738cd3431bc975d37a84,HS-f5022d4f3db45055cf7cf61d,O=C1N([C@@H]2CCC[C@@H](O)C2)c2nc(Nc3c[nH]nc3Cl)ncc2C12CC2,STUDY-001,CDK2,O=C1N([C@@H]2CCC[C@@H](O)C2)c2nc(Nc3c[nH]nc3Cl)ncc2C12CC2,O=C1N(C2CCCC(O)C2)c2nc(Nc3c[nH]nc3Cl)ncc2C12CC2,exact_training,,,O=C1N([C@@H]2CCC[C@@H](O)C2)c2nc(Nc3c[nH]nc3Cl)ncc2C12CC2
CTX-CDK1,HC-3833d651febfd8644c4e9b34,HG-37a392f9f4cc1b829ec1b48c,6.036212172654444,train,=,HR-c26f2f4579846ef3916928f8,HS-f5022d4f3db45055cf7cf61d,O=C1N([C@@H]2CCC[C@@H](O)C2)c2nc(Nc3c[nH]nc3Cl)ncc2C12CC2,STUDY-001,CDK1,O=C1N([C@@H]2CCC[C@@H](O)C2)c2nc(Nc3c[nH]nc3Cl)ncc2C12CC2,O=C1N(C2CCCC(O)C2)c2nc(Nc3c[nH]nc3Cl)ncc2C12CC2,exact_training,,,O=C1N([C@@H]2CCC[C@@H](O)C2)c2nc(Nc3c[nH]nc3Cl)ncc2C12CC2
CTX-CDK2,HC-0a648051370c6c4ab21a15c2,HG-2762899ef87464ffb54af7a9,7.522878745280337,train,=,HR-43ae47a0061cb26ce692e260,HS-f5022d4f3db45055cf7cf61d,O=C1N([C@@H]2CCC[C@@H](O)C2)c2nc(Nc3c[nH]nc3C3CC3)ncc2C12CC2,STUDY-001,CDK2,O=C1N([C@@H]2CCC[C@@H](O)C2)c2nc(Nc3c[nH]nc3C3CC3)ncc2C12CC2,O=C1N(C2CCCC(O)C2)c2nc(Nc3c[nH]nc3C3CC3)ncc2C12CC2,exact_training,,,O=C1N([C@@H]2CCC[C@@H](O)C2)c2nc(Nc3c[nH]nc3C3CC3)ncc2C12CC2
CTX-CDK1,HC-0a648051370c6c4ab21a15c2,HG-2762899ef87464ffb54af7a9,5.809668301829708,train,=,HR-1a292665e1271c59f017cc4e,HS-f5022d4f3db45055cf7cf61d,O=C1N([C@@H]2CCC[C@@H](O)C2)c2nc(Nc3c[nH]nc3C3CC3)ncc2C12CC2,STUDY-001,CDK1,O=C1N([C@@H]2CCC[C@@H](O)C2)c2nc(Nc3c[nH]nc3C3CC3)ncc2C12CC2,O=C1N(C2CCCC(O)C2)c2nc(Nc3c[nH]nc3C3CC3)ncc2C12CC2,exact_training,,,O=C1N([C@@H]2CCC[C@@H](O)C2)c2nc(Nc3c[nH]nc3C3CC3)ncc2C12CC2
CTX-CDK2,HC-93e9a06fe6c2c6fa40306e6e,HG-e8d211849585aa75ae7d5a90,7.309803919971486,train,=,HR-4b387ff819f5387671185ef7,HS-f5022d4f3db45055cf7cf61d,COCCn1cc(Nc2ncc3c(n2)N([C@@H]2CCC[C@@H](O)C2)C(=O)C32CC2)cn1,STUDY-001,CDK2,COCCn1cc(Nc2ncc3c(n2)N([C@@H]2CCC[C@@H](O)C2)C(=O)C32CC2)cn1,COCCn1cc(Nc2ncc3c(n2)N(C2CCCC(O)C2)C(=O)C32CC2)cn1,exact_training,,,COCCn1cc(Nc2ncc3c(n2)N([C@@H]2CCC[C@@H](O)C2)C(=O)C32CC2)cn1
CTX-CDK1,HC-93e9a06fe6c2c6fa40306e6e,HG-e8d211849585aa75ae7d5a90,5.627087997029894,train,=,HR-950ced1f535095e10961452b,HS-f5022d4f3db45055cf7cf61d,COCCn1cc(Nc2ncc3c(n2)N([C@@H]2CCC[C@@H](O)C2)C(=O)C32CC2)cn1,STUDY-001,CDK1,COCCn1cc(Nc2ncc3c(n2)N([C@@H]2CCC[C@@H](O)C2)C(=O)C32CC2)cn1,COCCn1cc(Nc2ncc3c(n2)N(C2CCCC(O)C2)C(=O)C32CC2)cn1,exact_training,,,COCCn1cc(Nc2ncc3c(n2)N([C@@H]2CCC[C@@H](O)C2)C(=O)C32CC2)cn1
CTX-CDK2,HC-2d0718c2679a9918f84b70f2,HG-0cc3fef14a7e3fd129545489,7.3872161432802645,train,=,HR-7c77114a50db7eb06c8e225d,HS-f5022d4f3db45055cf7cf61d,Cc1n[nH]cc1Nc1ncc2c(n1)N([C@@H]1CCCC[C@@H](O)C1)C(=O)C21CC1,STUDY-001,CDK2,Cc1n[nH]cc1Nc1ncc2c(n1)N([C@@H]1CCCC[C@@H](O)C1)C(=O)C21CC1,Cc1n[nH]cc1Nc1ncc2c(n1)N(C1CCCCC(O)C1)C(=O)C21CC1,exact_training,,,Cc1n[nH]cc1Nc1ncc2c(n1)N([C@@H]1CCCC[C@@H](O)C1)C(=O)C21CC1
CTX-CDK1,HC-2d0718c2679a9918f84b70f2,HG-0cc3fef14a7e3fd129545489,5.347753658996677,train,=,HR-2983b7fe7ea986d010936d06,HS-f5022d4f3db45055cf7cf61d,Cc1n[nH]cc1Nc1ncc2c(n1)N([C@@H]1CCCC[C@@H](O)C1)C(=O)C21CC1,STUDY-001,CDK1,Cc1n[nH]cc1Nc1ncc2c(n1)N([C@@H]1CCCC[C@@H](O)C1)C(=O)C21CC1,Cc1n[nH]cc1Nc1ncc2c(n1)N(C1CCCCC(O)C1)C(=O)C21CC1,exact_training,,,Cc1n[nH]cc1Nc1ncc2c(n1)N([C@@H]1CCCC[C@@H](O)C1)C(=O)C21CC1
CTX-CDK2,HC-862148e6286362a6b2359a14,HG-4823f201236ed697b37023d9,6.943095148663527,train,=,HR-fcd0a563857641397ccbac52,HS-f5022d4f3db45055cf7cf61d,COc1n[nH]cc1Nc1ncc2c(n1)N([C@@H]1CCCC[C@@H](O)C1)C(=O)C21CC1,STUDY-001,CDK2,COc1n[nH]cc1Nc1ncc2c(n1)N([C@@H]1CCCC[C@@H](O)C1)C(=O)C21CC1,COc1n[nH]cc1Nc1ncc2c(n1)N(C1CCCCC(O)C1)C(=O)C21CC1,exact_training,,,COc1n[nH]cc1Nc1ncc2c(n1)N([C@@H]1CCCC[C@@H](O)C1)C(=O)C21CC1
CTX-CDK2,HC-bfbfe1ba07267c7467f4d5e3,HG-84f65955c41ae520c2647056,8.096910013008056,train,=,HR-506e395584f9301386d11cd1,HS-f5022d4f3db45055cf7cf61d,N#Cc1n[nH]cc1Nc1ncc2c(n1)N([C@@H]1CCC[C@@H](O)C1)C(=O)C21CC1,STUDY-001,CDK2,N#Cc1n[nH]cc1Nc1ncc2c(n1)N([C@@H]1CCC[C@@H](O)C1)C(=O)C21CC1,N#Cc1n[nH]cc1Nc1ncc2c(n1)N(C1CCCC(O)C1)C(=O)C21CC1,exact_training,,,N#Cc1n[nH]cc1Nc1ncc2c(n1)N([C@@H]1CCC[C@@H](O)C1)C(=O)C21CC1
CTX-CDK1,HC-bfbfe1ba07267c7467f4d5e3,HG-84f65955c41ae520c2647056,6.180456064458132,train,=,HR-40a4ea4f81071e654237a246,HS-f5022d4f3db45055cf7cf61d,N#Cc1n[nH]cc1Nc1ncc2c(n1)N([C@@H]1CCC[C@@H](O)C1)C(=O)C21CC1,STUDY-001,CDK1,N#Cc1n[nH]cc1Nc1ncc2c(n1)N([C@@H]1CCC[C@@H](O)C1)C(=O)C21CC1,N#Cc1n[nH]cc1Nc1ncc2c(n1)N(C1CCCC(O)C1)C(=O)C21CC1,exact_training,,,N#Cc1n[nH]cc1Nc1ncc2c(n1)N([C@@H]1CCC[C@@H](O)C1)C(=O)C21CC1
CTX-CDK2,HC-4f5cb5bc55d1e5e13b24d99e,HG-e539a32562211139ae7519a7,7.769551078621726,train,=,HR-22a42e8db24cc6ec768dc213,HS-f5022d4f3db45055cf7cf61d,COCc1n[nH]cc1Nc1ncc2c(n1)N([C@@H]1CCC[C@@H](O)C1)C(=O)C21CC1,STUDY-001,CDK2,COCc1n[nH]cc1Nc1ncc2c(n1)N([C@@H]1CCC[C@@H](O)C1)C(=O)C21CC1,COCc1n[nH]cc1Nc1ncc2c(n1)N(C1CCCC(O)C1)C(=O)C21CC1,exact_training,,,COCc1n[nH]cc1Nc1ncc2c(n1)N([C@@H]1CCC[C@@H](O)C1)C(=O)C21CC1
CTX-CDK1,HC-4f5cb5bc55d1e5e13b24d99e,HG-e539a32562211139ae7519a7,5.6020599913279625,train,=,HR-c95e2129e821371fb3438e74,HS-f5022d4f3db45055cf7cf61d,COCc1n[nH]cc1Nc1ncc2c(n1)N([C@@H]1CCC[C@@H](O)C1)C(=O)C21CC1,STUDY-001,CDK1,COCc1n[nH]cc1Nc1ncc2c(n1)N([C@@H]1CCC[C@@H](O)C1)C(=O)C21CC1,COCc1n[nH]cc1Nc1ncc2c(n1)N(C1CCCC(O)C1)C(=O)C21CC1,exact_training,,,COCc1n[nH]cc1Nc1ncc2c(n1)N([C@@H]1CCC[C@@H](O)C1)C(=O)C21CC1
CTX-CDK2,HC-4f081b6936afd38a189ea800,HG-32d15f895e8691a9b259c11e,7.823908740944319,train,=,HR-b6402a0ac60f883b03c3c126,HS-f5022d4f3db45055cf7cf61d,CCOc1n[nH]cc1Nc1ncc2c(n1)N([C@@H]1CCC[C@@H](O)C1)C(=O)C21CC1,STUDY-001,CDK2,CCOc1n[nH]cc1Nc1ncc2c(n1)N([C@@H]1CCC[C@@H](O)C1)C(=O)C21CC1,CCOc1n[nH]cc1Nc1ncc2c(n1)N(C1CCCC(O)C1)C(=O)C21CC1,exact_training,,,CCOc1n[nH]cc1Nc1ncc2c(n1)N([C@@H]1CCC[C@@H](O)C1)C(=O)C21CC1
CTX-CDK1,HC-4f081b6936afd38a189ea800,HG-32d15f895e8691a9b259c11e,5.614393726401688,train,=,HR-ce79aa2e76376f9bec23f4b1,HS-f5022d4f3db45055cf7cf61d,CCOc1n[nH]cc1Nc1ncc2c(n1)N([C@@H]1CCC[C@@H](O)C1)C(=O)C21CC1,STUDY-001,CDK1,CCOc1n[nH]cc1Nc1ncc2c(n1)N([C@@H]1CCC[C@@H](O)C1)C(=O)C21CC1,CCOc1n[nH]cc1Nc1ncc2c(n1)N(C1CCCC(O)C1)C(=O)C21CC1,exact_training,,,CCOc1n[nH]cc1Nc1ncc2c(n1)N([C@@H]1CCC[C@@H](O)C1)C(=O)C21CC1
CTX-CDK2,HC-8f710485ebf3f87d21f60884,HG-addc049aa275c05a81fd48f9,7.958607314841775,train,=,HR-7ccd6a6b5affc3320c26dd39,HS-f5022d4f3db45055cf7cf61d,O=C1N([C@@H]2CCC[C@@H](O)C2)c2nc(Nc3c[nH]nc3-c3cnn4ccccc34)ncc2C12CC2,STUDY-001,CDK2,O=C1N([C@@H]2CCC[C@@H](O)C2)c2nc(Nc3c[nH]nc3-c3cnn4ccccc34)ncc2C12CC2,O=C1N(C2CCCC(O)C2)c2nc(Nc3c[nH]nc3-c3cnn4ccccc34)ncc2C12CC2,exact_training,,,O=C1N([C@@H]2CCC[C@@H](O)C2)c2nc(Nc3c[nH]nc3-c3cnn4ccccc34)ncc2C12CC2
CTX-CDK1,HC-8f710485ebf3f87d21f60884,HG-addc049aa275c05a81fd48f9,5.928117992693875,train,=,HR-a38b89baf586f0224cb1ec6a,HS-f5022d4f3db45055cf7cf61d,O=C1N([C@@H]2CCC[C@@H](O)C2)c2nc(Nc3c[nH]nc3-c3cnn4ccccc34)ncc2C12CC2,STUDY-001,CDK1,O=C1N([C@@H]2CCC[C@@H](O)C2)c2nc(Nc3c[nH]nc3-c3cnn4ccccc34)ncc2C12CC2,O=C1N(C2CCCC(O)C2)c2nc(Nc3c[nH]nc3-c3cnn4ccccc34)ncc2C12CC2,exact_training,,,O=C1N([C@@H]2CCC[C@@H](O)C2)c2nc(Nc3c[nH]nc3-c3cnn4ccccc34)ncc2C12CC2
CTX-CDK2,HC-31dd71ce348836502f42e113,HG-b72ee804c5d6e502efbbd6d6,7.585026652029182,train,=,HR-d05ffd959aee1de6ebb5aa5d,HS-f5022d4f3db45055cf7cf61d,O=C1N([C@@H]2CCC[C@@H](O)C2)c2nc(Nc3c[nH]nc3OC3CC(F)(F)C3)ncc2C12CC2,STUDY-001,CDK2,O=C1N([C@@H]2CCC[C@@H](O)C2)c2nc(Nc3c[nH]nc3OC3CC(F)(F)C3)ncc2C12CC2,O=C1N(C2CCCC(O)C2)c2nc(Nc3c[nH]nc3OC3CC(F)(F)C3)ncc2C12CC2,exact_training,,,O=C1N([C@@H]2CCC[C@@H](O)C2)c2nc(Nc3c[nH]nc3OC3CC(F)(F)C3)ncc2C12CC2
CTX-CDK1,HC-31dd71ce348836502f42e113,HG-b72ee804c5d6e502efbbd6d6,5.4156687756324695,train,=,HR-55078b91454a62cab587d3b3,HS-f5022d4f3db45055cf7cf61d,O=C1N([C@@H]2CCC[C@@H](O)C2)c2nc(Nc3c[nH]nc3OC3CC(F)(F)C3)ncc2C12CC2,STUDY-001,CDK1,O=C1N([C@@H]2CCC[C@@H](O)C2)c2nc(Nc3c[nH]nc3OC3CC(F)(F)C3)ncc2C12CC2,O=C1N(C2CCCC(O)C2)c2nc(Nc3c[nH]nc3OC3CC(F)(F)C3)ncc2C12CC2,exact_training,,,O=C1N([C@@H]2CCC[C@@H](O)C2)c2nc(Nc3c[nH]nc3OC3CC(F)(F)C3)ncc2C12CC2
CTX-CDK2,HC-2e0b0f25d59ec06ee68341fa,HG-b7da96721d830c23e9c5530e,8.0,train,=,HR-a5308f30d76815791fd06fec,HS-f5022d4f3db45055cf7cf61d,O=C1N([C@@H]2CCC[C@@H](O)C2)c2nc(Nc3c[nH]nc3-c3cnn(C(F)F)c3)ncc2C12CC2,STUDY-001,CDK2,O=C1N([C@@H]2CCC[C@@H](O)C2)c2nc(Nc3c[nH]nc3-c3cnn(C(F)F)c3)ncc2C12CC2,O=C1N(C2CCCC(O)C2)c2nc(Nc3c[nH]nc3-c3cnn(C(F)F)c3)ncc2C12CC2,exact_training,,,O=C1N([C@@H]2CCC[C@@H](O)C2)c2nc(Nc3c[nH]nc3-c3cnn(C(F)F)c3)ncc2C12CC2
CTX-CDK1,HC-2e0b0f25d59ec06ee68341fa,HG-b7da96721d830c23e9c5530e,5.636388020107856,train,=,HR-ddc459e54d60ad8a5ec89993,HS-f5022d4f3db45055cf7cf61d,O=C1N([C@@H]2CCC[C@@H](O)C2)c2nc(Nc3c[nH]nc3-c3cnn(C(F)F)c3)ncc2C12CC2,STUDY-001,CDK1,O=C1N([C@@H]2CCC[C@@H](O)C2)c2nc(Nc3c[nH]nc3-c3cnn(C(F)F)c3)ncc2C12CC2,O=C1N(C2CCCC(O)C2)c2nc(Nc3c[nH]nc3-c3cnn(C(F)F)c3)ncc2C12CC2,exact_training,,,O=C1N([C@@H]2CCC[C@@H](O)C2)c2nc(Nc3c[nH]nc3-c3cnn(C(F)F)c3)ncc2C12CC2
CTX-CDK2,HC-da3608223c73e97e5aa8f685,HG-d8ff295624b82d10c88d8a1d,7.4089353929735005,train,=,HR-d706203d80d3a549aa1fc43b,HS-f5022d4f3db45055cf7cf61d,O=C1N([C@@H]2CCC[C@@H](O)C2)c2nc(Nc3c[nH]nc3C#Cc3cccnc3)ncc2C12CC2,STUDY-001,CDK2,O=C1N([C@@H]2CCC[C@@H](O)C2)c2nc(Nc3c[nH]nc3C#Cc3cccnc3)ncc2C12CC2,O=C1N(C2CCCC(O)C2)c2nc(Nc3c[nH]nc3C#Cc3cccnc3)ncc2C12CC2,exact_training,,,O=C1N([C@@H]2CCC[C@@H](O)C2)c2nc(Nc3c[nH]nc3C#Cc3cccnc3)ncc2C12CC2
CTX-CDK1,HC-da3608223c73e97e5aa8f685,HG-d8ff295624b82d10c88d8a1d,5.30189945437661,train,=,HR-aa10487e99ff82524fb6c829,HS-f5022d4f3db45055cf7cf61d,O=C1N([C@@H]2CCC[C@@H](O)C2)c2nc(Nc3c[nH]nc3C#Cc3cccnc3)ncc2C12CC2,STUDY-001,CDK1,O=C1N([C@@H]2CCC[C@@H](O)C2)c2nc(Nc3c[nH]nc3C#Cc3cccnc3)ncc2C12CC2,O=C1N(C2CCCC(O)C2)c2nc(Nc3c[nH]nc3C#Cc3cccnc3)ncc2C12CC2,exact_training,,,O=C1N([C@@H]2CCC[C@@H](O)C2)c2nc(Nc3c[nH]nc3C#Cc3cccnc3)ncc2C12CC2
CTX-CDK2,HC-3dc6ec245d2862ec30bac576,HG-41fc61f460df652151344fd0,8.096910013008056,train,=,HR-07d5faecb7b74410022f71d9,HS-f5022d4f3db45055cf7cf61d,O=C1N([C@@H]2CCC[C@@H](O)C2)c2nc(Nc3c[nH]nc3OCC3CC3)ncc2C12CC2,STUDY-001,CDK2,O=C1N([C@@H]2CCC[C@@H](O)C2)c2nc(Nc3c[nH]nc3OCC3CC3)ncc2C12CC2,O=C1N(C2CCCC(O)C2)c2nc(Nc3c[nH]nc3OCC3CC3)ncc2C12CC2,exact_training,,,O=C1N([C@@H]2CCC[C@@H](O)C2)c2nc(Nc3c[nH]nc3OCC3CC3)ncc2C12CC2
CTX-CDK1,HC-3dc6ec245d2862ec30bac576,HG-41fc61f460df652151344fd0,5.982966660701219,train,=,HR-f4c1d9961725d9e36798918c,HS-f5022d4f3db45055cf7cf61d,O=C1N([C@@H]2CCC[C@@H](O)C2)c2nc(Nc3c[nH]nc3OCC3CC3)ncc2C12CC2,STUDY-001,CDK1,O=C1N([C@@H]2CCC[C@@H](O)C2)c2nc(Nc3c[nH]nc3OCC3CC3)ncc2C12CC2,O=C1N(C2CCCC(O)C2)c2nc(Nc3c[nH]nc3OCC3CC3)ncc2C12CC2,exact_training,,,O=C1N([C@@H]2CCC[C@@H](O)C2)c2nc(Nc3c[nH]nc3OCC3CC3)ncc2C12CC2
CTX-CDK2,HC-f62b975cee248388caed4d95,HG-81bae5fb945da1c2f04c8ab0,8.154901959985743,train,=,HR-8f1480790358da2c598387b2,HS-f5022d4f3db45055cf7cf61d,O=C1N([C@@H]2CCC[C@@H](O)C2)c2nc(Nc3c[nH]nc3OCCF)ncc2C12CC2,STUDY-001,CDK2,O=C1N([C@@H]2CCC[C@@H](O)C2)c2nc(Nc3c[nH]nc3OCCF)ncc2C12CC2,O=C1N(C2CCCC(O)C2)c2nc(Nc3c[nH]nc3OCCF)ncc2C12CC2,exact_training,,,O=C1N([C@@H]2CCC[C@@H](O)C2)c2nc(Nc3c[nH]nc3OCCF)ncc2C12CC2
CTX-CDK1,HC-f62b975cee248388caed4d95,HG-81bae5fb945da1c2f04c8ab0,5.920818753952375,train,=,HR-2aa715a034198601570553a6,HS-f5022d4f3db45055cf7cf61d,O=C1N([C@@H]2CCC[C@@H](O)C2)c2nc(Nc3c[nH]nc3OCCF)ncc2C12CC2,STUDY-001,CDK1,O=C1N([C@@H]2CCC[C@@H](O)C2)c2nc(Nc3c[nH]nc3OCCF)ncc2C12CC2,O=C1N(C2CCCC(O)C2)c2nc(Nc3c[nH]nc3OCCF)ncc2C12CC2,exact_training,,,O=C1N([C@@H]2CCC[C@@H](O)C2)c2nc(Nc3c[nH]nc3OCCF)ncc2C12CC2
CTX-CDK2,HC-50f30cf983b46f1625a11fe5,HG-1b7bc16eb59d0b99ba2fdf23,7.585026652029182,train,=,HR-73d90d867d1a2f0688653d73,HS-f5022d4f3db45055cf7cf61d,O=C1N([C@@H]2CCC[C@@H](O)C2)c2nc(Nc3c[nH]nc3OC3CCC3)ncc2C12CC2,STUDY-001,CDK2,O=C1N([C@@H]2CCC[C@@H](O)C2)c2nc(Nc3c[nH]nc3OC3CCC3)ncc2C12CC2,O=C1N(C2CCCC(O)C2)c2nc(Nc3c[nH]nc3OC3CCC3)ncc2C12CC2,exact_training,,,O=C1N([C@@H]2CCC[C@@H](O)C2)c2nc(Nc3c[nH]nc3OC3CCC3)ncc2C12CC2
CTX-CDK1,HC-50f30cf983b46f1625a11fe5,HG-1b7bc16eb59d0b99ba2fdf23,5.539102157243452,train,=,HR-2c7d0693b166e6d1ddff4585,HS-f5022d4f3db45055cf7cf61d,O=C1N([C@@H]2CCC[C@@H](O)C2)c2nc(Nc3c[nH]nc3OC3CCC3)ncc2C12CC2,STUDY-001,CDK1,O=C1N([C@@H]2CCC[C@@H](O)C2)c2nc(Nc3c[nH]nc3OC3CCC3)ncc2C12CC2,O=C1N(C2CCCC(O)C2)c2nc(Nc3c[nH]nc3OC3CCC3)ncc2C12CC2,exact_training,,,O=C1N([C@@H]2CCC[C@@H](O)C2)c2nc(Nc3c[nH]nc3OC3CCC3)ncc2C12CC2
CTX-CDK2,HC-5126418e5255ba63322fe094,HG-d6b86d88259323a67c50ded6,8.301029995663981,train,=,HR-e4bab2cbbd75faba012ac366,HS-f5022d4f3db45055cf7cf61d,O=C1N([C@@H]2CCC[C@@H](O)C2)c2nc(Nc3c[nH]nc3OCC(F)F)ncc2C12CC2,STUDY-001,CDK2,O=C1N([C@@H]2CCC[C@@H](O)C2)c2nc(Nc3c[nH]nc3OCC(F)F)ncc2C12CC2,O=C1N(C2CCCC(O)C2)c2nc(Nc3c[nH]nc3OCC(F)F)ncc2C12CC2,exact_training,,,O=C1N([C@@H]2CCC[C@@H](O)C2)c2nc(Nc3c[nH]nc3OCC(F)F)ncc2C12CC2
CTX-CDK1,HC-5126418e5255ba63322fe094,HG-d6b86d88259323a67c50ded6,6.136677139879544,train,=,HR-882bc295ea8818594e29fd4d,HS-f5022d4f3db45055cf7cf61d,O=C1N([C@@H]2CCC[C@@H](O)C2)c2nc(Nc3c[nH]nc3OCC(F)F)ncc2C12CC2,STUDY-001,CDK1,O=C1N([C@@H]2CCC[C@@H](O)C2)c2nc(Nc3c[nH]nc3OCC(F)F)ncc2C12CC2,O=C1N(C2CCCC(O)C2)c2nc(Nc3c[nH]nc3OCC(F)F)ncc2C12CC2,exact_training,,,O=C1N([C@@H]2CCC[C@@H](O)C2)c2nc(Nc3c[nH]nc3OCC(F)F)ncc2C12CC2
CTX-CDK2,HC-94c06e78f7a2ec72f42e67ba,HG-978c6c9c9749924425006f10,7.823908740944319,train,=,HR-ee9679dfaebe2476ab171b1a,HS-f5022d4f3db45055cf7cf61d,COCC(F)(F)COc1n[nH]cc1Nc1ncc2c(n1)N([C@@H]1CCC[C@@H](O)C1)C(=O)C21CC1,STUDY-001,CDK2,COCC(F)(F)COc1n[nH]cc1Nc1ncc2c(n1)N([C@@H]1CCC[C@@H](O)C1)C(=O)C21CC1,COCC(F)(F)COc1n[nH]cc1Nc1ncc2c(n1)N(C1CCCC(O)C1)C(=O)C21CC1,exact_training,,,COCC(F)(F)COc1n[nH]cc1Nc1ncc2c(n1)N([C@@H]1CCC[C@@H](O)C1)C(=O)C21CC1
CTX-CDK1,HC-94c06e78f7a2ec72f42e67ba,HG-978c6c9c9749924425006f10,5.7423214251308154,train,=,HR-cdbcc176c3a2065476242f37,HS-f5022d4f3db45055cf7cf61d,COCC(F)(F)COc1n[nH]cc1Nc1ncc2c(n1)N([C@@H]1CCC[C@@H](O)C1)C(=O)C21CC1,STUDY-001,CDK1,COCC(F)(F)COc1n[nH]cc1Nc1ncc2c(n1)N([C@@H]1CCC[C@@H](O)C1)C(=O)C21CC1,COCC(F)(F)COc1n[nH]cc1Nc1ncc2c(n1)N(C1CCCC(O)C1)C(=O)C21CC1,exact_training,,,COCC(F)(F)COc1n[nH]cc1Nc1ncc2c(n1)N([C@@H]1CCC[C@@H](O)C1)C(=O)C21CC1
CTX-CDK2,HC-d67d3ab2b0b3d15381422ef8,HG-fce774ed72b99a03741dcff6,7.958607314841775,train,=,HR-e99b0d330f61da72644a6670,HS-f5022d4f3db45055cf7cf61d,O=C1N([C@@H]2CCC[C@@H](O)C2)c2nc(Nc3c[nH]nc3OCC3(F)CC3)ncc2C12CC2,STUDY-001,CDK2,O=C1N([C@@H]2CCC[C@@H](O)C2)c2nc(Nc3c[nH]nc3OCC3(F)CC3)ncc2C12CC2,O=C1N(C2CCCC(O)C2)c2nc(Nc3c[nH]nc3OCC3(F)CC3)ncc2C12CC2,exact_training,,,O=C1N([C@@H]2CCC[C@@H](O)C2)c2nc(Nc3c[nH]nc3OCC3(F)CC3)ncc2C12CC2
CTX-CDK1,HC-d67d3ab2b0b3d15381422ef8,HG-fce774ed72b99a03741dcff6,6.113509274827518,train,=,HR-0b1796a1b48a7923d9b60745,HS-f5022d4f3db45055cf7cf61d,O=C1N([C@@H]2CCC[C@@H](O)C2)c2nc(Nc3c[nH]nc3OCC3(F)CC3)ncc2C12CC2,STUDY-001,CDK1,O=C1N([C@@H]2CCC[C@@H](O)C2)c2nc(Nc3c[nH]nc3OCC3(F)CC3)ncc2C12CC2,O=C1N(C2CCCC(O)C2)c2nc(Nc3c[nH]nc3OCC3(F)CC3)ncc2C12CC2,exact_training,,,O=C1N([C@@H]2CCC[C@@H](O)C2)c2nc(Nc3c[nH]nc3OCC3(F)CC3)ncc2C12CC2
CTX-CDK2,HC-ebfb3b8b9aea5d5941934588,HG-eb7db9fdebae39d4b07e8961,6.962573502059376,train,=,HR-3b559fd7e321d31562ab2f28,HS-f5022d4f3db45055cf7cf61d,O=C1N([C@@H]2CCC[C@@H](O)C2)c2nc(Nc3c[nH]nc3OC3CN(CC(F)(F)F)C3)ncc2C12CC2,STUDY-001,CDK2,O=C1N([C@@H]2CCC[C@@H](O)C2)c2nc(Nc3c[nH]nc3OC3CN(CC(F)(F)F)C3)ncc2C12CC2,O=C1N(C2CCCC(O)C2)c2nc(Nc3c[nH]nc3OC3CN(CC(F)(F)F)C3)ncc2C12CC2,exact_training,,,O=C1N([C@@H]2CCC[C@@H](O)C2)c2nc(Nc3c[nH]nc3OC3CN(CC(F)(F)F)C3)ncc2C12CC2
CTX-CDK2,HC-5583f266015cd435ef65c84c,HG-97f7aecdf3b8f136cd60c96f,7.657577319177793,train,=,HR-4bd94d1f7483853c514fe198,HS-f5022d4f3db45055cf7cf61d,O=C1N([C@@H]2CCC[C@@H](O)C2)c2nc(Nc3c[nH]nc3OCC3(F)COC3)ncc2C12CC2,STUDY-001,CDK2,O=C1N([C@@H]2CCC[C@@H](O)C2)c2nc(Nc3c[nH]nc3OCC3(F)COC3)ncc2C12CC2,O=C1N(C2CCCC(O)C2)c2nc(Nc3c[nH]nc3OCC3(F)COC3)ncc2C12CC2,exact_training,,,O=C1N([C@@H]2CCC[C@@H](O)C2)c2nc(Nc3c[nH]nc3OCC3(F)COC3)ncc2C12CC2
CTX-CDK1,HC-5583f266015cd435ef65c84c,HG-97f7aecdf3b8f136cd60c96f,5.488116639021126,train,=,HR-f0c9384606f56c12d3a86b00,HS-f5022d4f3db45055cf7cf61d,O=C1N([C@@H]2CCC[C@@H](O)C2)c2nc(Nc3c[nH]nc3OCC3(F)COC3)ncc2C12CC2,STUDY-001,CDK1,O=C1N([C@@H]2CCC[C@@H](O)C2)c2nc(Nc3c[nH]nc3OCC3(F)COC3)ncc2C12CC2,O=C1N(C2CCCC(O)C2)c2nc(Nc3c[nH]nc3OCC3(F)COC3)ncc2C12CC2,exact_training,,,O=C1N([C@@H]2CCC[C@@H](O)C2)c2nc(Nc3c[nH]nc3OCC3(F)COC3)ncc2C12CC2
CTX-CDK2,HC-8fb3de04c246252dfcc5f855,HG-67063e15c6f16af4fa8988ac,7.823908740944319,train,=,HR-d3f91ff544464cf9575c390f,HS-f5022d4f3db45055cf7cf61d,[2H]C([2H])([2H])Oc1n[nH]cc1Nc1ncc2c(n1)N([C@@H]1CCC[C@@H](O)C1)C(=O)C21CC1,STUDY-001,CDK2,[2H]C([2H])([2H])Oc1n[nH]cc1Nc1ncc2c(n1)N([C@@H]1CCC[C@@H](O)C1)C(=O)C21CC1,[H]C([H])([H])Oc1n[nH]cc1Nc1ncc2c(n1)N(C1CCCC(O)C1)C(=O)C21CC1,exact_training,,,COc1n[nH]cc1Nc1ncc2c(n1)N([C@@H]1CCC[C@@H](O)C1)C(=O)C21CC1
CTX-CDK1,HC-8fb3de04c246252dfcc5f855,HG-67063e15c6f16af4fa8988ac,5.578396073130169,train,=,HR-6ff3e0de056c9b5f5746be85,HS-f5022d4f3db45055cf7cf61d,[2H]C([2H])([2H])Oc1n[nH]cc1Nc1ncc2c(n1)N([C@@H]1CCC[C@@H](O)C1)C(=O)C21CC1,STUDY-001,CDK1,[2H]C([2H])([2H])Oc1n[nH]cc1Nc1ncc2c(n1)N([C@@H]1CCC[C@@H](O)C1)C(=O)C21CC1,[H]C([H])([H])Oc1n[nH]cc1Nc1ncc2c(n1)N(C1CCCC(O)C1)C(=O)C21CC1,exact_training,,,COc1n[nH]cc1Nc1ncc2c(n1)N([C@@H]1CCC[C@@H](O)C1)C(=O)C21CC1
CTX-CDK2,HC-dd08ed6610f74ef444967503,HG-7653a14187437b47a5dcf8e4,6.903089986991944,train,=,HR-bc5c056b080ab08b27255c08,HS-f5022d4f3db45055cf7cf61d,CN1C[C@@H](F)[C@H](Oc2n[nH]cc2Nc2ncc3c(n2)N([C@@H]2CCC[C@@H](O)C2)C(=O)C32CC2)C1,STUDY-001,CDK2,CN1C[C@@H](F)[C@H](Oc2n[nH]cc2Nc2ncc3c(n2)N([C@@H]2CCC[C@@H](O)C2)C(=O)C32CC2)C1,CN1CC(F)C(Oc2n[nH]cc2Nc2ncc3c(n2)N(C2CCCC(O)C2)C(=O)C32CC2)C1,exact_training,,,CN1C[C@@H](F)[C@H](Oc2n[nH]cc2Nc2ncc3c(n2)N([C@@H]2CCC[C@@H](O)C2)C(=O)C32CC2)C1
CTX-CDK2,HC-f0fb35cb2dd27e28368bc0c6,HG-7653a14187437b47a5dcf8e4,6.924453038607469,train,=,HR-4472af6bb0f99ba4009cd11e,HS-f5022d4f3db45055cf7cf61d,CN1C[C@H](Oc2n[nH]cc2Nc2ncc3c(n2)N([C@@H]2CCC[C@@H](O)C2)C(=O)C32CC2)[C@@H](F)C1,STUDY-001,CDK2,CN1C[C@H](Oc2n[nH]cc2Nc2ncc3c(n2)N([C@@H]2CCC[C@@H](O)C2)C(=O)C32CC2)[C@@H](F)C1,CN1CC(F)C(Oc2n[nH]cc2Nc2ncc3c(n2)N(C2CCCC(O)C2)C(=O)C32CC2)C1,exact_training,,,CN1C[C@@H](F)[C@H](Oc2n[nH]cc2Nc2ncc3c(n2)N([C@@H]2CCC[C@@H](O)C2)C(=O)C32CC2)C1
CTX-CDK2,HC-4dd3ecbe79447d1307a0f09d,HG-cef332ded2449f64f0dacc7d,7.508638306165727,train,=,HR-4dfea9db8a360cb416266fbc,HS-f5022d4f3db45055cf7cf61d,CSc1n[nH]cc1Nc1ncc2c(n1)N([C@@H]1CCC[C@@H](O)C1)C(=O)C21CC1,STUDY-001,CDK2,CSc1n[nH]cc1Nc1ncc2c(n1)N([C@@H]1CCC[C@@H](O)C1)C(=O)C21CC1,CSc1n[nH]cc1Nc1ncc2c(n1)N(C1CCCC(O)C1)C(=O)C21CC1,exact_training,,,CSc1n[nH]cc1Nc1ncc2c(n1)N([C@@H]1CCC[C@@H](O)C1)C(=O)C21CC1
CTX-CDK1,HC-4dd3ecbe79447d1307a0f09d,HG-cef332ded2449f64f0dacc7d,5.274088367704952,train,=,HR-88b8418313857a971b124e83,HS-f5022d4f3db45055cf7cf61d,CSc1n[nH]cc1Nc1ncc2c(n1)N([C@@H]1CCC[C@@H](O)C1)C(=O)C21CC1,STUDY-001,CDK1,CSc1n[nH]cc1Nc1ncc2c(n1)N([C@@H]1CCC[C@@H](O)C1)C(=O)C21CC1,CSc1n[nH]cc1Nc1ncc2c(n1)N(C1CCCC(O)C1)C(=O)C21CC1,exact_training,,,CSc1n[nH]cc1Nc1ncc2c(n1)N([C@@H]1CCC[C@@H](O)C1)C(=O)C21CC1
CTX-CDK2,HC-eb8b9e03abf2ca9d02026aff,HG-ced2f5c9f4f7c2691e194193,6.730487055782084,train,=,HR-e6d03c46059d41c019a926fd,HS-f5022d4f3db45055cf7cf61d,CC(=O)N1CC2(CC(COc3n[nH]cc3Nc3ncc4c(n3)N([C@@H]3CCC[C@@H](O)C3)C(=O)C43CC3)C2)C1,STUDY-001,CDK2,CC(=O)N1CC2(CC(COc3n[nH]cc3Nc3ncc4c(n3)N([C@@H]3CCC[C@@H](O)C3)C(=O)C43CC3)C2)C1,CC(=O)N1CC2(CC(COc3n[nH]cc3Nc3ncc4c(n3)N(C3CCCC(O)C3)C(=O)C43CC3)C2)C1,exact_training,,,CC(=O)N1CC2(CC(COc3n[nH]cc3Nc3ncc4c(n3)N([C@@H]3CCC[C@@H](O)C3)C(=O)C43CC3)C2)C1
CTX-CDK2,HC-7e4a441cd02054699398e77a,HG-73aab3a4cdc1530811fa977d,6.872895201635192,train,=,HR-8e42bff97580551b43f38bc9,HS-f5022d4f3db45055cf7cf61d,O=C1N([C@@H]2CCC[C@@H](O)C2)c2nc(Nc3c[nH]nc3OCC3CC4(COC4)C3)ncc2C12CC2,STUDY-001,CDK2,O=C1N([C@@H]2CCC[C@@H](O)C2)c2nc(Nc3c[nH]nc3OCC3CC4(COC4)C3)ncc2C12CC2,O=C1N(C2CCCC(O)C2)c2nc(Nc3c[nH]nc3OCC3CC4(COC4)C3)ncc2C12CC2,exact_training,,,O=C1N([C@@H]2CCC[C@@H](O)C2)c2nc(Nc3c[nH]nc3OCC3CC4(COC4)C3)ncc2C12CC2
CTX-CDK2,HC-f09d8bf1beda158f1bd5b8f5,HG-a415f427028bb039f7ef2cd5,8.0,train,=,HR-20c9ded2a3615b331a0ec048,HS-f5022d4f3db45055cf7cf61d,O=C1N([C@@H]2CCC[C@@H](O)C2)c2nc(Nc3c[nH]nc3OCC(F)(F)F)ncc2C12CC2,STUDY-001,CDK2,O=C1N([C@@H]2CCC[C@@H](O)C2)c2nc(Nc3c[nH]nc3OCC(F)(F)F)ncc2C12CC2,O=C1N(C2CCCC(O)C2)c2nc(Nc3c[nH]nc3OCC(F)(F)F)ncc2C12CC2,exact_training,,,O=C1N([C@@H]2CCC[C@@H](O)C2)c2nc(Nc3c[nH]nc3OCC(F)(F)F)ncc2C12CC2
CTX-CDK1,HC-f09d8bf1beda158f1bd5b8f5,HG-a415f427028bb039f7ef2cd5,6.096910013008056,train,=,HR-984eee2f1c0d34843affb010,HS-f5022d4f3db45055cf7cf61d,O=C1N([C@@H]2CCC[C@@H](O)C2)c2nc(Nc3c[nH]nc3OCC(F)(F)F)ncc2C12CC2,STUDY-001,CDK1,O=C1N([C@@H]2CCC[C@@H](O)C2)c2nc(Nc3c[nH]nc3OCC(F)(F)F)ncc2C12CC2,O=C1N(C2CCCC(O)C2)c2nc(Nc3c[nH]nc3OCC(F)(F)F)ncc2C12CC2,exact_training,,,O=C1N([C@@H]2CCC[C@@H](O)C2)c2nc(Nc3c[nH]nc3OCC(F)(F)F)ncc2C12CC2
CTX-CDK2,HC-ef4a78258d4af256028e632a,HG-0e43129d2f6f5bdf05ea9a9f,7.795880017344075,train,=,HR-26595424fa1d403f03c143bd,HS-f5022d4f3db45055cf7cf61d,CC#Cc1n[nH]cc1Nc1ncc2c(n1)N([C@@H]1CCC[C@@H](O)C1)C(=O)C21CC1,STUDY-001,CDK2,CC#Cc1n[nH]cc1Nc1ncc2c(n1)N([C@@H]1CCC[C@@H](O)C1)C(=O)C21CC1,CC#Cc1n[nH]cc1Nc1ncc2c(n1)N(C1CCCC(O)C1)C(=O)C21CC1,exact_training,,,CC#Cc1n[nH]cc1Nc1ncc2c(n1)N([C@@H]1CCC[C@@H](O)C1)C(=O)C21CC1
CTX-CDK1,HC-ef4a78258d4af256028e632a,HG-0e43129d2f6f5bdf05ea9a9f,5.450996737974212,train,=,HR-63a6b618172131c25c3dda24,HS-f5022d4f3db45055cf7cf61d,CC#Cc1n[nH]cc1Nc1ncc2c(n1)N([C@@H]1CCC[C@@H](O)C1)C(=O)C21CC1,STUDY-001,CDK1,CC#Cc1n[nH]cc1Nc1ncc2c(n1)N([C@@H]1CCC[C@@H](O)C1)C(=O)C21CC1,CC#Cc1n[nH]cc1Nc1ncc2c(n1)N(C1CCCC(O)C1)C(=O)C21CC1,exact_training,,,CC#Cc1n[nH]cc1Nc1ncc2c(n1)N([C@@H]1CCC[C@@H](O)C1)C(=O)C21CC1
CTX-CDK2,HC-1a4f70baa270a9c7c05faee5,HG-3683c55a0e8d1c711728be56,7.292429823902063,train,=,HR-cd4091e7bfb667ecb66938ce,HS-f5022d4f3db45055cf7cf61d,O=C1N([C@@H]2CCC[C@@H](O)C2)c2nc(Nc3c[nH]nc3OC[C@H]3COCCO3)ncc2C12CC2,STUDY-001,CDK2,O=C1N([C@@H]2CCC[C@@H](O)C2)c2nc(Nc3c[nH]nc3OC[C@H]3COCCO3)ncc2C12CC2,O=C1N(C2CCCC(O)C2)c2nc(Nc3c[nH]nc3OCC3COCCO3)ncc2C12CC2,exact_training,,,O=C1N([C@@H]2CCC[C@@H](O)C2)c2nc(Nc3c[nH]nc3OC[C@H]3COCCO3)ncc2C12CC2
CTX-CDK1,HC-1a4f70baa270a9c7c05faee5,HG-3683c55a0e8d1c711728be56,5.374687549038326,train,=,HR-69ab968c14961785ecdcc481,HS-f5022d4f3db45055cf7cf61d,O=C1N([C@@H]2CCC[C@@H](O)C2)c2nc(Nc3c[nH]nc3OC[C@H]3COCCO3)ncc2C12CC2,STUDY-001,CDK1,O=C1N([C@@H]2CCC[C@@H](O)C2)c2nc(Nc3c[nH]nc3OC[C@H]3COCCO3)ncc2C12CC2,O=C1N(C2CCCC(O)C2)c2nc(Nc3c[nH]nc3OCC3COCCO3)ncc2C12CC2,exact_training,,,O=C1N([C@@H]2CCC[C@@H](O)C2)c2nc(Nc3c[nH]nc3OC[C@H]3COCCO3)ncc2C12CC2
CTX-CDK2,HC-f7b21e1e71b0c951f10bd450,HG-f6e430e5a25e392546961b7a,7.638272163982407,train,=,HR-3fda3b9a2a47fde25cb5a6cb,HS-f5022d4f3db45055cf7cf61d,N#CC1(COc2n[nH]cc2Nc2ncc3c(n2)N([C@@H]2CCC[C@@H](O)C2)C(=O)C32CC2)CC1,STUDY-001,CDK2,N#CC1(COc2n[nH]cc2Nc2ncc3c(n2)N([C@@H]2CCC[C@@H](O)C2)C(=O)C32CC2)CC1,N#CC1(COc2n[nH]cc2Nc2ncc3c(n2)N(C2CCCC(O)C2)C(=O)C32CC2)CC1,exact_training,,,N#CC1(COc2n[nH]cc2Nc2ncc3c(n2)N([C@@H]2CCC[C@@H](O)C2)C(=O)C32CC2)CC1
CTX-CDK1,HC-f7b21e1e71b0c951f10bd450,HG-f6e430e5a25e392546961b7a,5.384049948343599,train,=,HR-1cf5c65a8d13b2aef2421009,HS-f5022d4f3db45055cf7cf61d,N#CC1(COc2n[nH]cc2Nc2ncc3c(n2)N([C@@H]2CCC[C@@H](O)C2)C(=O)C32CC2)CC1,STUDY-001,CDK1,N#CC1(COc2n[nH]cc2Nc2ncc3c(n2)N([C@@H]2CCC[C@@H](O)C2)C(=O)C32CC2)CC1,N#CC1(COc2n[nH]cc2Nc2ncc3c(n2)N(C2CCCC(O)C2)C(=O)C32CC2)CC1,exact_training,,,N#CC1(COc2n[nH]cc2Nc2ncc3c(n2)N([C@@H]2CCC[C@@H](O)C2)C(=O)C32CC2)CC1
CTX-CDK2,HC-a86718b706208a06340fb465,HG-3fbac2cdf386aa6cb936785a,8.221848749616356,train,=,HR-960ac30c9339c276c6928d1e,HS-f5022d4f3db45055cf7cf61d,O=C1N([C@@H]2CCC[C@@H](O)C2)c2nc(Nc3c[nH]nc3O[C@H]3CC3(F)F)ncc2C12CC2,STUDY-001,CDK2,O=C1N([C@@H]2CCC[C@@H](O)C2)c2nc(Nc3c[nH]nc3O[C@H]3CC3(F)F)ncc2C12CC2,O=C1N(C2CCCC(O)C2)c2nc(Nc3c[nH]nc3OC3CC3(F)F)ncc2C12CC2,exact_training,,,O=C1N([C@@H]2CCC[C@@H](O)C2)c2nc(Nc3c[nH]nc3O[C@H]3CC3(F)F)ncc2C12CC2
CTX-CDK1,HC-a86718b706208a06340fb465,HG-3fbac2cdf386aa6cb936785a,6.096910013008056,train,=,HR-fe93d4b219f2321a523dba91,HS-f5022d4f3db45055cf7cf61d,O=C1N([C@@H]2CCC[C@@H](O)C2)c2nc(Nc3c[nH]nc3O[C@H]3CC3(F)F)ncc2C12CC2,STUDY-001,CDK1,O=C1N([C@@H]2CCC[C@@H](O)C2)c2nc(Nc3c[nH]nc3O[C@H]3CC3(F)F)ncc2C12CC2,O=C1N(C2CCCC(O)C2)c2nc(Nc3c[nH]nc3OC3CC3(F)F)ncc2C12CC2,exact_training,,,O=C1N([C@@H]2CCC[C@@H](O)C2)c2nc(Nc3c[nH]nc3O[C@H]3CC3(F)F)ncc2C12CC2
CTX-CDK2,HC-b7914dc349fa7a633fc06fe6,HG-3fbac2cdf386aa6cb936785a,8.221848749616356,train,=,HR-15fec1dbdd8260bdd1cd633f,HS-f5022d4f3db45055cf7cf61d,O=C1N([C@@H]2CCC[C@@H](O)C2)c2nc(Nc3c[nH]nc3O[C@@H]3CC3(F)F)ncc2C12CC2,STUDY-001,CDK2,O=C1N([C@@H]2CCC[C@@H](O)C2)c2nc(Nc3c[nH]nc3O[C@@H]3CC3(F)F)ncc2C12CC2,O=C1N(C2CCCC(O)C2)c2nc(Nc3c[nH]nc3OC3CC3(F)F)ncc2C12CC2,exact_training,,,O=C1N([C@@H]2CCC[C@@H](O)C2)c2nc(Nc3c[nH]nc3O[C@H]3CC3(F)F)ncc2C12CC2
CTX-CDK1,HC-b7914dc349fa7a633fc06fe6,HG-3fbac2cdf386aa6cb936785a,6.086186147616283,train,=,HR-3f0b77231dd132d2205592ef,HS-f5022d4f3db45055cf7cf61d,O=C1N([C@@H]2CCC[C@@H](O)C2)c2nc(Nc3c[nH]nc3O[C@@H]3CC3(F)F)ncc2C12CC2,STUDY-001,CDK1,O=C1N([C@@H]2CCC[C@@H](O)C2)c2nc(Nc3c[nH]nc3O[C@@H]3CC3(F)F)ncc2C12CC2,O=C1N(C2CCCC(O)C2)c2nc(Nc3c[nH]nc3OC3CC3(F)F)ncc2C12CC2,exact_training,,,O=C1N([C@@H]2CCC[C@@H](O)C2)c2nc(Nc3c[nH]nc3O[C@H]3CC3(F)F)ncc2C12CC2
CTX-CDK2,HC-0827e4e120875d7aa5194d6a,HG-05051badea1c8ba5b5aa0350,7.356547323513812,train,=,HR-05b2b51b5addfe7e9e0b7626,HS-f5022d4f3db45055cf7cf61d,O=C1N([C@@H]2CCC[C@@H](O)C2)c2nc(Nc3c[nH]nc3OC[C@@H]3CCOC3)ncc2C12CC2,STUDY-001,CDK2,O=C1N([C@@H]2CCC[C@@H](O)C2)c2nc(Nc3c[nH]nc3OC[C@@H]3CCOC3)ncc2C12CC2,O=C1N(C2CCCC(O)C2)c2nc(Nc3c[nH]nc3OCC3CCOC3)ncc2C12CC2,exact_training,,,O=C1N([C@@H]2CCC[C@@H](O)C2)c2nc(Nc3c[nH]nc3OC[C@@H]3CCOC3)ncc2C12CC2
CTX-CDK1,HC-0827e4e120875d7aa5194d6a,HG-05051badea1c8ba5b5aa0350,5.11975822410452,train,=,HR-5fe29f561f4d1d10ec1508e9,HS-f5022d4f3db45055cf7cf61d,O=C1N([C@@H]2CCC[C@@H](O)C2)c2nc(Nc3c[nH]nc3OC[C@@H]3CCOC3)ncc2C12CC2,STUDY-001,CDK1,O=C1N([C@@H]2CCC[C@@H](O)C2)c2nc(Nc3c[nH]nc3OC[C@@H]3CCOC3)ncc2C12CC2,O=C1N(C2CCCC(O)C2)c2nc(Nc3c[nH]nc3OCC3CCOC3)ncc2C12CC2,exact_training,,,O=C1N([C@@H]2CCC[C@@H](O)C2)c2nc(Nc3c[nH]nc3OC[C@@H]3CCOC3)ncc2C12CC2
CTX-CDK2,HC-744d18720e0816664a6f88cf,HG-05051badea1c8ba5b5aa0350,7.214670164989233,train,=,HR-7d2b76af07d6082c008f4eca,HS-f5022d4f3db45055cf7cf61d,O=C1N([C@@H]2CCC[C@@H](O)C2)c2nc(Nc3c[nH]nc3OC[C@H]3CCOC3)ncc2C12CC2,STUDY-001,CDK2,O=C1N([C@@H]2CCC[C@@H](O)C2)c2nc(Nc3c[nH]nc3OC[C@H]3CCOC3)ncc2C12CC2,O=C1N(C2CCCC(O)C2)c2nc(Nc3c[nH]nc3OCC3CCOC3)ncc2C12CC2,exact_training,,,O=C1N([C@@H]2CCC[C@@H](O)C2)c2nc(Nc3c[nH]nc3OC[C@@H]3CCOC3)ncc2C12CC2
CTX-CDK1,HC-744d18720e0816664a6f88cf,HG-05051badea1c8ba5b5aa0350,5.1249387366083,train,=,HR-4460240443cf8c247fc78a20,HS-f5022d4f3db45055cf7cf61d,O=C1N([C@@H]2CCC[C@@H](O)C2)c2nc(Nc3c[nH]nc3OC[C@H]3CCOC3)ncc2C12CC2,STUDY-001,CDK1,O=C1N([C@@H]2CCC[C@@H](O)C2)c2nc(Nc3c[nH]nc3OC[C@H]3CCOC3)ncc2C12CC2,O=C1N(C2CCCC(O)C2)c2nc(Nc3c[nH]nc3OCC3CCOC3)ncc2C12CC2,exact_training,,,O=C1N([C@@H]2CCC[C@@H](O)C2)c2nc(Nc3c[nH]nc3OC[C@@H]3CCOC3)ncc2C12CC2
CTX-CDK2,HC-73007618db6a4686b9849357,HG-792fc1c93190867faac66033,7.309803919971486,train,=,HR-bd979ed5dd974010edbb8603,HS-f5022d4f3db45055cf7cf61d,O=C1N([C@@H]2CCC[C@@H](O)C2)c2nc(Nc3c[nH]nc3-c3cnn4c3CCCC4)ncc2C12CC2,STUDY-001,CDK2,O=C1N([C@@H]2CCC[C@@H](O)C2)c2nc(Nc3c[nH]nc3-c3cnn4c3CCCC4)ncc2C12CC2,O=C1N(C2CCCC(O)C2)c2nc(Nc3c[nH]nc3-c3cnn4c3CCCC4)ncc2C12CC2,exact_training,,,O=C1N([C@@H]2CCC[C@@H](O)C2)c2nc(Nc3c[nH]nc3-c3cnn4c3CCCC4)ncc2C12CC2
CTX-CDK2,HC-6ed48c1d15c50be7cd6cf34d,HG-cee79b5379a84b96b292c391,6.5934598195660445,train,=,HR-5bc3033c24435d6db3f4cfc2,HS-f5022d4f3db45055cf7cf61d,O=C1N([C@@H]2CCC[C@@H](O)C2)c2nc(Nc3c[nH]nc3OC3CCOCC3)ncc2C12CC2,STUDY-001,CDK2,O=C1N([C@@H]2CCC[C@@H](O)C2)c2nc(Nc3c[nH]nc3OC3CCOCC3)ncc2C12CC2,O=C1N(C2CCCC(O)C2)c2nc(Nc3c[nH]nc3OC3CCOCC3)ncc2C12CC2,exact_training,,,O=C1N([C@@H]2CCC[C@@H](O)C2)c2nc(Nc3c[nH]nc3OC3CCOCC3)ncc2C12CC2
CTX-CDK2,HC-febdaa1aad2e1f92fe314828,HG-03471e78123b49acf2b2acb8,7.494850021680094,train,=,HR-a7ff788d09fe359ffd3831f9,HS-f5022d4f3db45055cf7cf61d,O=C1N([C@@H]2CCC[C@@H](O)C2)c2nc(Nc3c[nH]nc3OC[C@H]3COCC3(F)F)ncc2C12CC2,STUDY-001,CDK2,O=C1N([C@@H]2CCC[C@@H](O)C2)c2nc(Nc3c[nH]nc3OC[C@H]3COCC3(F)F)ncc2C12CC2,O=C1N(C2CCCC(O)C2)c2nc(Nc3c[nH]nc3OCC3COCC3(F)F)ncc2C12CC2,exact_training,,,O=C1N([C@@H]2CCC[C@@H](O)C2)c2nc(Nc3c[nH]nc3OC[C@H]3COCC3(F)F)ncc2C12CC2
CTX-CDK1,HC-febdaa1aad2e1f92fe314828,HG-03471e78123b49acf2b2acb8,5.482804102050026,train,=,HR-95dc7c6f8ec7614e172a7f16,HS-f5022d4f3db45055cf7cf61d,O=C1N([C@@H]2CCC[C@@H](O)C2)c2nc(Nc3c[nH]nc3OC[C@H]3COCC3(F)F)ncc2C12CC2,STUDY-001,CDK1,O=C1N([C@@H]2CCC[C@@H](O)C2)c2nc(Nc3c[nH]nc3OC[C@H]3COCC3(F)F)ncc2C12CC2,O=C1N(C2CCCC(O)C2)c2nc(Nc3c[nH]nc3OCC3COCC3(F)F)ncc2C12CC2,exact_training,,,O=C1N([C@@H]2CCC[C@@H](O)C2)c2nc(Nc3c[nH]nc3OC[C@H]3COCC3(F)F)ncc2C12CC2
CTX-CDK2,HC-66a1ca61302e3d64e8ec01b6,HG-91ca5d2b11684e5cb8f57d10,6.91721462968355,train,=,HR-1f1e4851c75c02276785c67b,HS-f5022d4f3db45055cf7cf61d,O=C1N([C@@H]2CCC[C@@H](O)C2)c2nc(Nc3c[nH]nc3O)ncc2C12CC2,STUDY-001,CDK2,O=C1N([C@@H]2CCC[C@@H](O)C2)c2nc(Nc3c[nH]nc3O)ncc2C12CC2,O=C1N(C2CCCC(O)C2)c2nc(Nc3c[nH]nc3O)ncc2C12CC2,exact_training,,,O=C1N([C@@H]2CCC[C@@H](O)C2)c2nc(Nc3c[nH]nc3O)ncc2C12CC2
CTX-CDK1,HC-66a1ca61302e3d64e8ec01b6,HG-91ca5d2b11684e5cb8f57d10,5.235077015350112,train,=,HR-4a8d232a356e8145beaab5b8,HS-f5022d4f3db45055cf7cf61d,O=C1N([C@@H]2CCC[C@@H](O)C2)c2nc(Nc3c[nH]nc3O)ncc2C12CC2,STUDY-001,CDK1,O=C1N([C@@H]2CCC[C@@H](O)C2)c2nc(Nc3c[nH]nc3O)ncc2C12CC2,O=C1N(C2CCCC(O)C2)c2nc(Nc3c[nH]nc3O)ncc2C12CC2,exact_training,,,O=C1N([C@@H]2CCC[C@@H](O)C2)c2nc(Nc3c[nH]nc3O)ncc2C12CC2
CTX-CDK2,HC-93bbe4e621673d55f3fd1e2e,HG-a6fc6fb5e53cb0d4f44a0eaf,8.221848749616356,train,=,HR-08f7101861d08105b2fa20e7,HS-f5022d4f3db45055cf7cf61d,O=C1N([C@@H]2CCC[C@@H](O)C2)c2nc(Nc3c[nH]nc3-c3cnn4cccnc34)ncc2C12CC2,STUDY-001,CDK2,O=C1N([C@@H]2CCC[C@@H](O)C2)c2nc(Nc3c[nH]nc3-c3cnn4cccnc34)ncc2C12CC2,O=C1N(C2CCCC(O)C2)c2nc(Nc3c[nH]nc3-c3cnn4cccnc34)ncc2C12CC2,exact_training,,,O=C1N([C@@H]2CCC[C@@H](O)C2)c2nc(Nc3c[nH]nc3-c3cnn4cccnc34)ncc2C12CC2
CTX-CDK1,HC-93bbe4e621673d55f3fd1e2e,HG-a6fc6fb5e53cb0d4f44a0eaf,6.3872161432802645,train,=,HR-fc2fe1c319dd52e9c4b8e8a9,HS-f5022d4f3db45055cf7cf61d,O=C1N([C@@H]2CCC[C@@H](O)C2)c2nc(Nc3c[nH]nc3-c3cnn4cccnc34)ncc2C12CC2,STUDY-001,CDK1,O=C1N([C@@H]2CCC[C@@H](O)C2)c2nc(Nc3c[nH]nc3-c3cnn4cccnc34)ncc2C12CC2,O=C1N(C2CCCC(O)C2)c2nc(Nc3c[nH]nc3-c3cnn4cccnc34)ncc2C12CC2,exact_training,,,O=C1N([C@@H]2CCC[C@@H](O)C2)c2nc(Nc3c[nH]nc3-c3cnn4cccnc34)ncc2C12CC2
CTX-CDK2,HC-4c60398359e068a84858cc32,HG-13edafaaf53ce550800f71c1,7.585026652029182,train,=,HR-f6634ecf342ba838d537cfe2,HS-f5022d4f3db45055cf7cf61d,CO[C@H]1C[C@H](Oc2n[nH]cc2Nc2ncc3c(n2)N([C@@H]2CCC[C@@H](O)C2)C(=O)C32CC2)C1,STUDY-001,CDK2,CO[C@H]1C[C@H](Oc2n[nH]cc2Nc2ncc3c(n2)N([C@@H]2CCC[C@@H](O)C2)C(=O)C32CC2)C1,COC1CC(Oc2n[nH]cc2Nc2ncc3c(n2)N(C2CCCC(O)C2)C(=O)C32CC2)C1,exact_training,,,CO[C@H]1C[C@H](Oc2n[nH]cc2Nc2ncc3c(n2)N([C@@H]2CCC[C@@H](O)C2)C(=O)C32CC2)C1
CTX-CDK1,HC-4c60398359e068a84858cc32,HG-13edafaaf53ce550800f71c1,5.5968794788241825,train,=,HR-4483b9e8d7c56147d95e0de7,HS-f5022d4f3db45055cf7cf61d,CO[C@H]1C[C@H](Oc2n[nH]cc2Nc2ncc3c(n2)N([C@@H]2CCC[C@@H](O)C2)C(=O)C32CC2)C1,STUDY-001,CDK1,CO[C@H]1C[C@H](Oc2n[nH]cc2Nc2ncc3c(n2)N([C@@H]2CCC[C@@H](O)C2)C(=O)C32CC2)C1,COC1CC(Oc2n[nH]cc2Nc2ncc3c(n2)N(C2CCCC(O)C2)C(=O)C32CC2)C1,exact_training,,,CO[C@H]1C[C@H](Oc2n[nH]cc2Nc2ncc3c(n2)N([C@@H]2CCC[C@@H](O)C2)C(=O)C32CC2)C1
CTX-CDK2,HC-34f9af60e80c3405011799c6,HG-9f80ced2c651bd85a1ea8987,7.055517327849831,train,=,HR-4aefb5d46fe411042b311355,HS-f5022d4f3db45055cf7cf61d,Cn1ncc(-c2n[nH]cc2Nc2ncc3c(n2)N([C@@H]2CCC[C@@H](O)C2)C(=O)C32CC2)c1C(F)(F)F,STUDY-001,CDK2,Cn1ncc(-c2n[nH]cc2Nc2ncc3c(n2)N([C@@H]2CCC[C@@H](O)C2)C(=O)C32CC2)c1C(F)(F)F,Cn1ncc(-c2n[nH]cc2Nc2ncc3c(n2)N(C2CCCC(O)C2)C(=O)C32CC2)c1C(F)(F)F,exact_training,,,Cn1ncc(-c2n[nH]cc2Nc2ncc3c(n2)N([C@@H]2CCC[C@@H](O)C2)C(=O)C32CC2)c1C(F)(F)F
CTX-CDK2,HC-7aad80e164dd6a9989eb4fcf,HG-aca79a11fd03e794a2e794be,7.42021640338319,development,=,HR-7fa595b425398b5b4d65ed35,HS-f5022d4f3db45055cf7cf61d,Cn1cc(Nc2ncc3c(n2)N([C@@H]2CCC[C@@H](O)C2)C(=O)C32CC2)cn1,STUDY-001,CDK2,Cn1cc(Nc2ncc3c(n2)N([C@@H]2CCC[C@@H](O)C2)C(=O)C32CC2)cn1,Cn1cc(Nc2ncc3c(n2)N(C2CCCC(O)C2)C(=O)C32CC2)cn1,exposed_development,,,Cn1cc(Nc2ncc3c(n2)N([C@@H]2CCC[C@@H](O)C2)C(=O)C32CC2)cn1
CTX-CDK1,HC-7aad80e164dd6a9989eb4fcf,HG-aca79a11fd03e794a2e794be,5.812479279163537,development,=,HR-2ff3fb2d87efdbed57f14171,HS-f5022d4f3db45055cf7cf61d,Cn1cc(Nc2ncc3c(n2)N([C@@H]2CCC[C@@H](O)C2)C(=O)C32CC2)cn1,STUDY-001,CDK1,Cn1cc(Nc2ncc3c(n2)N([C@@H]2CCC[C@@H](O)C2)C(=O)C32CC2)cn1,Cn1cc(Nc2ncc3c(n2)N(C2CCCC(O)C2)C(=O)C32CC2)cn1,exposed_development,,,Cn1cc(Nc2ncc3c(n2)N([C@@H]2CCC[C@@H](O)C2)C(=O)C32CC2)cn1
CTX-CDK2,HC-9ca190aed0660d2adc247ebc,HG-26e127251287caa1e909764e,6.866461091629782,development,=,HR-f179b5ca65c1fd1c4243417e,HS-f5022d4f3db45055cf7cf61d,Cc1n[nH]cc1Nc1ncc2c(n1)N([C@H]1C[C@H](O)CC(C)(C)C1)C(=O)C21CC1,STUDY-001,CDK2,Cc1n[nH]cc1Nc1ncc2c(n1)N([C@H]1C[C@H](O)CC(C)(C)C1)C(=O)C21CC1,Cc1n[nH]cc1Nc1ncc2c(n1)N(C1CC(O)CC(C)(C)C1)C(=O)C21CC1,exposed_development,,,Cc1n[nH]cc1Nc1ncc2c(n1)N([C@H]1C[C@H](O)CC(C)(C)C1)C(=O)C21CC1
CTX-CDK1,HC-9ca190aed0660d2adc247ebc,HG-26e127251287caa1e909764e,5.2225731776106885,development,=,HR-632eb169e46b07f92b057c99,HS-f5022d4f3db45055cf7cf61d,Cc1n[nH]cc1Nc1ncc2c(n1)N([C@H]1C[C@H](O)CC(C)(C)C1)C(=O)C21CC1,STUDY-001,CDK1,Cc1n[nH]cc1Nc1ncc2c(n1)N([C@H]1C[C@H](O)CC(C)(C)C1)C(=O)C21CC1,Cc1n[nH]cc1Nc1ncc2c(n1)N(C1CC(O)CC(C)(C)C1)C(=O)C21CC1,exposed_development,,,Cc1n[nH]cc1Nc1ncc2c(n1)N([C@H]1C[C@H](O)CC(C)(C)C1)C(=O)C21CC1
CTX-CDK2,HC-f417a6de46dac061f520d36b,HG-5b0623782ad95ea76c5e244c,7.356547323513812,development,=,HR-ac737797202b9f73916a7e29,HS-f5022d4f3db45055cf7cf61d,O=C1N([C@@H]2CCCC[C@@H](O)C2)c2nc(Nc3c[nH]nc3Cl)ncc2C12CC2,STUDY-001,CDK2,O=C1N([C@@H]2CCCC[C@@H](O)C2)c2nc(Nc3c[nH]nc3Cl)ncc2C12CC2,O=C1N(C2CCCCC(O)C2)c2nc(Nc3c[nH]nc3Cl)ncc2C12CC2,exposed_development,,,O=C1N([C@@H]2CCCC[C@@H](O)C2)c2nc(Nc3c[nH]nc3Cl)ncc2C12CC2
CTX-CDK1,HC-f417a6de46dac061f520d36b,HG-5b0623782ad95ea76c5e244c,5.3851027839668655,development,=,HR-92bb56e25f793d4079832a07,HS-f5022d4f3db45055cf7cf61d,O=C1N([C@@H]2CCCC[C@@H](O)C2)c2nc(Nc3c[nH]nc3Cl)ncc2C12CC2,STUDY-001,CDK1,O=C1N([C@@H]2CCCC[C@@H](O)C2)c2nc(Nc3c[nH]nc3Cl)ncc2C12CC2,O=C1N(C2CCCCC(O)C2)c2nc(Nc3c[nH]nc3Cl)ncc2C12CC2,exposed_development,,,O=C1N([C@@H]2CCCC[C@@H](O)C2)c2nc(Nc3c[nH]nc3Cl)ncc2C12CC2
CTX-CDK2,HC-ebf98fb38e148327eba73ed9,HG-d560e234ba08ca1d9d221ab1,7.267606240177031,development,=,HR-74258748a6f85fe4affcf9cd,HS-f5022d4f3db45055cf7cf61d,Cn1cc(Oc2n[nH]cc2Nc2ncc3c(n2)N([C@@H]2CCC[C@@H](O)C2)C(=O)C32CC2)cn1,STUDY-001,CDK2,Cn1cc(Oc2n[nH]cc2Nc2ncc3c(n2)N([C@@H]2CCC[C@@H](O)C2)C(=O)C32CC2)cn1,Cn1cc(Oc2n[nH]cc2Nc2ncc3c(n2)N(C2CCCC(O)C2)C(=O)C32CC2)cn1,exposed_development,,,Cn1cc(Oc2n[nH]cc2Nc2ncc3c(n2)N([C@@H]2CCC[C@@H](O)C2)C(=O)C32CC2)cn1
CTX-CDK1,HC-ebf98fb38e148327eba73ed9,HG-d560e234ba08ca1d9d221ab1,5.5003129173815966,development,=,HR-abd84b63f2a8f4652af3bdaa,HS-f5022d4f3db45055cf7cf61d,Cn1cc(Oc2n[nH]cc2Nc2ncc3c(n2)N([C@@H]2CCC[C@@H](O)C2)C(=O)C32CC2)cn1,STUDY-001,CDK1,Cn1cc(Oc2n[nH]cc2Nc2ncc3c(n2)N([C@@H]2CCC[C@@H](O)C2)C(=O)C32CC2)cn1,Cn1cc(Oc2n[nH]cc2Nc2ncc3c(n2)N(C2CCCC(O)C2)C(=O)C32CC2)cn1,exposed_development,,,Cn1cc(Oc2n[nH]cc2Nc2ncc3c(n2)N([C@@H]2CCC[C@@H](O)C2)C(=O)C32CC2)cn1
CTX-CDK2,HC-4f389ca3ec30c24d33940bc9,HG-03a13fe4d3c1ef281614bfa5,7.508638306165727,development,=,HR-ee3298327863b410db57e049,HS-f5022d4f3db45055cf7cf61d,Cc1c(-c2n[nH]cc2Nc2ncc3c(n2)N([C@@H]2CCC[C@@H](O)C2)C(=O)C32CC2)cnn1C,STUDY-001,CDK2,Cc1c(-c2n[nH]cc2Nc2ncc3c(n2)N([C@@H]2CCC[C@@H](O)C2)C(=O)C32CC2)cnn1C,Cc1c(-c2n[nH]cc2Nc2ncc3c(n2)N(C2CCCC(O)C2)C(=O)C32CC2)cnn1C,exposed_development,,,Cc1c(-c2n[nH]cc2Nc2ncc3c(n2)N([C@@H]2CCC[C@@H](O)C2)C(=O)C32CC2)cnn1C
CTX-CDK2,HC-ce34681968f73699c4f6878c,HG-6dd1aadcbc09b0a7a5be95e7,7.619788758288394,development,=,HR-555eec9fafc91a50ef60580c,HS-f5022d4f3db45055cf7cf61d,O=C1N([C@@H]2CCC[C@@H](O)C2)c2nc(Nc3c[nH]nc3OCCO)ncc2C12CC2,STUDY-001,CDK2,O=C1N([C@@H]2CCC[C@@H](O)C2)c2nc(Nc3c[nH]nc3OCCO)ncc2C12CC2,O=C1N(C2CCCC(O)C2)c2nc(Nc3c[nH]nc3OCCO)ncc2C12CC2,exposed_development,,,O=C1N([C@@H]2CCC[C@@H](O)C2)c2nc(Nc3c[nH]nc3OCCO)ncc2C12CC2
CTX-CDK1,HC-ce34681968f73699c4f6878c,HG-6dd1aadcbc09b0a7a5be95e7,5.427128397799519,development,=,HR-c14a2bebc2739151cf30108f,HS-f5022d4f3db45055cf7cf61d,O=C1N([C@@H]2CCC[C@@H](O)C2)c2nc(Nc3c[nH]nc3OCCO)ncc2C12CC2,STUDY-001,CDK1,O=C1N([C@@H]2CCC[C@@H](O)C2)c2nc(Nc3c[nH]nc3OCCO)ncc2C12CC2,O=C1N(C2CCCC(O)C2)c2nc(Nc3c[nH]nc3OCCO)ncc2C12CC2,exposed_development,,,O=C1N([C@@H]2CCC[C@@H](O)C2)c2nc(Nc3c[nH]nc3OCCO)ncc2C12CC2
CTX-CDK2,HC-0e61d12135d0e4cf103c865a,HG-9dc7db6b64cfcded9b1b6b8a,6.790484985457369,development,=,HR-a41936f19da1cc3a40cec56e,HS-f5022d4f3db45055cf7cf61d,O=C1N([C@@H]2CCC[C@@H](O)C2)c2nc(Nc3c[nH]nc3-c3ccccn3)ncc2C12CC2,STUDY-001,CDK2,O=C1N([C@@H]2CCC[C@@H](O)C2)c2nc(Nc3c[nH]nc3-c3ccccn3)ncc2C12CC2,O=C1N(C2CCCC(O)C2)c2nc(Nc3c[nH]nc3-c3ccccn3)ncc2C12CC2,exposed_development,,,O=C1N([C@@H]2CCC[C@@H](O)C2)c2nc(Nc3c[nH]nc3-c3ccccn3)ncc2C12CC2
CTX-CDK2,HC-ef6de8e9d45c5fe0e57df35a,HG-ba856cbca32df17918e63466,7.920818753952375,development,=,HR-27e8fda168e30d8831fa631d,HS-f5022d4f3db45055cf7cf61d,O=C1N([C@@H]2CCC[C@@H](O)C2)c2nc(Nc3c[nH]nc3-c3cnn4ccncc34)ncc2C12CC2,STUDY-001,CDK2,O=C1N([C@@H]2CCC[C@@H](O)C2)c2nc(Nc3c[nH]nc3-c3cnn4ccncc34)ncc2C12CC2,O=C1N(C2CCCC(O)C2)c2nc(Nc3c[nH]nc3-c3cnn4ccncc34)ncc2C12CC2,exposed_development,,,O=C1N([C@@H]2CCC[C@@H](O)C2)c2nc(Nc3c[nH]nc3-c3cnn4ccncc34)ncc2C12CC2
CTX-CDK1,HC-ef6de8e9d45c5fe0e57df35a,HG-ba856cbca32df17918e63466,5.6595558851598815,development,=,HR-18a1c214ae009298442dbbfe,HS-f5022d4f3db45055cf7cf61d,O=C1N([C@@H]2CCC[C@@H](O)C2)c2nc(Nc3c[nH]nc3-c3cnn4ccncc34)ncc2C12CC2,STUDY-001,CDK1,O=C1N([C@@H]2CCC[C@@H](O)C2)c2nc(Nc3c[nH]nc3-c3cnn4ccncc34)ncc2C12CC2,O=C1N(C2CCCC(O)C2)c2nc(Nc3c[nH]nc3-c3cnn4ccncc34)ncc2C12CC2,exposed_development,,,O=C1N([C@@H]2CCC[C@@H](O)C2)c2nc(Nc3c[nH]nc3-c3cnn4ccncc34)ncc2C12CC2
CTX-CDK2,HC-eefff8b403ec697177217678,HG-36290b45f877bfbb7d986755,7.275724130399211,development,=,HR-30610fd7f0ee47d4c7aff2ab,HS-f5022d4f3db45055cf7cf61d,C[C@]1(O)C[C@H](COc2n[nH]cc2Nc2ncc3c(n2)N([C@@H]2CCC[C@@H](O)C2)C(=O)C32CC2)C1,STUDY-001,CDK2,C[C@]1(O)C[C@H](COc2n[nH]cc2Nc2ncc3c(n2)N([C@@H]2CCC[C@@H](O)C2)C(=O)C32CC2)C1,CC1(O)CC(COc2n[nH]cc2Nc2ncc3c(n2)N(C2CCCC(O)C2)C(=O)C32CC2)C1,exposed_development,,,C[C@]1(O)C[C@H](COc2n[nH]cc2Nc2ncc3c(n2)N([C@@H]2CCC[C@@H](O)C2)C(=O)C32CC2)C1
CTX-CDK1,HC-eefff8b403ec697177217678,HG-36290b45f877bfbb7d986755,5.347753658996677,development,=,HR-e2f38158f502373d08ab53f4,HS-f5022d4f3db45055cf7cf61d,C[C@]1(O)C[C@H](COc2n[nH]cc2Nc2ncc3c(n2)N([C@@H]2CCC[C@@H](O)C2)C(=O)C32CC2)C1,STUDY-001,CDK1,C[C@]1(O)C[C@H](COc2n[nH]cc2Nc2ncc3c(n2)N([C@@H]2CCC[C@@H](O)C2)C(=O)C32CC2)C1,CC1(O)CC(COc2n[nH]cc2Nc2ncc3c(n2)N(C2CCCC(O)C2)C(=O)C32CC2)C1,exposed_development,,,C[C@]1(O)C[C@H](COc2n[nH]cc2Nc2ncc3c(n2)N([C@@H]2CCC[C@@H](O)C2)C(=O)C32CC2)C1
CTX-CDK2,HC-7d858bf05aaf33907ba08157,HG-eb6c4195550877734a57dee9,7.537602002101044,development,=,HR-c9141e25480c9eace810fa55,HS-f5022d4f3db45055cf7cf61d,Cn1cc(-c2n[nH]cc2Nc2ncc3c(n2)N([C@@H]2CCC[C@@H](O)C2)C(=O)C32CC2)cn1,STUDY-001,CDK2,Cn1cc(-c2n[nH]cc2Nc2ncc3c(n2)N([C@@H]2CCC[C@@H](O)C2)C(=O)C32CC2)cn1,Cn1cc(-c2n[nH]cc2Nc2ncc3c(n2)N(C2CCCC(O)C2)C(=O)C32CC2)cn1,exposed_development,,,Cn1cc(-c2n[nH]cc2Nc2ncc3c(n2)N([C@@H]2CCC[C@@H](O)C2)C(=O)C32CC2)cn1
CTX-CDK1,HC-7d858bf05aaf33907ba08157,HG-eb6c4195550877734a57dee9,5.221125527997261,development,=,HR-fecb9abb65eb5d417a904d01,HS-f5022d4f3db45055cf7cf61d,Cn1cc(-c2n[nH]cc2Nc2ncc3c(n2)N([C@@H]2CCC[C@@H](O)C2)C(=O)C32CC2)cn1,STUDY-001,CDK1,Cn1cc(-c2n[nH]cc2Nc2ncc3c(n2)N([C@@H]2CCC[C@@H](O)C2)C(=O)C32CC2)cn1,Cn1cc(-c2n[nH]cc2Nc2ncc3c(n2)N(C2CCCC(O)C2)C(=O)C32CC2)cn1,exposed_development,,,Cn1cc(-c2n[nH]cc2Nc2ncc3c(n2)N([C@@H]2CCC[C@@H](O)C2)C(=O)C32CC2)cn1
CTX-CDK2,HC-330442967ef2f2bee396839a,HG-849bcc0df3198dad262afc45,7.568636235841012,development,=,HR-76e70f23dfe5920b0791bc8b,HS-f5022d4f3db45055cf7cf61d,O=C1N([C@@H]2CCC[C@@H](O)C2)c2nc(Nc3c[nH]nc3OC3(CF)CC3)ncc2C12CC2,STUDY-001,CDK2,O=C1N([C@@H]2CCC[C@@H](O)C2)c2nc(Nc3c[nH]nc3OC3(CF)CC3)ncc2C12CC2,O=C1N(C2CCCC(O)C2)c2nc(Nc3c[nH]nc3OC3(CF)CC3)ncc2C12CC2,exposed_development,,,O=C1N([C@@H]2CCC[C@@H](O)C2)c2nc(Nc3c[nH]nc3OC3(CF)CC3)ncc2C12CC2
CTX-CDK1,HC-330442967ef2f2bee396839a,HG-849bcc0df3198dad262afc45,5.767003889607846,development,=,HR-b0c4ddd9415fb48061038a7a,HS-f5022d4f3db45055cf7cf61d,O=C1N([C@@H]2CCC[C@@H](O)C2)c2nc(Nc3c[nH]nc3OC3(CF)CC3)ncc2C12CC2,STUDY-001,CDK1,O=C1N([C@@H]2CCC[C@@H](O)C2)c2nc(Nc3c[nH]nc3OC3(CF)CC3)ncc2C12CC2,O=C1N(C2CCCC(O)C2)c2nc(Nc3c[nH]nc3OC3(CF)CC3)ncc2C12CC2,exposed_development,,,O=C1N([C@@H]2CCC[C@@H](O)C2)c2nc(Nc3c[nH]nc3OC3(CF)CC3)ncc2C12CC2
CTX-CDK1,HC-ec05550a33416d4af1b10b04,HG-fcf51e9a916bac9834cdccb4,,train,<=,HR-db444ef3eedd642ae9db14ba,HS-f5022d4f3db45055cf7cf61d,COC(=O)c1n[nH]cc1Nc1ncc2c(n1)N([C@@H]1CCC[C@@H](O)C1)C(=O)C21CC1,STUDY-001,CDK1,COC(=O)c1n[nH]cc1Nc1ncc2c(n1)N([C@@H]1CCC[C@@H](O)C1)C(=O)C21CC1,COC(=O)c1n[nH]cc1Nc1ncc2c(n1)N(C1CCCC(O)C1)C(=O)C21CC1,context_bound,5.0,False,COC(=O)c1n[nH]cc1Nc1ncc2c(n1)N([C@@H]1CCC[C@@H](O)C1)C(=O)C21CC1
CTX-CDK1,HC-b0fdf8a04d482f4f42f4b3bd,HG-24338566bf270543925d6472,,train,<=,HR-4287bbfde5f35219279641c2,HS-f5022d4f3db45055cf7cf61d,Cc1cc(Nc2ncc3c(n2)N([C@@H]2CCC[C@@H](O)C2)C(=O)C32CC2)[nH]n1,STUDY-001,CDK1,Cc1cc(Nc2ncc3c(n2)N([C@@H]2CCC[C@@H](O)C2)C(=O)C32CC2)[nH]n1,Cc1cc(Nc2ncc3c(n2)N(C2CCCC(O)C2)C(=O)C32CC2)[nH]n1,context_bound,5.0,False,Cc1cc(Nc2ncc3c(n2)N([C@@H]2CCC[C@@H](O)C2)C(=O)C32CC2)[nH]n1
CTX-CDK1,HC-40678296401d85a1b541c8cd,HG-397586a90a3a281ceba3e695,,train,<=,HR-dca6db0748b7c40d0855b9aa,HS-f5022d4f3db45055cf7cf61d,O=C1N([C@@H]2CCC[C@@H](O)C2)c2nc(Nc3cnn4c3CNCC4)ncc2C12CC2,STUDY-001,CDK1,O=C1N([C@@H]2CCC[C@@H](O)C2)c2nc(Nc3cnn4c3CNCC4)ncc2C12CC2,O=C1N(C2CCCC(O)C2)c2nc(Nc3cnn4c3CNCC4)ncc2C12CC2,context_bound,5.0,False,O=C1N([C@@H]2CCC[C@@H](O)C2)c2nc(Nc3cnn4c3CNCC4)ncc2C12CC2
CTX-CDK1,HC-046be35402a0ebbfeae4a2a0,HG-13453355d963e5e88773b9cc,,train,<=,HR-a4aa2e535971653486a42b48,HS-f5022d4f3db45055cf7cf61d,COCc1ncc(Nc2ncc3c(n2)N([C@@H]2CCC[C@@H](O)C2)C(=O)C32CC2)[nH]1,STUDY-001,CDK1,COCc1ncc(Nc2ncc3c(n2)N([C@@H]2CCC[C@@H](O)C2)C(=O)C32CC2)[nH]1,COCc1ncc(Nc2ncc3c(n2)N(C2CCCC(O)C2)C(=O)C32CC2)[nH]1,context_bound,5.0,False,COCc1ncc(Nc2ncc3c(n2)N([C@@H]2CCC[C@@H](O)C2)C(=O)C32CC2)[nH]1
CTX-CDK1,HC-862148e6286362a6b2359a14,HG-4823f201236ed697b37023d9,,train,<=,HR-c9b4818b40617bb56f7b706d,HS-f5022d4f3db45055cf7cf61d,COc1n[nH]cc1Nc1ncc2c(n1)N([C@@H]1CCCC[C@@H](O)C1)C(=O)C21CC1,STUDY-001,CDK1,COc1n[nH]cc1Nc1ncc2c(n1)N([C@@H]1CCCC[C@@H](O)C1)C(=O)C21CC1,COc1n[nH]cc1Nc1ncc2c(n1)N(C1CCCCC(O)C1)C(=O)C21CC1,context_bound,5.0,False,COc1n[nH]cc1Nc1ncc2c(n1)N([C@@H]1CCCC[C@@H](O)C1)C(=O)C21CC1
CTX-CDK1,HC-4f389ca3ec30c24d33940bc9,HG-03a13fe4d3c1ef281614bfa5,,development,<=,HR-2cab70ecdb6e90de6af1fa5d,HS-f5022d4f3db45055cf7cf61d,Cc1c(-c2n[nH]cc2Nc2ncc3c(n2)N([C@@H]2CCC[C@@H](O)C2)C(=O)C32CC2)cnn1C,STUDY-001,CDK1,Cc1c(-c2n[nH]cc2Nc2ncc3c(n2)N([C@@H]2CCC[C@@H](O)C2)C(=O)C32CC2)cnn1C,Cc1c(-c2n[nH]cc2Nc2ncc3c(n2)N(C2CCCC(O)C2)C(=O)C32CC2)cnn1C,context_bound,5.0,False,Cc1c(-c2n[nH]cc2Nc2ncc3c(n2)N([C@@H]2CCC[C@@H](O)C2)C(=O)C32CC2)cnn1C
CTX-CDK1,HC-ebfb3b8b9aea5d5941934588,HG-eb7db9fdebae39d4b07e8961,,train,<=,HR-042503c9fd9beab139c349b7,HS-f5022d4f3db45055cf7cf61d,O=C1N([C@@H]2CCC[C@@H](O)C2)c2nc(Nc3c[nH]nc3OC3CN(CC(F)(F)F)C3)ncc2C12CC2,STUDY-001,CDK1,O=C1N([C@@H]2CCC[C@@H](O)C2)c2nc(Nc3c[nH]nc3OC3CN(CC(F)(F)F)C3)ncc2C12CC2,O=C1N(C2CCCC(O)C2)c2nc(Nc3c[nH]nc3OC3CN(CC(F)(F)F)C3)ncc2C12CC2,context_bound,5.0,False,O=C1N([C@@H]2CCC[C@@H](O)C2)c2nc(Nc3c[nH]nc3OC3CN(CC(F)(F)F)C3)ncc2C12CC2
CTX-CDK1,HC-dd08ed6610f74ef444967503,HG-7653a14187437b47a5dcf8e4,,train,<=,HR-c49fdc341f5226ff65d9b3c2,HS-f5022d4f3db45055cf7cf61d,CN1C[C@@H](F)[C@H](Oc2n[nH]cc2Nc2ncc3c(n2)N([C@@H]2CCC[C@@H](O)C2)C(=O)C32CC2)C1,STUDY-001,CDK1,CN1C[C@@H](F)[C@H](Oc2n[nH]cc2Nc2ncc3c(n2)N([C@@H]2CCC[C@@H](O)C2)C(=O)C32CC2)C1,CN1CC(F)C(Oc2n[nH]cc2Nc2ncc3c(n2)N(C2CCCC(O)C2)C(=O)C32CC2)C1,context_bound,5.0,False,CN1C[C@@H](F)[C@H](Oc2n[nH]cc2Nc2ncc3c(n2)N([C@@H]2CCC[C@@H](O)C2)C(=O)C32CC2)C1
CTX-CDK1,HC-f0fb35cb2dd27e28368bc0c6,HG-7653a14187437b47a5dcf8e4,,train,<=,HR-47c1cdea202757b1b4838fa4,HS-f5022d4f3db45055cf7cf61d,CN1C[C@H](Oc2n[nH]cc2Nc2ncc3c(n2)N([C@@H]2CCC[C@@H](O)C2)C(=O)C32CC2)[C@@H](F)C1,STUDY-001,CDK1,CN1C[C@H](Oc2n[nH]cc2Nc2ncc3c(n2)N([C@@H]2CCC[C@@H](O)C2)C(=O)C32CC2)[C@@H](F)C1,CN1CC(F)C(Oc2n[nH]cc2Nc2ncc3c(n2)N(C2CCCC(O)C2)C(=O)C32CC2)C1,context_bound,5.0,False,CN1C[C@@H](F)[C@H](Oc2n[nH]cc2Nc2ncc3c(n2)N([C@@H]2CCC[C@@H](O)C2)C(=O)C32CC2)C1
CTX-CDK1,HC-eb8b9e03abf2ca9d02026aff,HG-ced2f5c9f4f7c2691e194193,,train,<=,HR-71b0d06eb5e65ad976e950ed,HS-f5022d4f3db45055cf7cf61d,CC(=O)N1CC2(CC(COc3n[nH]cc3Nc3ncc4c(n3)N([C@@H]3CCC[C@@H](O)C3)C(=O)C43CC3)C2)C1,STUDY-001,CDK1,CC(=O)N1CC2(CC(COc3n[nH]cc3Nc3ncc4c(n3)N([C@@H]3CCC[C@@H](O)C3)C(=O)C43CC3)C2)C1,CC(=O)N1CC2(CC(COc3n[nH]cc3Nc3ncc4c(n3)N(C3CCCC(O)C3)C(=O)C43CC3)C2)C1,context_bound,5.0,False,CC(=O)N1CC2(CC(COc3n[nH]cc3Nc3ncc4c(n3)N([C@@H]3CCC[C@@H](O)C3)C(=O)C43CC3)C2)C1
CTX-CDK1,HC-7e4a441cd02054699398e77a,HG-73aab3a4cdc1530811fa977d,,train,<=,HR-d828880e1e6dd968368cd2ab,HS-f5022d4f3db45055cf7cf61d,O=C1N([C@@H]2CCC[C@@H](O)C2)c2nc(Nc3c[nH]nc3OCC3CC4(COC4)C3)ncc2C12CC2,STUDY-001,CDK1,O=C1N([C@@H]2CCC[C@@H](O)C2)c2nc(Nc3c[nH]nc3OCC3CC4(COC4)C3)ncc2C12CC2,O=C1N(C2CCCC(O)C2)c2nc(Nc3c[nH]nc3OCC3CC4(COC4)C3)ncc2C12CC2,context_bound,5.0,False,O=C1N([C@@H]2CCC[C@@H](O)C2)c2nc(Nc3c[nH]nc3OCC3CC4(COC4)C3)ncc2C12CC2
CTX-CDK1,HC-0e61d12135d0e4cf103c865a,HG-9dc7db6b64cfcded9b1b6b8a,,development,<=,HR-33ae32fc2c30dad0f3066755,HS-f5022d4f3db45055cf7cf61d,O=C1N([C@@H]2CCC[C@@H](O)C2)c2nc(Nc3c[nH]nc3-c3ccccn3)ncc2C12CC2,STUDY-001,CDK1,O=C1N([C@@H]2CCC[C@@H](O)C2)c2nc(Nc3c[nH]nc3-c3ccccn3)ncc2C12CC2,O=C1N(C2CCCC(O)C2)c2nc(Nc3c[nH]nc3-c3ccccn3)ncc2C12CC2,context_bound,5.0,False,O=C1N([C@@H]2CCC[C@@H](O)C2)c2nc(Nc3c[nH]nc3-c3ccccn3)ncc2C12CC2
CTX-CDK1,HC-73007618db6a4686b9849357,HG-792fc1c93190867faac66033,,train,<=,HR-330416193601f8b73e7f5574,HS-f5022d4f3db45055cf7cf61d,O=C1N([C@@H]2CCC[C@@H](O)C2)c2nc(Nc3c[nH]nc3-c3cnn4c3CCCC4)ncc2C12CC2,STUDY-001,CDK1,O=C1N([C@@H]2CCC[C@@H](O)C2)c2nc(Nc3c[nH]nc3-c3cnn4c3CCCC4)ncc2C12CC2,O=C1N(C2CCCC(O)C2)c2nc(Nc3c[nH]nc3-c3cnn4c3CCCC4)ncc2C12CC2,context_bound,5.0,False,O=C1N([C@@H]2CCC[C@@H](O)C2)c2nc(Nc3c[nH]nc3-c3cnn4c3CCCC4)ncc2C12CC2
CTX-CDK1,HC-6ed48c1d15c50be7cd6cf34d,HG-cee79b5379a84b96b292c391,,train,<=,HR-0137844939c29b9c1a805a4c,HS-f5022d4f3db45055cf7cf61d,O=C1N([C@@H]2CCC[C@@H](O)C2)c2nc(Nc3c[nH]nc3OC3CCOCC3)ncc2C12CC2,STUDY-001,CDK1,O=C1N([C@@H]2CCC[C@@H](O)C2)c2nc(Nc3c[nH]nc3OC3CCOCC3)ncc2C12CC2,O=C1N(C2CCCC(O)C2)c2nc(Nc3c[nH]nc3OC3CCOCC3)ncc2C12CC2,context_bound,5.0,False,O=C1N([C@@H]2CCC[C@@H](O)C2)c2nc(Nc3c[nH]nc3OC3CCOCC3)ncc2C12CC2
CTX-CDK1,HC-34f9af60e80c3405011799c6,HG-9f80ced2c651bd85a1ea8987,,train,<=,HR-d86e2c71efc4a7c438c217db,HS-f5022d4f3db45055cf7cf61d,Cn1ncc(-c2n[nH]cc2Nc2ncc3c(n2)N([C@@H]2CCC[C@@H](O)C2)C(=O)C32CC2)c1C(F)(F)F,STUDY-001,CDK1,Cn1ncc(-c2n[nH]cc2Nc2ncc3c(n2)N([C@@H]2CCC[C@@H](O)C2)C(=O)C32CC2)c1C(F)(F)F,Cn1ncc(-c2n[nH]cc2Nc2ncc3c(n2)N(C2CCCC(O)C2)C(=O)C32CC2)c1C(F)(F)F,context_bound,5.0,False,Cn1ncc(-c2n[nH]cc2Nc2ncc3c(n2)N([C@@H]2CCC[C@@H](O)C2)C(=O)C32CC2)c1C(F)(F)F
