canonical,CDK1,CDK2,compound_id,connectivity,validation_group,partition,delta_p,delta_lower_bound,ratio,ratio_lower_bound
CC#Cc1n[nH]cc1Nc1ncc2c(n1)N([C@@H]1CCC[C@@H](O)C1)C(=O)C21CC1,5.450996737974212,7.795880017344075,HC-ef4a78258d4af256028e632a,CC#Cc1n[nH]cc1Nc1ncc2c(n1)N(C1CCCC(O)C1)C(=O)C21CC1,CC#Cc1n[nH]cc1Nc1ncc2c(n1)N([C@@H]1CCC[C@@H](O)C1)C(=O)C21CC1,train,2.3448832793698626,,221.2499999999998,
CC(=O)N1CC2(CC(COc3n[nH]cc3Nc3ncc4c(n3)N([C@@H]3CCC[C@@H](O)C3)C(=O)C43CC3)C2)C1,,6.730487055782084,HC-eb8b9e03abf2ca9d02026aff,CC(=O)N1CC2(CC(COc3n[nH]cc3Nc3ncc4c(n3)N(C3CCCC(O)C3)C(=O)C43CC3)C2)C1,CC(=O)N1CC2(CC(COc3n[nH]cc3Nc3ncc4c(n3)N([C@@H]3CCC[C@@H](O)C3)C(=O)C43CC3)C2)C1,train,,1.730487055782084,,53.763440860215084
CCOc1n[nH]cc1Nc1ncc2c(n1)N([C@@H]1CCC[C@@H](O)C1)C(=O)C21CC1,5.614393726401688,7.823908740944319,HC-4f081b6936afd38a189ea800,CCOc1n[nH]cc1Nc1ncc2c(n1)N(C1CCCC(O)C1)C(=O)C21CC1,CCOc1n[nH]cc1Nc1ncc2c(n1)N([C@@H]1CCC[C@@H](O)C1)C(=O)C21CC1,train,2.2095150145426308,,161.99999999999994,
CN1C[C@@H](F)[C@H](Oc2n[nH]cc2Nc2ncc3c(n2)N([C@@H]2CCC[C@@H](O)C2)C(=O)C32CC2)C1,,6.903089986991944,HC-dd08ed6610f74ef444967503,CN1CC(F)C(Oc2n[nH]cc2Nc2ncc3c(n2)N(C2CCCC(O)C2)C(=O)C32CC2)C1,CN1C[C@@H](F)[C@H](Oc2n[nH]cc2Nc2ncc3c(n2)N([C@@H]2CCC[C@@H](O)C2)C(=O)C32CC2)C1,train,,1.9030899869919438,,80.00000000000003
CN1C[C@H](Oc2n[nH]cc2Nc2ncc3c(n2)N([C@@H]2CCC[C@@H](O)C2)C(=O)C32CC2)[C@@H](F)C1,,6.924453038607469,HC-f0fb35cb2dd27e28368bc0c6,CN1CC(F)C(Oc2n[nH]cc2Nc2ncc3c(n2)N(C2CCCC(O)C2)C(=O)C32CC2)C1,CN1C[C@@H](F)[C@H](Oc2n[nH]cc2Nc2ncc3c(n2)N([C@@H]2CCC[C@@H](O)C2)C(=O)C32CC2)C1,train,,1.924453038607469,,84.0336134453781
COC(=O)c1n[nH]cc1Nc1ncc2c(n1)N([C@@H]1CCC[C@@H](O)C1)C(=O)C21CC1,,7.017728766960431,HC-ec05550a33416d4af1b10b04,COC(=O)c1n[nH]cc1Nc1ncc2c(n1)N(C1CCCC(O)C1)C(=O)C21CC1,COC(=O)c1n[nH]cc1Nc1ncc2c(n1)N([C@@H]1CCC[C@@H](O)C1)C(=O)C21CC1,train,,2.017728766960431,,104.16666666666656
COCC(F)(F)COc1n[nH]cc1Nc1ncc2c(n1)N([C@@H]1CCC[C@@H](O)C1)C(=O)C21CC1,5.7423214251308154,7.823908740944319,HC-94c06e78f7a2ec72f42e67ba,COCC(F)(F)COc1n[nH]cc1Nc1ncc2c(n1)N(C1CCCC(O)C1)C(=O)C21CC1,COCC(F)(F)COc1n[nH]cc1Nc1ncc2c(n1)N([C@@H]1CCC[C@@H](O)C1)C(=O)C21CC1,train,2.081587315813503,,120.66666666666664,
COCCn1cc(Nc2ncc3c(n2)N([C@@H]2CCC[C@@H](O)C2)C(=O)C32CC2)cn1,5.627087997029894,7.309803919971486,HC-93e9a06fe6c2c6fa40306e6e,COCCn1cc(Nc2ncc3c(n2)N(C2CCCC(O)C2)C(=O)C32CC2)cn1,COCCn1cc(Nc2ncc3c(n2)N([C@@H]2CCC[C@@H](O)C2)C(=O)C32CC2)cn1,train,1.6827159229415924,,48.1632653061224,
COCc1n[nH]cc1Nc1ncc2c(n1)N([C@@H]1CCC[C@@H](O)C1)C(=O)C21CC1,5.6020599913279625,7.769551078621726,HC-4f5cb5bc55d1e5e13b24d99e,COCc1n[nH]cc1Nc1ncc2c(n1)N(C1CCCC(O)C1)C(=O)C21CC1,COCc1n[nH]cc1Nc1ncc2c(n1)N([C@@H]1CCC[C@@H](O)C1)C(=O)C21CC1,train,2.1674910872937634,,147.05882352941165,
COCc1ncc(Nc2ncc3c(n2)N([C@@H]2CCC[C@@H](O)C2)C(=O)C32CC2)[nH]1,,5.8683813356508745,HC-046be35402a0ebbfeae4a2a0,COCc1ncc(Nc2ncc3c(n2)N(C2CCCC(O)C2)C(=O)C32CC2)[nH]1,COCc1ncc(Nc2ncc3c(n2)N([C@@H]2CCC[C@@H](O)C2)C(=O)C32CC2)[nH]1,train,,0.8683813356508745,,7.385524372230429
CO[C@H]1C[C@H](Oc2n[nH]cc2Nc2ncc3c(n2)N([C@@H]2CCC[C@@H](O)C2)C(=O)C32CC2)C1,5.5968794788241825,7.585026652029182,HC-4c60398359e068a84858cc32,COC1CC(Oc2n[nH]cc2Nc2ncc3c(n2)N(C2CCCC(O)C2)C(=O)C32CC2)C1,CO[C@H]1C[C@H](Oc2n[nH]cc2Nc2ncc3c(n2)N([C@@H]2CCC[C@@H](O)C2)C(=O)C32CC2)C1,train,1.9881471732049993,,97.30769230769216,
COc1n[nH]cc1Nc1ncc2c(n1)N([C@@H]1CCCC[C@@H](O)C1)C(=O)C21CC1,,6.943095148663527,HC-862148e6286362a6b2359a14,COc1n[nH]cc1Nc1ncc2c(n1)N(C1CCCCC(O)C1)C(=O)C21CC1,COc1n[nH]cc1Nc1ncc2c(n1)N([C@@H]1CCCC[C@@H](O)C1)C(=O)C21CC1,train,,1.9430951486635273,,87.71929824561401
COc1n[nH]cc1Nc1ncc2c(n1)N([C@@H]1CCC[C@@H](O)C1)C(=O)C21CC1,5.649751981665837,7.698970004336019,HC-531184aadd5ff6a7c11ef62f,COc1n[nH]cc1Nc1ncc2c(n1)N(C1CCCC(O)C1)C(=O)C21CC1,COc1n[nH]cc1Nc1ncc2c(n1)N([C@@H]1CCC[C@@H](O)C1)C(=O)C21CC1,train,2.049218022670182,,112.00000000000009,
CSc1n[nH]cc1Nc1ncc2c(n1)N([C@@H]1CCC[C@@H](O)C1)C(=O)C21CC1,5.274088367704952,7.508638306165727,HC-4dd3ecbe79447d1307a0f09d,CSc1n[nH]cc1Nc1ncc2c(n1)N(C1CCCC(O)C1)C(=O)C21CC1,CSc1n[nH]cc1Nc1ncc2c(n1)N([C@@H]1CCC[C@@H](O)C1)C(=O)C21CC1,train,2.234549938460775,,171.61290322580632,
C[C@]1(O)C[C@H](COc2n[nH]cc2Nc2ncc3c(n2)N([C@@H]2CCC[C@@H](O)C2)C(=O)C32CC2)C1,5.347753658996677,7.275724130399211,HC-eefff8b403ec697177217678,CC1(O)CC(COc2n[nH]cc2Nc2ncc3c(n2)N(C2CCCC(O)C2)C(=O)C32CC2)C1,C[C@]1(O)C[C@H](COc2n[nH]cc2Nc2ncc3c(n2)N([C@@H]2CCC[C@@H](O)C2)C(=O)C32CC2)C1,development,1.927970471402534,,84.71698113207546,
Cc1c(-c2n[nH]cc2Nc2ncc3c(n2)N([C@@H]2CCC[C@@H](O)C2)C(=O)C32CC2)cnn1C,,7.508638306165727,HC-4f389ca3ec30c24d33940bc9,Cc1c(-c2n[nH]cc2Nc2ncc3c(n2)N(C2CCCC(O)C2)C(=O)C32CC2)cnn1C,Cc1c(-c2n[nH]cc2Nc2ncc3c(n2)N([C@@H]2CCC[C@@H](O)C2)C(=O)C32CC2)cnn1C,development,,2.508638306165727,,322.58064516129
Cc1cc(Nc2ncc3c(n2)N([C@@H]2CCC[C@@H](O)C2)C(=O)C32CC2)[nH]n1,,5.950781977329818,HC-b0fdf8a04d482f4f42f4b3bd,Cc1cc(Nc2ncc3c(n2)N(C2CCCC(O)C2)C(=O)C32CC2)[nH]n1,Cc1cc(Nc2ncc3c(n2)N([C@@H]2CCC[C@@H](O)C2)C(=O)C32CC2)[nH]n1,train,,0.9507819773298181,,8.928571428571422
Cc1n[nH]cc1Nc1ncc2c(n1)N([C@@H]1CCCC[C@@H](O)C1)C(=O)C21CC1,5.347753658996677,7.3872161432802645,HC-2d0718c2679a9918f84b70f2,Cc1n[nH]cc1Nc1ncc2c(n1)N(C1CCCCC(O)C1)C(=O)C21CC1,Cc1n[nH]cc1Nc1ncc2c(n1)N([C@@H]1CCCC[C@@H](O)C1)C(=O)C21CC1,train,2.039462484283588,,109.51219512195125,
Cc1n[nH]cc1Nc1ncc2c(n1)N([C@@H]1CCC[C@@H](O)C1)C(=O)C21CC1,5.91721462968355,7.7447274948966935,HC-5a536d0bca07fe58c59070f2,Cc1n[nH]cc1Nc1ncc2c(n1)N(C1CCCC(O)C1)C(=O)C21CC1,Cc1n[nH]cc1Nc1ncc2c(n1)N([C@@H]1CCC[C@@H](O)C1)C(=O)C21CC1,train,1.8275128652131434,,67.22222222222213,
Cc1n[nH]cc1Nc1ncc2c(n1)N([C@H]1C[C@H](O)CC(C)(C)C1)C(=O)C21CC1,5.2225731776106885,6.866461091629782,HC-9ca190aed0660d2adc247ebc,Cc1n[nH]cc1Nc1ncc2c(n1)N(C1CC(O)CC(C)(C)C1)C(=O)C21CC1,Cc1n[nH]cc1Nc1ncc2c(n1)N([C@H]1C[C@H](O)CC(C)(C)C1)C(=O)C21CC1,development,1.6438879140190936,,44.0441176470588,
Cn1cc(-c2n[nH]cc2Nc2ncc3c(n2)N([C@@H]2CCC[C@@H](O)C2)C(=O)C32CC2)cn1,5.221125527997261,7.537602002101044,HC-7d858bf05aaf33907ba08157,Cn1cc(-c2n[nH]cc2Nc2ncc3c(n2)N(C2CCCC(O)C2)C(=O)C32CC2)cn1,Cn1cc(-c2n[nH]cc2Nc2ncc3c(n2)N([C@@H]2CCC[C@@H](O)C2)C(=O)C32CC2)cn1,development,2.3164764741037835,,207.24137931034488,
Cn1cc(Nc2ncc3c(n2)N([C@@H]2CCC[C@@H](O)C2)C(=O)C32CC2)cn1,5.812479279163537,7.42021640338319,HC-7aad80e164dd6a9989eb4fcf,Cn1cc(Nc2ncc3c(n2)N(C2CCCC(O)C2)C(=O)C32CC2)cn1,Cn1cc(Nc2ncc3c(n2)N([C@@H]2CCC[C@@H](O)C2)C(=O)C32CC2)cn1,development,1.6077371242196525,,40.52631578947365,
Cn1cc(Oc2n[nH]cc2Nc2ncc3c(n2)N([C@@H]2CCC[C@@H](O)C2)C(=O)C32CC2)cn1,5.5003129173815966,7.267606240177031,HC-ebf98fb38e148327eba73ed9,Cn1cc(Oc2n[nH]cc2Nc2ncc3c(n2)N(C2CCCC(O)C2)C(=O)C32CC2)cn1,Cn1cc(Oc2n[nH]cc2Nc2ncc3c(n2)N([C@@H]2CCC[C@@H](O)C2)C(=O)C32CC2)cn1,development,1.7672933227954344,,58.51851851851839,
Cn1ncc(-c2n[nH]cc2Nc2ncc3c(n2)N([C@@H]2CCC[C@@H](O)C2)C(=O)C32CC2)c1C(F)(F)F,,7.055517327849831,HC-34f9af60e80c3405011799c6,Cn1ncc(-c2n[nH]cc2Nc2ncc3c(n2)N(C2CCCC(O)C2)C(=O)C32CC2)c1C(F)(F)F,Cn1ncc(-c2n[nH]cc2Nc2ncc3c(n2)N([C@@H]2CCC[C@@H](O)C2)C(=O)C32CC2)c1C(F)(F)F,train,,2.055517327849831,,113.63636363636351
N#CC1(COc2n[nH]cc2Nc2ncc3c(n2)N([C@@H]2CCC[C@@H](O)C2)C(=O)C32CC2)CC1,5.384049948343599,7.638272163982407,HC-f7b21e1e71b0c951f10bd450,N#CC1(COc2n[nH]cc2Nc2ncc3c(n2)N(C2CCCC(O)C2)C(=O)C32CC2)CC1,N#CC1(COc2n[nH]cc2Nc2ncc3c(n2)N([C@@H]2CCC[C@@H](O)C2)C(=O)C32CC2)CC1,train,2.2542222156388076,,179.56521739130415,
N#Cc1n[nH]cc1Nc1ncc2c(n1)N([C@@H]1CCC[C@@H](O)C1)C(=O)C21CC1,6.180456064458132,8.096910013008056,HC-bfbfe1ba07267c7467f4d5e3,N#Cc1n[nH]cc1Nc1ncc2c(n1)N(C1CCCC(O)C1)C(=O)C21CC1,N#Cc1n[nH]cc1Nc1ncc2c(n1)N([C@@H]1CCC[C@@H](O)C1)C(=O)C21CC1,train,1.9164539485499246,,82.4999999999999,
O=C1N([C@@H]2CCCC[C@@H](O)C2)c2nc(Nc3c[nH]nc3Cl)ncc2C12CC2,5.3851027839668655,7.356547323513812,HC-f417a6de46dac061f520d36b,O=C1N(C2CCCCC(O)C2)c2nc(Nc3c[nH]nc3Cl)ncc2C12CC2,O=C1N([C@@H]2CCCC[C@@H](O)C2)c2nc(Nc3c[nH]nc3Cl)ncc2C12CC2,development,1.9714445395469467,,93.63636363636353,
O=C1N([C@@H]2CCC[C@@H](O)C2)c2nc(Nc3c[nH]nc3-c3ccccn3)ncc2C12CC2,,6.790484985457369,HC-0e61d12135d0e4cf103c865a,O=C1N(C2CCCC(O)C2)c2nc(Nc3c[nH]nc3-c3ccccn3)ncc2C12CC2,O=C1N([C@@H]2CCC[C@@H](O)C2)c2nc(Nc3c[nH]nc3-c3ccccn3)ncc2C12CC2,development,,1.7904849854573692,,61.72839506172842
O=C1N([C@@H]2CCC[C@@H](O)C2)c2nc(Nc3c[nH]nc3-c3cnn(C(F)F)c3)ncc2C12CC2,5.636388020107856,8.0,HC-2e0b0f25d59ec06ee68341fa,O=C1N(C2CCCC(O)C2)c2nc(Nc3c[nH]nc3-c3cnn(C(F)F)c3)ncc2C12CC2,O=C1N([C@@H]2CCC[C@@H](O)C2)c2nc(Nc3c[nH]nc3-c3cnn(C(F)F)c3)ncc2C12CC2,train,2.363611979892144,,230.99999999999983,
O=C1N([C@@H]2CCC[C@@H](O)C2)c2nc(Nc3c[nH]nc3-c3cnn4c3CCCC4)ncc2C12CC2,,7.309803919971486,HC-73007618db6a4686b9849357,O=C1N(C2CCCC(O)C2)c2nc(Nc3c[nH]nc3-c3cnn4c3CCCC4)ncc2C12CC2,O=C1N([C@@H]2CCC[C@@H](O)C2)c2nc(Nc3c[nH]nc3-c3cnn4c3CCCC4)ncc2C12CC2,train,,2.309803919971486,,204.08163265306112
O=C1N([C@@H]2CCC[C@@H](O)C2)c2nc(Nc3c[nH]nc3-c3cnn4ccccc34)ncc2C12CC2,5.928117992693875,7.958607314841775,HC-8f710485ebf3f87d21f60884,O=C1N(C2CCCC(O)C2)c2nc(Nc3c[nH]nc3-c3cnn4ccccc34)ncc2C12CC2,O=C1N([C@@H]2CCC[C@@H](O)C2)c2nc(Nc3c[nH]nc3-c3cnn4ccccc34)ncc2C12CC2,train,2.0304893221478997,,107.27272727272711,
O=C1N([C@@H]2CCC[C@@H](O)C2)c2nc(Nc3c[nH]nc3-c3cnn4cccnc34)ncc2C12CC2,6.3872161432802645,8.221848749616356,HC-93bbe4e621673d55f3fd1e2e,O=C1N(C2CCCC(O)C2)c2nc(Nc3c[nH]nc3-c3cnn4cccnc34)ncc2C12CC2,O=C1N([C@@H]2CCC[C@@H](O)C2)c2nc(Nc3c[nH]nc3-c3cnn4cccnc34)ncc2C12CC2,train,1.8346326063360916,,68.33333333333329,
O=C1N([C@@H]2CCC[C@@H](O)C2)c2nc(Nc3c[nH]nc3-c3cnn4ccncc34)ncc2C12CC2,5.6595558851598815,7.920818753952375,HC-ef6de8e9d45c5fe0e57df35a,O=C1N(C2CCCC(O)C2)c2nc(Nc3c[nH]nc3-c3cnn4ccncc34)ncc2C12CC2,O=C1N([C@@H]2CCC[C@@H](O)C2)c2nc(Nc3c[nH]nc3-c3cnn4ccncc34)ncc2C12CC2,development,2.2612628687924934,,182.49999999999994,
O=C1N([C@@H]2CCC[C@@H](O)C2)c2nc(Nc3c[nH]nc3C#Cc3cccnc3)ncc2C12CC2,5.30189945437661,7.4089353929735005,HC-da3608223c73e97e5aa8f685,O=C1N(C2CCCC(O)C2)c2nc(Nc3c[nH]nc3C#Cc3cccnc3)ncc2C12CC2,O=C1N([C@@H]2CCC[C@@H](O)C2)c2nc(Nc3c[nH]nc3C#Cc3cccnc3)ncc2C12CC2,train,2.1070359385968906,,127.94871794871793,
O=C1N([C@@H]2CCC[C@@H](O)C2)c2nc(Nc3c[nH]nc3C(F)F)ncc2C12CC2,6.086186147616283,8.154901959985743,HC-7350858643b60d93c162c48a,O=C1N(C2CCCC(O)C2)c2nc(Nc3c[nH]nc3C(F)F)ncc2C12CC2,O=C1N([C@@H]2CCC[C@@H](O)C2)c2nc(Nc3c[nH]nc3C(F)F)ncc2C12CC2,train,2.06871581236946,,117.14285714285712,
O=C1N([C@@H]2CCC[C@@H](O)C2)c2nc(Nc3c[nH]nc3C3CC3)ncc2C12CC2,5.809668301829708,7.522878745280337,HC-0a648051370c6c4ab21a15c2,O=C1N(C2CCCC(O)C2)c2nc(Nc3c[nH]nc3C3CC3)ncc2C12CC2,O=C1N([C@@H]2CCC[C@@H](O)C2)c2nc(Nc3c[nH]nc3C3CC3)ncc2C12CC2,train,1.7132104434506292,,51.666666666666686,
O=C1N([C@@H]2CCC[C@@H](O)C2)c2nc(Nc3c[nH]nc3CO)ncc2C12CC2,5.531652669587842,7.494850021680094,HC-c707580e4311a12b44cabf6a,O=C1N(C2CCCC(O)C2)c2nc(Nc3c[nH]nc3CO)ncc2C12CC2,O=C1N([C@@H]2CCC[C@@H](O)C2)c2nc(Nc3c[nH]nc3CO)ncc2C12CC2,train,1.9631973520922514,,91.87500000000003,
O=C1N([C@@H]2CCC[C@@H](O)C2)c2nc(Nc3c[nH]nc3Cl)ncc2C12CC2,6.036212172654444,7.920818753952375,HC-3833d651febfd8644c4e9b34,O=C1N(C2CCCC(O)C2)c2nc(Nc3c[nH]nc3Cl)ncc2C12CC2,O=C1N([C@@H]2CCC[C@@H](O)C2)c2nc(Nc3c[nH]nc3Cl)ncc2C12CC2,train,1.8846065812979305,,76.66666666666667,
O=C1N([C@@H]2CCC[C@@H](O)C2)c2nc(Nc3c[nH]nc3O)ncc2C12CC2,5.235077015350112,6.91721462968355,HC-66a1ca61302e3d64e8ec01b6,O=C1N(C2CCCC(O)C2)c2nc(Nc3c[nH]nc3O)ncc2C12CC2,O=C1N([C@@H]2CCC[C@@H](O)C2)c2nc(Nc3c[nH]nc3O)ncc2C12CC2,train,1.6821376143334383,,48.099173553719,
O=C1N([C@@H]2CCC[C@@H](O)C2)c2nc(Nc3c[nH]nc3OC3(CF)CC3)ncc2C12CC2,5.767003889607846,7.568636235841012,HC-330442967ef2f2bee396839a,O=C1N(C2CCCC(O)C2)c2nc(Nc3c[nH]nc3OC3(CF)CC3)ncc2C12CC2,O=C1N([C@@H]2CCC[C@@H](O)C2)c2nc(Nc3c[nH]nc3OC3(CF)CC3)ncc2C12CC2,development,1.8016323462331663,,63.33333333333329,
O=C1N([C@@H]2CCC[C@@H](O)C2)c2nc(Nc3c[nH]nc3OC3CC(F)(F)C3)ncc2C12CC2,5.4156687756324695,7.585026652029182,HC-31dd71ce348836502f42e113,O=C1N(C2CCCC(O)C2)c2nc(Nc3c[nH]nc3OC3CC(F)(F)C3)ncc2C12CC2,O=C1N([C@@H]2CCC[C@@H](O)C2)c2nc(Nc3c[nH]nc3OC3CC(F)(F)C3)ncc2C12CC2,train,2.1693578763967123,,147.6923076923075,
O=C1N([C@@H]2CCC[C@@H](O)C2)c2nc(Nc3c[nH]nc3OC3CCC3)ncc2C12CC2,5.539102157243452,7.585026652029182,HC-50f30cf983b46f1625a11fe5,O=C1N(C2CCCC(O)C2)c2nc(Nc3c[nH]nc3OC3CCC3)ncc2C12CC2,O=C1N([C@@H]2CCC[C@@H](O)C2)c2nc(Nc3c[nH]nc3OC3CCC3)ncc2C12CC2,train,2.04592449478573,,111.15384615384619,
O=C1N([C@@H]2CCC[C@@H](O)C2)c2nc(Nc3c[nH]nc3OC3CCOCC3)ncc2C12CC2,,6.5934598195660445,HC-6ed48c1d15c50be7cd6cf34d,O=C1N(C2CCCC(O)C2)c2nc(Nc3c[nH]nc3OC3CCOCC3)ncc2C12CC2,O=C1N([C@@H]2CCC[C@@H](O)C2)c2nc(Nc3c[nH]nc3OC3CCOCC3)ncc2C12CC2,train,,1.5934598195660445,,39.21568627450978
O=C1N([C@@H]2CCC[C@@H](O)C2)c2nc(Nc3c[nH]nc3OC3CN(CC(F)(F)F)C3)ncc2C12CC2,,6.962573502059376,HC-ebfb3b8b9aea5d5941934588,O=C1N(C2CCCC(O)C2)c2nc(Nc3c[nH]nc3OC3CN(CC(F)(F)F)C3)ncc2C12CC2,O=C1N([C@@H]2CCC[C@@H](O)C2)c2nc(Nc3c[nH]nc3OC3CN(CC(F)(F)F)C3)ncc2C12CC2,train,,1.9625735020593762,,91.743119266055
O=C1N([C@@H]2CCC[C@@H](O)C2)c2nc(Nc3c[nH]nc3OCC(F)(F)F)ncc2C12CC2,6.096910013008056,8.0,HC-f09d8bf1beda158f1bd5b8f5,O=C1N(C2CCCC(O)C2)c2nc(Nc3c[nH]nc3OCC(F)(F)F)ncc2C12CC2,O=C1N([C@@H]2CCC[C@@H](O)C2)c2nc(Nc3c[nH]nc3OCC(F)(F)F)ncc2C12CC2,train,1.9030899869919438,,80.00000000000003,
O=C1N([C@@H]2CCC[C@@H](O)C2)c2nc(Nc3c[nH]nc3OCC(F)F)ncc2C12CC2,6.136677139879544,8.301029995663981,HC-5126418e5255ba63322fe094,O=C1N(C2CCCC(O)C2)c2nc(Nc3c[nH]nc3OCC(F)F)ncc2C12CC2,O=C1N([C@@H]2CCC[C@@H](O)C2)c2nc(Nc3c[nH]nc3OCC(F)F)ncc2C12CC2,train,2.164352855784437,,146.00000000000003,
O=C1N([C@@H]2CCC[C@@H](O)C2)c2nc(Nc3c[nH]nc3OCC3(F)CC3)ncc2C12CC2,6.113509274827518,7.958607314841775,HC-d67d3ab2b0b3d15381422ef8,O=C1N(C2CCCC(O)C2)c2nc(Nc3c[nH]nc3OCC3(F)CC3)ncc2C12CC2,O=C1N([C@@H]2CCC[C@@H](O)C2)c2nc(Nc3c[nH]nc3OCC3(F)CC3)ncc2C12CC2,train,1.845098040014257,,70.00000000000001,
O=C1N([C@@H]2CCC[C@@H](O)C2)c2nc(Nc3c[nH]nc3OCC3(F)COC3)ncc2C12CC2,5.488116639021126,7.657577319177793,HC-5583f266015cd435ef65c84c,O=C1N(C2CCCC(O)C2)c2nc(Nc3c[nH]nc3OCC3(F)COC3)ncc2C12CC2,O=C1N([C@@H]2CCC[C@@H](O)C2)c2nc(Nc3c[nH]nc3OCC3(F)COC3)ncc2C12CC2,train,2.169460680156668,,147.7272727272726,
O=C1N([C@@H]2CCC[C@@H](O)C2)c2nc(Nc3c[nH]nc3OCC3CC3)ncc2C12CC2,5.982966660701219,8.096910013008056,HC-3dc6ec245d2862ec30bac576,O=C1N(C2CCCC(O)C2)c2nc(Nc3c[nH]nc3OCC3CC3)ncc2C12CC2,O=C1N([C@@H]2CCC[C@@H](O)C2)c2nc(Nc3c[nH]nc3OCC3CC3)ncc2C12CC2,train,2.113943352306837,,130.00000000000006,
O=C1N([C@@H]2CCC[C@@H](O)C2)c2nc(Nc3c[nH]nc3OCC3CC4(COC4)C3)ncc2C12CC2,,6.872895201635192,HC-7e4a441cd02054699398e77a,O=C1N(C2CCCC(O)C2)c2nc(Nc3c[nH]nc3OCC3CC4(COC4)C3)ncc2C12CC2,O=C1N([C@@H]2CCC[C@@H](O)C2)c2nc(Nc3c[nH]nc3OCC3CC4(COC4)C3)ncc2C12CC2,train,,1.8728952016351919,,74.6268656716417
O=C1N([C@@H]2CCC[C@@H](O)C2)c2nc(Nc3c[nH]nc3OCCF)ncc2C12CC2,5.920818753952375,8.154901959985743,HC-f62b975cee248388caed4d95,O=C1N(C2CCCC(O)C2)c2nc(Nc3c[nH]nc3OCCF)ncc2C12CC2,O=C1N([C@@H]2CCC[C@@H](O)C2)c2nc(Nc3c[nH]nc3OCCF)ncc2C12CC2,train,2.234083206033368,,171.4285714285715,
O=C1N([C@@H]2CCC[C@@H](O)C2)c2nc(Nc3c[nH]nc3OCCO)ncc2C12CC2,5.427128397799519,7.619788758288394,HC-ce34681968f73699c4f6878c,O=C1N(C2CCCC(O)C2)c2nc(Nc3c[nH]nc3OCCO)ncc2C12CC2,O=C1N([C@@H]2CCC[C@@H](O)C2)c2nc(Nc3c[nH]nc3OCCO)ncc2C12CC2,development,2.1926603604888744,,155.8333333333334,
O=C1N([C@@H]2CCC[C@@H](O)C2)c2nc(Nc3c[nH]nc3OC[C@@H]3CCOC3)ncc2C12CC2,5.11975822410452,7.356547323513812,HC-0827e4e120875d7aa5194d6a,O=C1N(C2CCCC(O)C2)c2nc(Nc3c[nH]nc3OCC3CCOC3)ncc2C12CC2,O=C1N([C@@H]2CCC[C@@H](O)C2)c2nc(Nc3c[nH]nc3OC[C@@H]3CCOC3)ncc2C12CC2,train,2.2367890994092923,,172.49999999999974,
O=C1N([C@@H]2CCC[C@@H](O)C2)c2nc(Nc3c[nH]nc3OC[C@H]3CCOC3)ncc2C12CC2,5.1249387366083,7.214670164989233,HC-744d18720e0816664a6f88cf,O=C1N(C2CCCC(O)C2)c2nc(Nc3c[nH]nc3OCC3CCOC3)ncc2C12CC2,O=C1N([C@@H]2CCC[C@@H](O)C2)c2nc(Nc3c[nH]nc3OC[C@@H]3CCOC3)ncc2C12CC2,train,2.089731428380933,,122.95081967213113,
O=C1N([C@@H]2CCC[C@@H](O)C2)c2nc(Nc3c[nH]nc3OC[C@H]3COCC3(F)F)ncc2C12CC2,5.482804102050026,7.494850021680094,HC-febdaa1aad2e1f92fe314828,O=C1N(C2CCCC(O)C2)c2nc(Nc3c[nH]nc3OCC3COCC3(F)F)ncc2C12CC2,O=C1N([C@@H]2CCC[C@@H](O)C2)c2nc(Nc3c[nH]nc3OC[C@H]3COCC3(F)F)ncc2C12CC2,train,2.0120459196300677,,102.81249999999986,
O=C1N([C@@H]2CCC[C@@H](O)C2)c2nc(Nc3c[nH]nc3OC[C@H]3COCCO3)ncc2C12CC2,5.374687549038326,7.292429823902063,HC-1a4f70baa270a9c7c05faee5,O=C1N(C2CCCC(O)C2)c2nc(Nc3c[nH]nc3OCC3COCCO3)ncc2C12CC2,O=C1N([C@@H]2CCC[C@@H](O)C2)c2nc(Nc3c[nH]nc3OC[C@H]3COCCO3)ncc2C12CC2,train,1.9177422748637376,,82.7450980392157,
O=C1N([C@@H]2CCC[C@@H](O)C2)c2nc(Nc3c[nH]nc3O[C@@H]3CC3(F)F)ncc2C12CC2,6.086186147616283,8.221848749616356,HC-b7914dc349fa7a633fc06fe6,O=C1N(C2CCCC(O)C2)c2nc(Nc3c[nH]nc3OC3CC3(F)F)ncc2C12CC2,O=C1N([C@@H]2CCC[C@@H](O)C2)c2nc(Nc3c[nH]nc3O[C@H]3CC3(F)F)ncc2C12CC2,train,2.135662602000073,,136.6666666666666,
O=C1N([C@@H]2CCC[C@@H](O)C2)c2nc(Nc3c[nH]nc3O[C@H]3CC3(F)F)ncc2C12CC2,6.096910013008056,8.221848749616356,HC-a86718b706208a06340fb465,O=C1N(C2CCCC(O)C2)c2nc(Nc3c[nH]nc3OC3CC3(F)F)ncc2C12CC2,O=C1N([C@@H]2CCC[C@@H](O)C2)c2nc(Nc3c[nH]nc3O[C@H]3CC3(F)F)ncc2C12CC2,train,2.1249387366083,,133.33333333333331,
O=C1N([C@@H]2CCC[C@@H](O)C2)c2nc(Nc3cnn4c3CNCC4)ncc2C12CC2,,6.5718652059712115,HC-40678296401d85a1b541c8cd,O=C1N(C2CCCC(O)C2)c2nc(Nc3cnn4c3CNCC4)ncc2C12CC2,O=C1N([C@@H]2CCC[C@@H](O)C2)c2nc(Nc3cnn4c3CNCC4)ncc2C12CC2,train,,1.5718652059712115,,37.31343283582092
[2H]C([2H])([2H])Oc1n[nH]cc1Nc1ncc2c(n1)N([C@@H]1CCC[C@@H](O)C1)C(=O)C21CC1,5.578396073130169,7.823908740944319,HC-8fb3de04c246252dfcc5f855,[H]C([H])([H])Oc1n[nH]cc1Nc1ncc2c(n1)N(C1CCCC(O)C1)C(=O)C21CC1,COc1n[nH]cc1Nc1ncc2c(n1)N([C@@H]1CCC[C@@H](O)C1)C(=O)C21CC1,train,2.2455126678141495,,175.99999999999986,
